<?xml version="1.0" encoding="UTF-8" standalone="yes" ?>


<bugzilla version="4.2.1"
          urlbase="https://bugs.eclipse.org/bugs/"
          
          maintainer="webmaster@eclipse.org"
>

    <bug>
          <bug_id>10383</bug_id>
          
          <creation_ts>2002-02-27 08:41:00 -0500</creation_ts>
          <short_desc>Help pass for 2.0</short_desc>
          <delta_ts>2002-05-31 17:48:25 -0400</delta_ts>
          <reporter_accessible>1</reporter_accessible>
          <cclist_accessible>1</cclist_accessible>
          <classification_id>2</classification_id>
          <classification>Eclipse</classification>
          <product>Platform</product>
          <component>Debug</component>
          <version>2.0</version>
          <rep_platform>PC</rep_platform>
          <op_sys>Windows 2000</op_sys>
          <bug_status>VERIFIED</bug_status>
          <resolution>FIXED</resolution>
          
          
          <bug_file_loc></bug_file_loc>
          <status_whiteboard></status_whiteboard>
          <keywords></keywords>
          <priority>P2</priority>
          <bug_severity>normal</bug_severity>
          <target_milestone>2.0 M6</target_milestone>
          
          
          <everconfirmed>1</everconfirmed>
          <reporter name="Darin Wright">darin.eclipse</reporter>
          <assigned_to name="Darin Wright">darin.eclipse</assigned_to>
          <cc>Darin_Swanson</cc>
          
          <votes>0</votes>

      

      

      

          <long_desc isprivate="0">
            <commentid>28565</commentid>
            <who name="Darin Wright">darin.eclipse</who>
            <bug_when>2002-02-27 08:41:38 -0500</bug_when>
            <thetext>the mechanisms to enable F1 are still the same as for 1.0. 

Things to do:
*	Currently all the debugger help support is in org.eclipse.jdt.doc.user.
	Given that the debugger is part of the platform we should split
	the doc accordingly into jdt.doc and platform.doc.
	This requires some shuffeling and before we do this I&apos;d like to have
	this confirmed by the arch team (will do so today).
	
*	Make a pass and check that the help context ids are properly
	set in the code and make sure that the contexts are properly
	linked (contexts_Debugger).</thetext>
          </long_desc>
          <long_desc isprivate="0">
            <commentid>29470</commentid>
            <who name="Darin Swanson">Darin_Swanson</who>
            <bug_when>2002-03-01 11:08:26 -0500</bug_when>
            <thetext>*** Bug 6562 has been marked as a duplicate of this bug. ***</thetext>
          </long_desc>
          <long_desc isprivate="0">
            <commentid>30172</commentid>
            <who name="Jared Burns">jared_burns</who>
            <bug_when>2002-03-05 10:08:51 -0500</bug_when>
            <thetext>From Bug 1668:
Make sure help information is added for the ExceptionBreakpoint filtering &quot;Add&quot;
option. The help should explain the form of a valid filter string.</thetext>
          </long_desc>
          <long_desc isprivate="0">
            <commentid>30281</commentid>
            <who name="Darin Swanson">Darin_Swanson</who>
            <bug_when>2002-03-05 12:31:29 -0500</bug_when>
            <thetext>Contributed actions should have their context ids set in the corresponding XML.</thetext>
          </long_desc>
          <long_desc isprivate="0">
            <commentid>44727</commentid>
            <who name="Darin Wright">darin.eclipse</who>
            <bug_when>2002-04-19 13:56:53 -0400</bug_when>
            <thetext>Must ensure we have help context IDs set in all required places. The actual 
documentation is not required for M6. Need to look at workbench and JUI as 
examples of where/how to put help context Ids.</thetext>
          </long_desc>
          <long_desc isprivate="0">
            <commentid>64912</commentid>
            <who name="Darin Wright">darin.eclipse</who>
            <bug_when>2002-05-31 17:48:17 -0400</bug_when>
            <thetext>Ids are in</thetext>
          </long_desc>
          <long_desc isprivate="0">
            <commentid>64913</commentid>
            <who name="Darin Wright">darin.eclipse</who>
            <bug_when>2002-05-31 17:48:25 -0400</bug_when>
            <thetext>Verified</thetext>
          </long_desc>
      
      

    </bug>

</bugzilla>