<?xml version="1.0" encoding="UTF-8" standalone="yes" ?>


<bugzilla version="4.2.1"
          urlbase="https://bugs.eclipse.org/bugs/"
          
          maintainer="webmaster@eclipse.org"
>

    <bug>
          <bug_id>10563</bug_id>
          
          <creation_ts>2002-03-01 04:56:00 -0500</creation_ts>
          <short_desc>API: promote the JavaElementSorter/Filters to API</short_desc>
          <delta_ts>2002-04-22 11:36:16 -0400</delta_ts>
          <reporter_accessible>1</reporter_accessible>
          <cclist_accessible>1</cclist_accessible>
          <classification_id>2</classification_id>
          <classification>Eclipse</classification>
          <product>JDT</product>
          <component>UI</component>
          <version>2.0</version>
          <rep_platform>PC</rep_platform>
          <op_sys>Windows 2000</op_sys>
          <bug_status>RESOLVED</bug_status>
          <resolution>FIXED</resolution>
          
          
          <bug_file_loc></bug_file_loc>
          <status_whiteboard></status_whiteboard>
          <keywords></keywords>
          <priority>P2</priority>
          <bug_severity>normal</bug_severity>
          <target_milestone>---</target_milestone>
          
          
          <everconfirmed>1</everconfirmed>
          <reporter name="Erich Gamma">erich_gamma</reporter>
          <assigned_to name="Martin Aeschlimann">martin_aeschlimann</assigned_to>
          
          
          <votes>0</votes>

      

      

      

          <long_desc isprivate="0">
            <commentid>29391</commentid>
            <who name="Erich Gamma">erich_gamma</who>
            <bug_when>2002-03-01 04:56:07 -0500</bug_when>
            <thetext>For 2.0 we should make the JavaElementSorter, MethodsViewerFilter API.</thetext>
          </long_desc>
          <long_desc isprivate="0">
            <commentid>29487</commentid>
            <who name="Dani Megert">daniel_megert</who>
            <bug_when>2002-03-01 11:43:34 -0500</bug_when>
            <thetext>Martin, along with the API please
- also make the MethodFilterAction reusable (currently EG and I copied it)
- rename the classes to Member*</thetext>
          </long_desc>
          <long_desc isprivate="0">
            <commentid>31700</commentid>
            <who name="Martin Aeschlimann">martin_aeschlimann</who>
            <bug_when>2002-03-11 11:02:56 -0500</bug_when>
            <thetext>sorter now in API package (&gt;20020307)
for the filters, after discussion with dirk, implemented 
MemberFilterActionGroup, that contains Action &amp; filter including wiring.
Changed Outline, Type hierarchy, Browsers and Package view to use the sction 
group. Planed to make this API.</thetext>
          </long_desc>
          <long_desc isprivate="0">
            <commentid>37410</commentid>
            <who name="Martin Aeschlimann">martin_aeschlimann</who>
            <bug_when>2002-03-29 11:04:05 -0500</bug_when>
            <thetext>moving to db to move the action group to the API packages if it follows the 
action group guidlines</thetext>
          </long_desc>
          <long_desc isprivate="0">
            <commentid>43572</commentid>
            <who name="Dirk Baeumer">dirk_baeumer</who>
            <bug_when>2002-04-17 11:07:10 -0400</bug_when>
            <thetext>Class doesn&apos;t conform to the class ActionGroup provided by the workbench. 
Please have a look at ActionGroup or at specific action groups in the 
org.eclipse.jdt.ui.actions package.</thetext>
          </long_desc>
          <long_desc isprivate="0">
            <commentid>45143</commentid>
            <who name="Martin Aeschlimann">martin_aeschlimann</who>
            <bug_when>2002-04-22 11:36:16 -0400</bug_when>
            <thetext>adapted &amp; moved to API &gt; 20020418</thetext>
          </long_desc>
      
      

    </bug>

</bugzilla>