<?xml version="1.0" encoding="UTF-8" standalone="yes" ?>


<bugzilla version="4.2.1"
          urlbase="https://bugs.eclipse.org/bugs/"
          
          maintainer="webmaster@eclipse.org"
>

    <bug>
          <bug_id>10314</bug_id>
          
          <creation_ts>2002-02-26 17:25:00 -0500</creation_ts>
          <short_desc>Autoconf: Problem in updating _LDADD Makefile.am variable</short_desc>
          <delta_ts>2009-01-09 14:10:24 -0500</delta_ts>
          <reporter_accessible>1</reporter_accessible>
          <cclist_accessible>1</cclist_accessible>
          <classification_id>4</classification_id>
          <classification>Tools</classification>
          <product>CDT</product>
          <component>cdt-other</component>
          <version>1.0</version>
          <rep_platform>Other</rep_platform>
          <op_sys>other</op_sys>
          <bug_status>CLOSED</bug_status>
          <resolution>FIXED</resolution>
          
          
          <bug_file_loc></bug_file_loc>
          <status_whiteboard></status_whiteboard>
          <keywords></keywords>
          <priority>P3</priority>
          <bug_severity>normal</bug_severity>
          <target_milestone>---</target_milestone>
          
          
          <everconfirmed>1</everconfirmed>
          <reporter name="Yasser Elmankabady">eyasser</reporter>
          <assigned_to name="Yasser Elmankabady">eyasser</assigned_to>
          
          
          <votes>0</votes>

      

      

      

          <long_desc isprivate="0">
            <commentid>28372</commentid>
            <who name="Yasser Elmankabady">eyasser</who>
            <bug_when>2002-02-26 17:25:54 -0500</bug_when>
            <thetext>The value of the _LDADD variable - if defined manually by the user - will be lost once autoupdate is executed on the Makefile.am that contains that variable.</thetext>
          </long_desc>
          <long_desc isprivate="0">
            <commentid>28873</commentid>
            <who name="Yasser Elmankabady">eyasser</who>
            <bug_when>2002-02-27 16:02:13 -0500</bug_when>
            <thetext>_LDADD now preserves manually added values entered by the user</thetext>
          </long_desc>
          <long_desc isprivate="0">
            <commentid>169250</commentid>
            <who name="Sebastien Marineau">sebastien</who>
            <bug_when>2003-06-25 19:13:48 -0400</bug_when>
            <thetext>Move to version 1</thetext>
          </long_desc>
      
      

    </bug>

</bugzilla>