<?xml version="1.0" encoding="UTF-8" standalone="yes" ?>


<bugzilla version="4.2.1"
          urlbase="https://bugs.eclipse.org/bugs/"
          
          maintainer="webmaster@eclipse.org"
>

    <bug>
          <bug_id>10221</bug_id>
          
          <creation_ts>2002-02-25 16:59:00 -0500</creation_ts>
          <short_desc>No variable name suggestion on array type</short_desc>
          <delta_ts>2002-02-25 17:00:20 -0500</delta_ts>
          <reporter_accessible>1</reporter_accessible>
          <cclist_accessible>1</cclist_accessible>
          <classification_id>2</classification_id>
          <classification>Eclipse</classification>
          <product>JDT</product>
          <component>Core</component>
          <version>2.0</version>
          <rep_platform>PC</rep_platform>
          <op_sys>Windows 2000</op_sys>
          <bug_status>RESOLVED</bug_status>
          <resolution>FIXED</resolution>
          
          
          <bug_file_loc></bug_file_loc>
          <status_whiteboard></status_whiteboard>
          <keywords></keywords>
          <priority>P3</priority>
          <bug_severity>normal</bug_severity>
          <target_milestone>2.0 M4</target_milestone>
          
          
          <everconfirmed>1</everconfirmed>
          <reporter name="Philippe Mulet">philippe_mulet</reporter>
          <assigned_to name="Philippe Mulet">philippe_mulet</assigned_to>
          
          
          <votes>0</votes>

      

      

      

          <long_desc isprivate="0">
            <commentid>27939</commentid>
            <who name="Philippe Mulet">philippe_mulet</who>
            <bug_when>2002-02-25 16:59:46 -0500</bug_when>
            <thetext>Build 20020214

No variable completion is available for:

class X {
  Object[] &lt;|&gt;

where &apos;objects&apos; should be proposed.</thetext>
          </long_desc>
          <long_desc isprivate="0">
            <commentid>27940</commentid>
            <who name="Philippe Mulet">philippe_mulet</who>
            <bug_when>2002-02-25 17:00:20 -0500</bug_when>
            <thetext>Fixed, and tests got added</thetext>
          </long_desc>
      
      

    </bug>

</bugzilla>