<?xml version="1.0" encoding="UTF-8" standalone="yes" ?>


<bugzilla version="4.2.1"
          urlbase="https://bugs.eclipse.org/bugs/"
          
          maintainer="webmaster@eclipse.org"
>

    <bug>
          <bug_id>10125</bug_id>
          
          <creation_ts>2002-02-22 18:53:00 -0500</creation_ts>
          <short_desc>DocumentProvider not called for user-assigned editors</short_desc>
          <delta_ts>2002-07-01 19:17:29 -0400</delta_ts>
          <reporter_accessible>1</reporter_accessible>
          <cclist_accessible>1</cclist_accessible>
          <classification_id>2</classification_id>
          <classification>Eclipse</classification>
          <product>Platform</product>
          <component>UI</component>
          <version>2.0</version>
          <rep_platform>PC</rep_platform>
          <op_sys>Windows 2000</op_sys>
          <bug_status>RESOLVED</bug_status>
          <resolution>FIXED</resolution>
          
          
          <bug_file_loc></bug_file_loc>
          <status_whiteboard></status_whiteboard>
          <keywords></keywords>
          <priority>P3</priority>
          <bug_severity>normal</bug_severity>
          <target_milestone>---</target_milestone>
          
          
          <everconfirmed>1</everconfirmed>
          <reporter name="Bob Foster">bob</reporter>
          <assigned_to name="Kai-Uwe Maetzel">kai-uwe_maetzel</assigned_to>
          
          
          <votes>0</votes>

      

      

      

          <long_desc isprivate="0">
            <commentid>27719</commentid>
            <who name="Bob Foster">bob</who>
            <bug_when>2002-02-22 18:53:06 -0500</bug_when>
            <thetext>When the user selects a file extension in Workbench/Preferences/Workbench/File 
Editors and assigns it to a plugin that doesn&apos;t name that extension in its 
org.eclipse.ui.documentProviders extension point, the document provider is not 
called.

The bug affects the built-in Java editor and any other editor that depends on 
its document provider being called.

To reproduce:
1. Use preferences to add a new extension, e.g., &quot;.wava&quot; and assign the Java 
editor as default editor.
2. Open a document, e.g., &quot;foo.wava&quot;.
3. Note that syntax coloring doesn&apos;t work.</thetext>
          </long_desc>
          <long_desc isprivate="0">
            <commentid>27740</commentid>
            <who name="DJ Houghton">dj_houghton</who>
            <bug_when>2002-02-23 10:01:05 -0500</bug_when>
            <thetext>Moving to Platform/UI for comment.</thetext>
          </long_desc>
          <long_desc isprivate="0">
            <commentid>68909</commentid>
            <who name="Kai-Uwe Maetzel">kai-uwe_maetzel</who>
            <bug_when>2002-06-05 14:10:53 -0400</bug_when>
            <thetext>Works with latest. Potential problems covered by #19075.
</thetext>
          </long_desc>
          <long_desc isprivate="0">
            <commentid>78437</commentid>
            <who name="Bob Foster">bob</who>
            <bug_when>2002-07-01 19:17:29 -0400</bug_when>
            <thetext>Are you sure this is fixed? I just did essentially the same test and got some
odd behavior.

1. Create a new file junk.wava.
2. In prefs add a file association .wava with Java editor.
3. Close prefs. Note junk.wava icon has not changed. Editor still open.
4. Close editor and reopen with double-click. Icon still not changed, syntax
coloring and indentation show clearly this is not Java editor.
5. Create a new class, junk.java. Copy and paste its contents into junk.wava.
6. Behold, junk.wava&apos;s icon changes. Syntax coloring and indentation show this
is now the Java editor.

This is sorta fixed, at best, and this is the Java editor, which from the bug
comments got special-case code. To be fixed, I need this to work properly for my
plugin. ;-}</thetext>
          </long_desc>
      
      

    </bug>

</bugzilla>