<?xml version="1.0" encoding="UTF-8" standalone="yes" ?>


<bugzilla version="4.2.1"
          urlbase="https://bugs.eclipse.org/bugs/"
          
          maintainer="webmaster@eclipse.org"
>

    <bug>
          <bug_id>10160</bug_id>
          
          <creation_ts>2002-02-25 09:28:00 -0500</creation_ts>
          <short_desc>Allow trailing whitespace to be optionally retained</short_desc>
          <delta_ts>2009-08-30 02:15:15 -0400</delta_ts>
          <reporter_accessible>1</reporter_accessible>
          <cclist_accessible>1</cclist_accessible>
          <classification_id>2</classification_id>
          <classification>Eclipse</classification>
          <product>JDT</product>
          <component>Core</component>
          <version>2.0</version>
          <rep_platform>All</rep_platform>
          <op_sys>All</op_sys>
          <bug_status>RESOLVED</bug_status>
          <resolution>WONTFIX</resolution>
          
          
          <bug_file_loc></bug_file_loc>
          <status_whiteboard></status_whiteboard>
          <keywords></keywords>
          <priority>P3</priority>
          <bug_severity>enhancement</bug_severity>
          <target_milestone>---</target_milestone>
          
          
          <everconfirmed>1</everconfirmed>
          <reporter name="Oliver Galloway-Lunn">olivergl_uk</reporter>
          <assigned_to name="JDT-Core-Inbox">jdt-core-inbox</assigned_to>
          
          
          <votes>0</votes>

      

      

      

          <long_desc isprivate="0">
            <commentid>27785</commentid>
            <who name="Oliver Galloway-Lunn">olivergl_uk</who>
            <bug_when>2002-02-25 09:28:25 -0500</bug_when>
            <thetext>I would like to request an editor or formatter option (whichever better fits 
the Eclipse architecture) to keep leading whitespace on lines that contain no 
code but are used to add space for easier code traversal.  The code formatter 
currently deletes any trailing whitespace at the end of lines but this also 
deletes spaces or tabs on lines without code.  I would prefer an option that 
lets me select whether the removal of trailing whitespace should be applied to 
either (a) all lines, or (b) only lines with non-whitespace, or (c) no lines.</thetext>
          </long_desc>
          <long_desc isprivate="0">
            <commentid>28965</commentid>
            <who name="Erich Gamma">erich_gamma</who>
            <bug_when>2002-02-27 18:52:50 -0500</bug_when>
            <thetext>The formatter is contributed by JDT-CORE moving</thetext>
          </long_desc>
          <long_desc isprivate="0">
            <commentid>29034</commentid>
            <who name="Philippe Mulet">philippe_mulet</who>
            <bug_when>2002-02-28 06:25:26 -0500</bug_when>
            <thetext>Nice addition, will consider post 2.0</thetext>
          </long_desc>
          <long_desc isprivate="0">
            <commentid>81970</commentid>
            <who name="Philippe Mulet">philippe_mulet</who>
            <bug_when>2002-07-25 06:41:42 -0400</bug_when>
            <thetext>Reopening</thetext>
          </long_desc>
          <long_desc isprivate="0">
            <commentid>118815</commentid>
            <who name="Olivier Thomann">Olivier_Thomann</who>
            <bug_when>2003-01-15 13:22:50 -0500</bug_when>
            <thetext>We need to clear 2.1 bug reports that won&apos;t be addressed before 2.1. The new 
implementation is still in the works. Therefore we cannot include it for 2.1. 
Not enough testing and we need to polish the preferences. This will be address 
for 2.2 as stated in the JDT/Core plan.</thetext>
          </long_desc>
          <long_desc isprivate="0">
            <commentid>226872</commentid>
            <who name="Olivier Thomann">Olivier_Thomann</who>
            <bug_when>2004-02-13 09:28:35 -0500</bug_when>
            <thetext>For now there is no plan to add such an option.</thetext>
          </long_desc>
          <long_desc isprivate="0">
            <commentid>1583376</commentid>
            <who name="Denis Roy">denis.roy</who>
            <bug_when>2009-08-30 02:15:15 -0400</bug_when>
            <thetext>As of now &apos;LATER&apos; and &apos;REMIND&apos; resolutions are no longer supported.
Please reopen this bug if it is still valid for you.</thetext>
          </long_desc>
      
      

    </bug>

</bugzilla>