<?xml version="1.0" encoding="UTF-8" standalone="yes" ?>


<bugzilla version="4.2.1"
          urlbase="https://bugs.eclipse.org/bugs/"
          
          maintainer="webmaster@eclipse.org"
>

    <bug>
          <bug_id>10415</bug_id>
          
          <creation_ts>2002-02-27 14:07:00 -0500</creation_ts>
          <short_desc>Remove &quot;Delete&quot;</short_desc>
          <delta_ts>2002-02-27 14:16:01 -0500</delta_ts>
          <reporter_accessible>1</reporter_accessible>
          <cclist_accessible>1</cclist_accessible>
          <classification_id>2</classification_id>
          <classification>Eclipse</classification>
          <product>Platform</product>
          <component>Team</component>
          <version>2.0</version>
          <rep_platform>PC</rep_platform>
          <op_sys>All</op_sys>
          <bug_status>RESOLVED</bug_status>
          <resolution>FIXED</resolution>
          
          
          <bug_file_loc></bug_file_loc>
          <status_whiteboard></status_whiteboard>
          <keywords></keywords>
          <priority>P3</priority>
          <bug_severity>normal</bug_severity>
          <target_milestone>2.0 M4</target_milestone>
          
          
          <everconfirmed>1</everconfirmed>
          <reporter name="Kevin McGuire">Kevin_McGuire</reporter>
          <assigned_to name="James Moody">James_Moody</assigned_to>
          
          
          <votes>0</votes>

      

      

      

          <long_desc isprivate="0">
            <commentid>28813</commentid>
            <who name="Kevin McGuire">Kevin_McGuire</who>
            <bug_when>2002-02-27 14:07:25 -0500</bug_when>
            <thetext>Its confusing, and we&apos;ll come up with better workflow.</thetext>
          </long_desc>
          <long_desc isprivate="0">
            <commentid>28822</commentid>
            <who name="James Moody">James_Moody</who>
            <bug_when>2002-02-27 14:16:01 -0500</bug_when>
            <thetext>Fixed. I left the action class in so we can use it later if we need it. I just
removed the XML declaration.</thetext>
          </long_desc>
      
      

    </bug>

</bugzilla>