<?xml version="1.0" encoding="UTF-8" standalone="yes" ?>


<bugzilla version="4.2.1"
          urlbase="https://bugs.eclipse.org/bugs/"
          
          maintainer="webmaster@eclipse.org"
>

    <bug>
          <bug_id>10574</bug_id>
          
          <creation_ts>2002-03-01 08:48:00 -0500</creation_ts>
          <short_desc>Reconciler configures multiple versions of same feature</short_desc>
          <delta_ts>2002-04-05 10:50:39 -0500</delta_ts>
          <reporter_accessible>1</reporter_accessible>
          <cclist_accessible>1</cclist_accessible>
          <classification_id>2</classification_id>
          <classification>Eclipse</classification>
          <product>Platform</product>
          <component>Update  (deprecated - use RT&gt;Equinox&gt;p2)</component>
          <version>2.0</version>
          <rep_platform>PC</rep_platform>
          <op_sys>Windows 2000</op_sys>
          <bug_status>RESOLVED</bug_status>
          <resolution>FIXED</resolution>
          
          
          <bug_file_loc></bug_file_loc>
          <status_whiteboard></status_whiteboard>
          <keywords></keywords>
          <priority>P3</priority>
          <bug_severity>normal</bug_severity>
          <target_milestone>2.0 M5</target_milestone>
          
          
          <everconfirmed>1</everconfirmed>
          <reporter name="Vlad Klicnik">klicnik</reporter>
          <assigned_to name="Christophe Elek">celek</assigned_to>
          
          
          <votes>0</votes>

      

      

      

          <long_desc isprivate="0">
            <commentid>29418</commentid>
            <who name="Vlad Klicnik">klicnik</who>
            <bug_when>2002-03-01 08:48:00 -0500</bug_when>
            <thetext>20020226 Win2K

I dropped 2 versions of the same feature into install/features/ and start 
Eclipse/ Update Manager. Both versions show as configured. Only one (latest 
version) shoulod be configured.</thetext>
          </long_desc>
          <long_desc isprivate="0">
            <commentid>38572</commentid>
            <who name="Christophe Elek">celek</who>
            <bug_when>2002-04-04 09:05:14 -0500</bug_when>
            <thetext>Verify and fix</thetext>
          </long_desc>
          <long_desc isprivate="0">
            <commentid>38989</commentid>
            <who name="Christophe Elek">celek</who>
            <bug_when>2002-04-05 10:50:39 -0500</bug_when>
            <thetext>Fixed, verify with M5 driver too</thetext>
          </long_desc>
      
      

    </bug>

</bugzilla>