<?xml version="1.0" encoding="UTF-8" standalone="yes" ?>


<bugzilla version="4.2.1"
          urlbase="https://bugs.eclipse.org/bugs/"
          
          maintainer="webmaster@eclipse.org"
>

    <bug>
          <bug_id>10439</bug_id>
          
          <creation_ts>2002-02-27 16:37:00 -0500</creation_ts>
          <short_desc>launch configuration tab extension point should allow comma separated list</short_desc>
          <delta_ts>2002-03-08 20:23:05 -0500</delta_ts>
          <reporter_accessible>1</reporter_accessible>
          <cclist_accessible>1</cclist_accessible>
          <classification_id>2</classification_id>
          <classification>Eclipse</classification>
          <product>JDT</product>
          <component>Debug</component>
          <version>2.0</version>
          <rep_platform>Other</rep_platform>
          <op_sys>other</op_sys>
          <bug_status>RESOLVED</bug_status>
          <resolution>WONTFIX</resolution>
          
          
          <bug_file_loc></bug_file_loc>
          <status_whiteboard></status_whiteboard>
          <keywords></keywords>
          <priority>P2</priority>
          <bug_severity>normal</bug_severity>
          <target_milestone>2.0 M6</target_milestone>
          
          
          <everconfirmed>1</everconfirmed>
          <reporter name="Joe Szurszewski">eclipse</reporter>
          <assigned_to name="Darin Wright">darin.eclipse</assigned_to>
          
          
          <votes>0</votes>

      

      

      

          <long_desc isprivate="0">
            <commentid>28888</commentid>
            <who name="Joe Szurszewski">eclipse</who>
            <bug_when>2002-02-27 16:37:13 -0500</bug_when>
            <thetext>The launch configuration tab extension point right now only supports a single launch 
configuration type or no type.  It should support a comma separated list of types.</thetext>
          </long_desc>
          <long_desc isprivate="0">
            <commentid>31476</commentid>
            <who name="Darin Wright">darin.eclipse</who>
            <bug_when>2002-03-08 20:23:05 -0500</bug_when>
            <thetext>Closed. This is the way most tabs are used - i.e. general (all) or specific. It 
is fine for a new config type to re-use an existing page - but it is unlikely a 
config will know about all pages where it could be used (in advance).

Will update doc to specify single tab or all.</thetext>
          </long_desc>
      
      

    </bug>

</bugzilla>