<?xml version="1.0" encoding="UTF-8" standalone="yes" ?>


<bugzilla version="4.2.1"
          urlbase="https://bugs.eclipse.org/bugs/"
          
          maintainer="webmaster@eclipse.org"
>

    <bug>
          <bug_id>10205</bug_id>
          
          <creation_ts>2002-02-25 15:45:00 -0500</creation_ts>
          <short_desc>messages.properties should be internal</short_desc>
          <delta_ts>2002-03-25 21:38:25 -0500</delta_ts>
          <reporter_accessible>1</reporter_accessible>
          <cclist_accessible>1</cclist_accessible>
          <classification_id>2</classification_id>
          <classification>Eclipse</classification>
          <product>Platform</product>
          <component>UI</component>
          <version>2.0</version>
          <rep_platform>PC</rep_platform>
          <op_sys>Windows 2000</op_sys>
          <bug_status>RESOLVED</bug_status>
          <resolution>FIXED</resolution>
          
          
          <bug_file_loc></bug_file_loc>
          <status_whiteboard></status_whiteboard>
          <keywords></keywords>
          <priority>P3</priority>
          <bug_severity>normal</bug_severity>
          <target_milestone>---</target_milestone>
          
          
          <everconfirmed>1</everconfirmed>
          <reporter name="Tod Creasey">Tod_Creasey</reporter>
          <assigned_to name="Nick Edgar">nick_edgar</assigned_to>
          <cc>nick_edgar</cc>
          
          <votes>0</votes>

      

      

      

          <long_desc isprivate="0">
            <commentid>27901</commentid>
            <who name="Tod Creasey">Tod_Creasey</who>
            <bug_when>2002-02-25 15:45:12 -0500</bug_when>
            <thetext>The messages.properties file used by org.eclipse.ui.internal.WorkbenchMessages 
is in the org.eclipse.ui package which would leave people to believe that they 
should be able to access it. It should be moved to org.eclipse.ui.internal.</thetext>
          </long_desc>
          <long_desc isprivate="0">
            <commentid>36348</commentid>
            <who name="Nick Edgar">nick_edgar</who>
            <bug_when>2002-03-25 21:38:25 -0500</bug_when>
            <thetext>This was fixed a few weeks ago.</thetext>
          </long_desc>
      
      

    </bug>

</bugzilla>