<?xml version="1.0" encoding="UTF-8" standalone="yes" ?>


<bugzilla version="4.2.1"
          urlbase="https://bugs.eclipse.org/bugs/"
          
          maintainer="webmaster@eclipse.org"
>

    <bug>
          <bug_id>10403</bug_id>
          
          <creation_ts>2002-02-27 12:29:00 -0500</creation_ts>
          <short_desc>Project creation should confirm the bin directory can be scrubbed</short_desc>
          <delta_ts>2002-03-29 06:11:02 -0500</delta_ts>
          <reporter_accessible>1</reporter_accessible>
          <cclist_accessible>1</cclist_accessible>
          <classification_id>2</classification_id>
          <classification>Eclipse</classification>
          <product>JDT</product>
          <component>UI</component>
          <version>2.0</version>
          <rep_platform>All</rep_platform>
          <op_sys>All</op_sys>
          <bug_status>RESOLVED</bug_status>
          <resolution>FIXED</resolution>
          
          
          <bug_file_loc></bug_file_loc>
          <status_whiteboard></status_whiteboard>
          <keywords></keywords>
          <priority>P2</priority>
          <bug_severity>normal</bug_severity>
          <target_milestone>---</target_milestone>
          
          
          <everconfirmed>1</everconfirmed>
          <reporter name="Kent Johnson">kent_johnson</reporter>
          <assigned_to name="Martin Aeschlimann">martin_aeschlimann</assigned_to>
          
          
          <votes>0</votes>

      

      

      

          <long_desc isprivate="0">
            <commentid>28763</commentid>
            <who name="Kent Johnson">kent_johnson</who>
            <bug_when>2002-02-27 12:29:26 -0500</bug_when>
            <thetext>When a user creates a new project for an existing directory structure, we 
should confirm that the output directory can be deleted then rebuilt.

Some users are creating projects &amp; pointing the output folder at a bin 
directory which contains more than just .class files which can be rebuilt from 
the available .java files.</thetext>
          </long_desc>
          <long_desc isprivate="0">
            <commentid>30269</commentid>
            <who name="Martin Aeschlimann">martin_aeschlimann</who>
            <bug_when>2002-03-05 11:54:27 -0500</bug_when>
            <thetext>I think this should be in JavaConventions.validateClasspath</thetext>
          </long_desc>
          <long_desc isprivate="0">
            <commentid>30279</commentid>
            <who name="Philippe Mulet">philippe_mulet</who>
            <bug_when>2002-03-05 12:30:36 -0500</bug_when>
            <thetext>No, jdt.core cannot ask any user confirmation.</thetext>
          </long_desc>
          <long_desc isprivate="0">
            <commentid>31236</commentid>
            <who name="Erich Gamma">erich_gamma</who>
            <bug_when>2002-03-08 06:55:45 -0500</bug_when>
            <thetext>agreed, that core cannot do the UI, it could return a status that the bin 
folder isn&apos;t empty. However, it might be easer for to do this check in the UI 
since the wizard knows when the bin folder has changed.</thetext>
          </long_desc>
          <long_desc isprivate="0">
            <commentid>31265</commentid>
            <who name="Martin Aeschlimann">martin_aeschlimann</who>
            <bug_when>2002-03-08 09:05:04 -0500</bug_when>
            <thetext>ok, sorry, I read the PR too fast. I thought the PR was about preventing the 
user from setting the bin folder to a dir that contains read-only files. (Say 
the outputfolder can&apos;t be deleted)

</thetext>
          </long_desc>
          <long_desc isprivate="0">
            <commentid>37381</commentid>
            <who name="Martin Aeschlimann">martin_aeschlimann</who>
            <bug_when>2002-03-29 06:11:02 -0500</bug_when>
            <thetext>fixed &gt; 20020328
A warning is now shown if the outputfolder is changed to a non-empty folder.</thetext>
          </long_desc>
      
      

    </bug>

</bugzilla>