<?xml version="1.0" encoding="UTF-8" standalone="yes" ?>


<bugzilla version="4.2.1"
          urlbase="https://bugs.eclipse.org/bugs/"
          
          maintainer="webmaster@eclipse.org"
>

    <bug>
          <bug_id>10245</bug_id>
          
          <creation_ts>2002-02-26 07:21:00 -0500</creation_ts>
          <short_desc>Cannot extract method if message send is used on lhs of assignment</short_desc>
          <delta_ts>2002-05-03 09:10:11 -0400</delta_ts>
          <reporter_accessible>1</reporter_accessible>
          <cclist_accessible>1</cclist_accessible>
          <classification_id>2</classification_id>
          <classification>Eclipse</classification>
          <product>JDT</product>
          <component>UI</component>
          <version>2.0</version>
          <rep_platform>PC</rep_platform>
          <op_sys>Windows 2000</op_sys>
          <bug_status>RESOLVED</bug_status>
          <resolution>FIXED</resolution>
          
          
          <bug_file_loc></bug_file_loc>
          <status_whiteboard></status_whiteboard>
          <keywords></keywords>
          <priority>P3</priority>
          <bug_severity>normal</bug_severity>
          <target_milestone>2.0 M6</target_milestone>
          <dependson>14217</dependson>
          
          <everconfirmed>1</everconfirmed>
          <reporter name="Jerome Lanneluc">jerome_lanneluc</reporter>
          <assigned_to name="Dirk Baeumer">dirk_baeumer</assigned_to>
          
          
          <votes>0</votes>

      

      

      

          <long_desc isprivate="0">
            <commentid>28006</commentid>
            <who name="Jerome Lanneluc">jerome_lanneluc</who>
            <bug_when>2002-02-26 07:21:48 -0500</bug_when>
            <thetext>Build 20020214

In the following method:
public void restore() throws JavaModelException {
	if (!isDestroyed) {
		CompilationUnit original = (CompilationUnit) getOriginalElement
();
		getBuffer().setContents(original.getContents());

		long timeStamp =
			((IFile) original.getUnderlyingResource
()).getModificationStamp();
		if (timeStamp == IResource.NULL_STAMP) {
			throw new JavaModelException(
				new JavaModelStatus
(IJavaModelStatusConstants.INVALID_RESOURCE));
		}
		((CompilationUnitElementInfo) getElementInfo()).fTimestamp = 
timeStamp;
		makeConsistent(null);
	}
}

I selected the code snippet from &apos;long timeStamp &apos; to &apos;.fTimestamp = timeStamp;&apos;
and I chose extract method.

I got a dialog saying that the selected statements do not belong to the same 
category. Why this restriction?</thetext>
          </long_desc>
          <long_desc isprivate="0">
            <commentid>28778</commentid>
            <who name="Adam Kiezun">akiezun</who>
            <bug_when>2002-02-27 13:06:32 -0500</bug_when>
            <thetext>in fact, the problem is different - modified summary

this fails:
public class A {
	A f;
	public A a() {
		/*[*/int y= 0;	
		a().f= a();/*[*/
		return null;
	}
}


as well as this:
public class A {
	A f;
	public A a() {
		/*[*/a().f= a();/*[*/
		return null;
	}
}
</thetext>
          </long_desc>
          <long_desc isprivate="0">
            <commentid>31718</commentid>
            <who name="Dirk Baeumer">dirk_baeumer</who>
            <bug_when>2002-03-11 11:18:49 -0500</bug_when>
            <thetext>The problem is a wrong position in the field reference (doesn&apos;t include the 
method invocation). Waiting for JCore to fix this.</thetext>
          </long_desc>
          <long_desc isprivate="0">
            <commentid>49518</commentid>
            <who name="Dirk Baeumer">dirk_baeumer</who>
            <bug_when>2002-05-03 09:10:11 -0400</bug_when>
            <thetext>Got fixed by JDT/Core.</thetext>
          </long_desc>
      
      

    </bug>

</bugzilla>