<?xml version="1.0" encoding="UTF-8" standalone="yes" ?>


<bugzilla version="4.2.1"
          urlbase="https://bugs.eclipse.org/bugs/"
          
          maintainer="webmaster@eclipse.org"
>

    <bug>
          <bug_id>10300</bug_id>
          
          <creation_ts>2002-02-26 14:45:00 -0500</creation_ts>
          <short_desc>Console perspective</short_desc>
          <delta_ts>2003-05-12 15:09:37 -0400</delta_ts>
          <reporter_accessible>1</reporter_accessible>
          <cclist_accessible>1</cclist_accessible>
          <classification_id>2</classification_id>
          <classification>Eclipse</classification>
          <product>Platform</product>
          <component>Debug</component>
          <version>2.0</version>
          <rep_platform>PC</rep_platform>
          <op_sys>Windows 2000</op_sys>
          <bug_status>RESOLVED</bug_status>
          <resolution>WONTFIX</resolution>
          
          
          <bug_file_loc></bug_file_loc>
          <status_whiteboard></status_whiteboard>
          <keywords></keywords>
          <priority>P3</priority>
          <bug_severity>enhancement</bug_severity>
          <target_milestone>---</target_milestone>
          
          
          <everconfirmed>1</everconfirmed>
          <reporter name="Darin Wright">darin.eclipse</reporter>
          <assigned_to name="Darin Wright">darin.eclipse</assigned_to>
          
          
          <votes>0</votes>

      

      

      

          <long_desc isprivate="0">
            <commentid>28253</commentid>
            <who name="Darin Wright">darin.eclipse</who>
            <bug_when>2002-02-26 14:45:50 -0500</bug_when>
            <thetext>Users have suggested a console perspective could be created, rather than having 
the console appear in the debug perspective, and auto-appear in other 
perspectives.</thetext>
          </long_desc>
          <long_desc isprivate="0">
            <commentid>28254</commentid>
            <who name="Darin Wright">darin.eclipse</who>
            <bug_when>2002-02-26 14:46:04 -0500</bug_when>
            <thetext>Deferred</thetext>
          </long_desc>
          <long_desc isprivate="0">
            <commentid>160300</commentid>
            <who name="Darin Wright">darin.eclipse</who>
            <bug_when>2003-05-12 15:09:25 -0400</bug_when>
            <thetext>Closing</thetext>
          </long_desc>
          <long_desc isprivate="0">
            <commentid>160301</commentid>
            <who name="Darin Wright">darin.eclipse</who>
            <bug_when>2003-05-12 15:09:37 -0400</bug_when>
            <thetext>wont fix</thetext>
          </long_desc>
      
      

    </bug>

</bugzilla>