<?xml version="1.0" encoding="UTF-8" standalone="yes" ?>


<bugzilla version="4.2.1"
          urlbase="https://bugs.eclipse.org/bugs/"
          
          maintainer="webmaster@eclipse.org"
>

    <bug>
          <bug_id>10621</bug_id>
          
          <creation_ts>2002-03-01 16:46:00 -0500</creation_ts>
          <short_desc>Convert Java to Plug-in Projects: should not attempt to convert a plug-in</short_desc>
          <delta_ts>2002-03-18 09:52:27 -0500</delta_ts>
          <reporter_accessible>1</reporter_accessible>
          <cclist_accessible>1</cclist_accessible>
          <classification_id>2</classification_id>
          <classification>Eclipse</classification>
          <product>PDE</product>
          <component>UI</component>
          <version>2.0</version>
          <rep_platform>All</rep_platform>
          <op_sys>All</op_sys>
          <bug_status>RESOLVED</bug_status>
          <resolution>FIXED</resolution>
          
          
          <bug_file_loc></bug_file_loc>
          <status_whiteboard></status_whiteboard>
          <keywords></keywords>
          <priority>P3</priority>
          <bug_severity>enhancement</bug_severity>
          <target_milestone>---</target_milestone>
          
          
          <everconfirmed>1</everconfirmed>
          <reporter name="Tom Roche">tlroche</reporter>
          <assigned_to name="Dejan Glozic">dejan</assigned_to>
          
          
          <votes>0</votes>

      

      

      

          <long_desc isprivate="0">
            <commentid>29569</commentid>
            <who name="Tom Roche">tlroche</who>
            <bug_when>2002-03-01 16:46:23 -0500</bug_when>
            <thetext>IMHO if the Convert Java to Plug-in Projects wizard is invoked on a
project that is already a plugin, the wizard should do nothing (except
perhaps display an error to the user).

Unfortunately at present this wizard will attempt to convert projects
NOT selected by the user (see bug 10609), but that&apos;s another issue.

TIA, Tom Roche &lt;tlroche@us.ibm.com&gt;</thetext>
          </long_desc>
          <long_desc isprivate="0">
            <commentid>33412</commentid>
            <who name="Dejan Glozic">dejan</who>
            <bug_when>2002-03-18 09:52:27 -0500</bug_when>
            <thetext>This has been fixed now.</thetext>
          </long_desc>
      
      

    </bug>

</bugzilla>