<?xml version="1.0" encoding="UTF-8" standalone="yes" ?>


<bugzilla version="4.2.1"
          urlbase="https://bugs.eclipse.org/bugs/"
          
          maintainer="webmaster@eclipse.org"
>

    <bug>
          <bug_id>10037</bug_id>
          
          <creation_ts>2002-02-21 05:00:00 -0500</creation_ts>
          <short_desc>Windows initially have zero height in Enlightenment</short_desc>
          <delta_ts>2002-02-27 13:14:32 -0500</delta_ts>
          <reporter_accessible>1</reporter_accessible>
          <cclist_accessible>1</cclist_accessible>
          <classification_id>2</classification_id>
          <classification>Eclipse</classification>
          <product>Platform</product>
          <component>SWT</component>
          <version>1.0</version>
          <rep_platform>PC</rep_platform>
          <op_sys>Linux-Motif</op_sys>
          <bug_status>RESOLVED</bug_status>
          <resolution>DUPLICATE</resolution>
          <dup_id>8510</dup_id>
          
          <bug_file_loc></bug_file_loc>
          <status_whiteboard></status_whiteboard>
          <keywords></keywords>
          <priority>P3</priority>
          <bug_severity>major</bug_severity>
          <target_milestone>---</target_milestone>
          
          
          <everconfirmed>1</everconfirmed>
          <reporter name="Stacy Curl">stacycurl</reporter>
          <assigned_to name="Grant Gayed">grant_gayed</assigned_to>
          
          
          <votes>0</votes>

      

      

      

          <long_desc isprivate="0">
            <commentid>27557</commentid>
            <who name="Stacy Curl">stacycurl</who>
            <bug_when>2002-02-21 05:00:02 -0500</bug_when>
            <thetext>When using Eclipse with the Enlightenment window manager there are severe usability problems: 
Newly created windows often have zero-height.

This problem may apply to other window 
managers, but does not seem to be an Enlightenment problem (numerous other apps work ok in 
Enlightenment).

Version of Eclipse used: Nightly build [2002 15 Feb].
Version of 
Enlightenment: 0.16.5</thetext>
          </long_desc>
          <long_desc isprivate="0">
            <commentid>28616</commentid>
            <who name="Kevin Haaland">Kevin_Haaland</who>
            <bug_when>2002-02-27 09:50:27 -0500</bug_when>
            <thetext>Moving to SWT for initial investigation</thetext>
          </long_desc>
          <long_desc isprivate="0">
            <commentid>28785</commentid>
            <who name="Grant Gayed">grant_gayed</who>
            <bug_when>2002-02-27 13:14:32 -0500</bug_when>
            <thetext>

*** This bug has been marked as a duplicate of 8510 ***</thetext>
          </long_desc>
      
      

    </bug>

</bugzilla>