<?xml version="1.0" encoding="UTF-8" standalone="yes" ?>


<bugzilla version="4.2.1"
          urlbase="https://bugs.eclipse.org/bugs/"
          
          maintainer="webmaster@eclipse.org"
>

    <bug>
          <bug_id>10038</bug_id>
          
          <creation_ts>2002-02-21 05:13:00 -0500</creation_ts>
          <short_desc>Export of resources does not work</short_desc>
          <delta_ts>2002-03-13 07:30:17 -0500</delta_ts>
          <reporter_accessible>1</reporter_accessible>
          <cclist_accessible>1</cclist_accessible>
          <classification_id>2</classification_id>
          <classification>Eclipse</classification>
          <product>Platform</product>
          <component>Resources</component>
          <version>2.0</version>
          <rep_platform>PC</rep_platform>
          <op_sys>Windows NT</op_sys>
          <bug_status>RESOLVED</bug_status>
          <resolution>FIXED</resolution>
          
          
          <bug_file_loc></bug_file_loc>
          <status_whiteboard></status_whiteboard>
          <keywords></keywords>
          <priority>P3</priority>
          <bug_severity>critical</bug_severity>
          <target_milestone>2.0 M4</target_milestone>
          
          
          <everconfirmed>1</everconfirmed>
          <reporter name="Mirko Novakovic">mirko.novakovic2</reporter>
          <assigned_to name="DJ Houghton">dj_houghton</assigned_to>
          
          
          <votes>0</votes>

      

      

      

          <long_desc isprivate="0">
            <commentid>27558</commentid>
            <who name="Mirko Novakovic">mirko.novakovic2</who>
            <bug_when>2002-02-21 05:13:45 -0500</bug_when>
            <thetext>Export of resources works fine, when the folder name in which the resources are 
placed, is a valid Java identifier. If you name for example a folder META-INF 
(which is typical for .jar files) and you place a EJB deployment descriptor 
named ejb-jar.xml in it and you want to export the project as a .jar file, the 
ejb-jar.xml is checked but is not exported. If I name the folder to METAINF, it 
is exported. 

Mirko Novakovic
EDS E Solutions, Germany</thetext>
          </long_desc>
          <long_desc isprivate="0">
            <commentid>27677</commentid>
            <who name="DJ Houghton">dj_houghton</who>
            <bug_when>2002-02-22 12:22:15 -0500</bug_when>
            <thetext>Just to clarify, if you export to a folder named METAINF it is ok but if you 
export to a folder named META-INF then it doesn&apos;t work?

Do you get any error messages? Anything in the log file?
Which build are you using?
</thetext>
          </long_desc>
          <long_desc isprivate="0">
            <commentid>32086</commentid>
            <who name="DJ Houghton">dj_houghton</who>
            <bug_when>2002-03-12 11:22:54 -0500</bug_when>
            <thetext>Please annotate bug report with more info.</thetext>
          </long_desc>
          <long_desc isprivate="0">
            <commentid>32259</commentid>
            <who name="Mirko Novakovic">mirko.novakovic2</who>
            <bug_when>2002-03-13 02:51:13 -0500</bug_when>
            <thetext>The problem occured in a stable build of the end of January.

In the current version the problem is fixed.

And yes, the problem was that with a directory, including a &quot;-&quot;, no resource 
were exported. Seemed like directories had to be named like defined in the 
package naming rules of Java.

Mirko 

</thetext>
          </long_desc>
          <long_desc isprivate="0">
            <commentid>32295</commentid>
            <who name="DJ Houghton">dj_houghton</who>
            <bug_when>2002-03-13 07:30:17 -0500</bug_when>
            <thetext>Closing bug as originator indicates this is fixed in the latest builds.</thetext>
          </long_desc>
      
      

    </bug>

</bugzilla>