<?xml version="1.0" encoding="UTF-8" standalone="yes" ?>


<bugzilla version="4.2.1"
          urlbase="https://bugs.eclipse.org/bugs/"
          
          maintainer="webmaster@eclipse.org"
>

    <bug>
          <bug_id>10427</bug_id>
          
          <creation_ts>2002-02-27 15:16:00 -0500</creation_ts>
          <short_desc>[Team Core] Change text/bin pattern to be non-extension based</short_desc>
          <delta_ts>2004-12-15 10:52:49 -0500</delta_ts>
          <reporter_accessible>1</reporter_accessible>
          <cclist_accessible>1</cclist_accessible>
          <classification_id>2</classification_id>
          <classification>Eclipse</classification>
          <product>Platform</product>
          <component>Team</component>
          <version>2.0</version>
          <rep_platform>PC</rep_platform>
          <op_sys>Windows 2000</op_sys>
          <bug_status>VERIFIED</bug_status>
          <resolution>FIXED</resolution>
          
          
          <bug_file_loc></bug_file_loc>
          <status_whiteboard></status_whiteboard>
          <keywords></keywords>
          <priority>P3</priority>
          <bug_severity>normal</bug_severity>
          <target_milestone>3.1 M4</target_milestone>
          
          
          <everconfirmed>1</everconfirmed>
          <reporter name="Kevin McGuire">Kevin_McGuire</reporter>
          <assigned_to name="Silvio Böhler">silvio_boehler</assigned_to>
          
          
          <votes>0</votes>

      

      

      

          <long_desc isprivate="0">
            <commentid>28855</commentid>
            <who name="Kevin McGuire">Kevin_McGuire</who>
            <bug_when>2002-02-27 15:16:39 -0500</bug_when>
            <thetext>Our support for text/bin patterns is pattern based.
It needs to be changed to regular expressions so we can do things 
like &quot;makefile&quot;</thetext>
          </long_desc>
          <long_desc isprivate="0">
            <commentid>47540</commentid>
            <who name="Kevin McGuire">Kevin_McGuire</who>
            <bug_when>2002-04-29 16:12:43 -0400</bug_when>
            <thetext>We appear to handle files without extensions (e.g. can ignore &quot;foo&quot;).</thetext>
          </long_desc>
          <long_desc isprivate="0">
            <commentid>50663</commentid>
            <who name="James Moody">James_Moody</who>
            <bug_when>2002-05-07 11:32:40 -0400</bug_when>
            <thetext>text/bin is extension based.
ignore is pattern based.

They should be consistent.
(You can ignore &quot;foo&quot; but can&apos;t specify that &quot;foo&quot; is text or binary)</thetext>
          </long_desc>
          <long_desc isprivate="0">
            <commentid>50864</commentid>
            <who name="Kevin McGuire">Kevin_McGuire</who>
            <bug_when>2002-05-07 16:47:52 -0400</bug_when>
            <thetext>Don&apos;t want to change existing users of it in 2.0</thetext>
          </long_desc>
          <long_desc isprivate="0">
            <commentid>90667</commentid>
            <who name="Michael Valenta">Michael_Valenta</who>
            <bug_when>2002-09-09 14:43:00 -0400</bug_when>
            <thetext>Reopening</thetext>
          </long_desc>
          <long_desc isprivate="0">
            <commentid>378254</commentid>
            <who name="Jean-Michel Lemieux">jean-michel_lemieux</who>
            <bug_when>2004-12-13 22:12:05 -0500</bug_when>
            <thetext>fixed. Added support for filenames without extensions.</thetext>
          </long_desc>
      
      

    </bug>

</bugzilla>