<?xml version="1.0" encoding="UTF-8" standalone="yes" ?>


<bugzilla version="4.2.1"
          urlbase="https://bugs.eclipse.org/bugs/"
          
          maintainer="webmaster@eclipse.org"
>

    <bug>
          <bug_id>10566</bug_id>
          
          <creation_ts>2002-03-01 05:18:00 -0500</creation_ts>
          <short_desc>Copy value in variables view should work with CTRL-C</short_desc>
          <delta_ts>2002-03-15 11:35:58 -0500</delta_ts>
          <reporter_accessible>1</reporter_accessible>
          <cclist_accessible>1</cclist_accessible>
          <classification_id>2</classification_id>
          <classification>Eclipse</classification>
          <product>JDT</product>
          <component>Debug</component>
          <version>2.0</version>
          <rep_platform>PC</rep_platform>
          <op_sys>Windows 2000</op_sys>
          <bug_status>VERIFIED</bug_status>
          <resolution>FIXED</resolution>
          
          
          <bug_file_loc></bug_file_loc>
          <status_whiteboard></status_whiteboard>
          <keywords></keywords>
          <priority>P1</priority>
          <bug_severity>normal</bug_severity>
          <target_milestone>2.0 M6</target_milestone>
          
          
          <everconfirmed>1</everconfirmed>
          <reporter name="Erich Gamma">erich_gamma</reporter>
          <assigned_to name="Darin Wright">darin.eclipse</assigned_to>
          
          
          <votes>0</votes>

      

      

      

          <long_desc isprivate="0">
            <commentid>29397</commentid>
            <who name="Erich Gamma">erich_gamma</who>
            <bug_when>2002-03-01 05:18:06 -0500</bug_when>
            <thetext>we should register an action handler for Copy so that the ctrl-c short cut 
works in the variables view and copies the variable value.</thetext>
          </long_desc>
          <long_desc isprivate="0">
            <commentid>29457</commentid>
            <who name="Darin Wright">darin.eclipse</who>
            <bug_when>2002-03-01 10:29:38 -0500</bug_when>
            <thetext>CTRL-C should work in all debug views that support copy.</thetext>
          </long_desc>
          <long_desc isprivate="0">
            <commentid>32251</commentid>
            <who name="Darin Swanson">Darin_Swanson</who>
            <bug_when>2002-03-12 19:33:45 -0500</bug_when>
            <thetext>Added Ctrl-C support for the Launch view, ExpressionView, VariablesView.
Please verify (Darin W).</thetext>
          </long_desc>
          <long_desc isprivate="0">
            <commentid>33134</commentid>
            <who name="Darin Wright">darin.eclipse</who>
            <bug_when>2002-03-15 11:35:58 -0500</bug_when>
            <thetext>Verified</thetext>
          </long_desc>
      
      

    </bug>

</bugzilla>