<?xml version="1.0" encoding="UTF-8" standalone="yes" ?>


<bugzilla version="4.2.1"
          urlbase="https://bugs.eclipse.org/bugs/"
          
          maintainer="webmaster@eclipse.org"
>

    <bug>
          <bug_id>10030</bug_id>
          
          <creation_ts>2002-02-20 20:34:00 -0500</creation_ts>
          <short_desc>Java Browsing: copy class only effects text</short_desc>
          <delta_ts>2002-02-27 11:58:10 -0500</delta_ts>
          <reporter_accessible>1</reporter_accessible>
          <cclist_accessible>1</cclist_accessible>
          <classification_id>2</classification_id>
          <classification>Eclipse</classification>
          <product>JDT</product>
          <component>UI</component>
          <version>2.0</version>
          <rep_platform>PC</rep_platform>
          <op_sys>Windows 2000</op_sys>
          <bug_status>RESOLVED</bug_status>
          <resolution>INVALID</resolution>
          
          
          <bug_file_loc></bug_file_loc>
          <status_whiteboard></status_whiteboard>
          <keywords></keywords>
          <priority>P3</priority>
          <bug_severity>normal</bug_severity>
          <target_milestone>---</target_milestone>
          
          
          <everconfirmed>1</everconfirmed>
          <reporter name="David Buttler">buttler1</reporter>
          <assigned_to name="Erich Gamma">erich_gamma</assigned_to>
          
          
          <votes>0</votes>

      

      

      

          <long_desc isprivate="0">
            <commentid>27545</commentid>
            <who name="David Buttler">buttler1</who>
            <bug_when>2002-02-20 20:34:05 -0500</bug_when>
            <thetext>When I use the Java browsing view to try to copy a class using the context menu
it does not bring up the class copy dialog.  Apparently if I use the copy
on the context menu it just copies the text.</thetext>
          </long_desc>
          <long_desc isprivate="0">
            <commentid>28737</commentid>
            <who name="Adam Kiezun">akiezun</who>
            <bug_when>2002-02-27 11:58:10 -0500</bug_when>
            <thetext>there&apos;s no &apos;copy class dialog&apos; - there&apos;s only a &apos;copy resources dialog&apos; 
(which will be eliminated too)

copying a class will copy only its source - this is the intended behavior.
to copy the whole file - you can use the packages view.
</thetext>
          </long_desc>
      
      

    </bug>

</bugzilla>