<?xml version="1.0" encoding="UTF-8" standalone="yes" ?>


<bugzilla version="4.2.1"
          urlbase="https://bugs.eclipse.org/bugs/"
          
          maintainer="webmaster@eclipse.org"
>

    <bug>
          <bug_id>10364</bug_id>
          
          <creation_ts>2002-02-26 23:51:00 -0500</creation_ts>
          <short_desc>Pointer dereference</short_desc>
          <delta_ts>2002-05-22 11:32:00 -0400</delta_ts>
          <reporter_accessible>1</reporter_accessible>
          <cclist_accessible>1</cclist_accessible>
          <classification_id>4</classification_id>
          <classification>Tools</classification>
          <product>CDT</product>
          <component>cdt-debug</component>
          <version>2.0</version>
          <rep_platform>All</rep_platform>
          <op_sys>All</op_sys>
          <bug_status>RESOLVED</bug_status>
          <resolution>FIXED</resolution>
          
          
          <bug_file_loc></bug_file_loc>
          <status_whiteboard></status_whiteboard>
          <keywords></keywords>
          <priority>P2</priority>
          <bug_severity>enhancement</bug_severity>
          <target_milestone>2.0 - Release</target_milestone>
          
          
          <everconfirmed>1</everconfirmed>
          <reporter name="Brian Thomson">thomson</reporter>
          <assigned_to name="Samantha Chan">chanskw</assigned_to>
          
          
          <votes>0</votes>

      

      

      

          <long_desc isprivate="0">
            <commentid>28429</commentid>
            <who name="Brian Thomson">thomson</who>
            <bug_when>2002-02-26 23:51:09 -0500</bug_when>
            <thetext>Pointer dereference.  Add action &quot;dereference&quot; in &quot;Monitors&quot; and &quot;Variables&quot;
view for pointer monitors.</thetext>
          </long_desc>
          <long_desc isprivate="0">
            <commentid>29008</commentid>
            <who name="Samantha Chan">chanskw</who>
            <bug_when>2002-02-27 23:42:38 -0500</bug_when>
            <thetext>This needs new implementation from debug UI team.</thetext>
          </long_desc>
          <long_desc isprivate="0">
            <commentid>48634</commentid>
            <who name="Samantha Chan">chanskw</who>
            <bug_when>2002-05-01 16:08:02 -0400</bug_when>
            <thetext>UI Done.
Need to figure out if the variable is a pointer type on the picl side and 
return EStdPointerNode for pointer variable in order to have derefernce action 
shows up.</thetext>
          </long_desc>
          <long_desc isprivate="0">
            <commentid>57196</commentid>
            <who name="Samantha Chan">chanskw</who>
            <bug_when>2002-05-22 11:32:00 -0400</bug_when>
            <thetext>Implemented Pointer Dereference.  When change packets are constructed for 
variables, create EStdPointeNode if _type of GdbScalarVariable contains &quot;*&quot;.  
Otherwise, create EStdScalarNode.  

Files Changed:
CmdPointerDeref.java
DebugEngine.java
GdbVariableMonitorManager.java
Gdb_VariableMonitor.java
GdbScalarVariable.java

</thetext>
          </long_desc>
      
      

    </bug>

</bugzilla>