<?xml version="1.0" encoding="UTF-8" standalone="yes" ?>


<bugzilla version="4.2.1"
          urlbase="https://bugs.eclipse.org/bugs/"
          
          maintainer="webmaster@eclipse.org"
>

    <bug>
          <bug_id>10206</bug_id>
          
          <creation_ts>2002-02-25 15:47:00 -0500</creation_ts>
          <short_desc>Target window reactivated after clicking in debug window</short_desc>
          <delta_ts>2009-08-30 02:18:13 -0400</delta_ts>
          <reporter_accessible>1</reporter_accessible>
          <cclist_accessible>1</cclist_accessible>
          <classification_id>2</classification_id>
          <classification>Eclipse</classification>
          <product>Platform</product>
          <component>Debug</component>
          <version>2.0</version>
          <rep_platform>PC</rep_platform>
          <op_sys>Windows XP</op_sys>
          <bug_status>CLOSED</bug_status>
          <resolution>WONTFIX</resolution>
          
          
          <bug_file_loc></bug_file_loc>
          <status_whiteboard></status_whiteboard>
          <keywords></keywords>
          <priority>P3</priority>
          <bug_severity>normal</bug_severity>
          <target_milestone>---</target_milestone>
          
          
          <everconfirmed>1</everconfirmed>
          <reporter name="Nick Edgar">nick_edgar</reporter>
          <assigned_to name="Platform-Debug-Inbox">platform-debug-inbox</assigned_to>
          
          
          <votes>0</votes>

      

      

      

          <long_desc isprivate="0">
            <commentid>27904</commentid>
            <who name="Nick Edgar">nick_edgar</who>
            <bug_when>2002-02-25 15:47:30 -0500</bug_when>
            <thetext>Build 20020214

- launch a target eclipse
- set a breakpoint
- arrange to hit it
- when it&apos;s hit, click on the host window showing the debug perspective
- after a brief delay the target window is automatically reactivated (and is 
blank since it can&apos;t redraw)

I&apos;ve only seen this on XP, but it has happened several times.</thetext>
          </long_desc>
          <long_desc isprivate="0">
            <commentid>37887</commentid>
            <who name="Darin Wright">darin.eclipse</who>
            <bug_when>2002-04-02 09:30:47 -0500</bug_when>
            <thetext>Deferred</thetext>
          </long_desc>
          <long_desc isprivate="0">
            <commentid>327245</commentid>
            <who name="Darin Wright">darin.eclipse</who>
            <bug_when>2004-07-29 13:44:04 -0400</bug_when>
            <thetext>Closing.</thetext>
          </long_desc>
          <long_desc isprivate="0">
            <commentid>1583960</commentid>
            <who name="Denis Roy">denis.roy</who>
            <bug_when>2009-08-30 02:18:13 -0400</bug_when>
            <thetext>As of now &apos;LATER&apos; and &apos;REMIND&apos; resolutions are no longer supported.
Please reopen this bug if it is still valid for you.</thetext>
          </long_desc>
      
      

    </bug>

</bugzilla>