<?xml version="1.0" encoding="UTF-8" standalone="yes" ?>


<bugzilla version="4.2.1"
          urlbase="https://bugs.eclipse.org/bugs/"
          
          maintainer="webmaster@eclipse.org"
>

    <bug>
          <bug_id>10585</bug_id>
          
          <creation_ts>2002-03-01 10:33:00 -0500</creation_ts>
          <short_desc>Merge dialog stuck at &quot;Synchronizing with Repository&quot;</short_desc>
          <delta_ts>2002-04-09 13:38:43 -0400</delta_ts>
          <reporter_accessible>1</reporter_accessible>
          <cclist_accessible>1</cclist_accessible>
          <classification_id>2</classification_id>
          <classification>Eclipse</classification>
          <product>Platform</product>
          <component>Team</component>
          <version>2.0</version>
          <rep_platform>PC</rep_platform>
          <op_sys>Windows 2000</op_sys>
          <bug_status>RESOLVED</bug_status>
          <resolution>FIXED</resolution>
          
          
          <bug_file_loc></bug_file_loc>
          <status_whiteboard></status_whiteboard>
          <keywords></keywords>
          <priority>P5</priority>
          <bug_severity>normal</bug_severity>
          <target_milestone>2.0 M5</target_milestone>
          
          
          <everconfirmed>1</everconfirmed>
          <reporter name="Jean-Michel Lemieux">jean-michel_lemieux</reporter>
          <assigned_to name="Kevin McGuire">Kevin_McGuire</assigned_to>
          
          
          <votes>0</votes>

      

      

      

          <long_desc isprivate="0">
            <commentid>29460</commentid>
            <who name="Jean-Michel Lemieux">jean-michel_lemieux</who>
            <bug_when>2002-03-01 10:33:26 -0500</bug_when>
            <thetext>After starting a merge the progress dialog is stuck saying that it is sync&apos;ing 
with the repo. The progress bar is at 100% but it is still doing a lot of 
work. It stayed like this for 3 minutes, then it finished. Maybe we should be 
showing progress on the content comparisons, I think that is what it was 
doing. I had a huge amount of changes between my branch and HEAD.</thetext>
          </long_desc>
          <long_desc isprivate="0">
            <commentid>37724</commentid>
            <who name="Michael Valenta">Michael_Valenta</who>
            <bug_when>2002-04-01 21:31:22 -0500</bug_when>
            <thetext>Fixed</thetext>
          </long_desc>
      
      

    </bug>

</bugzilla>