<?xml version="1.0" encoding="UTF-8" standalone="yes" ?>


<bugzilla version="4.2.1"
          urlbase="https://bugs.eclipse.org/bugs/"
          
          maintainer="webmaster@eclipse.org"
>

    <bug>
          <bug_id>10389</bug_id>
          
          <creation_ts>2002-02-27 10:29:00 -0500</creation_ts>
          <short_desc>Editing non-Java files causes a recompile</short_desc>
          <delta_ts>2002-03-05 16:23:00 -0500</delta_ts>
          <reporter_accessible>1</reporter_accessible>
          <cclist_accessible>1</cclist_accessible>
          <classification_id>2</classification_id>
          <classification>Eclipse</classification>
          <product>JDT</product>
          <component>Core</component>
          <version>2.0</version>
          <rep_platform>PC</rep_platform>
          <op_sys>Windows 2000</op_sys>
          <bug_status>RESOLVED</bug_status>
          <resolution>DUPLICATE</resolution>
          <dup_id>7934</dup_id>
          
          <bug_file_loc></bug_file_loc>
          <status_whiteboard></status_whiteboard>
          <keywords></keywords>
          <priority>P1</priority>
          <bug_severity>minor</bug_severity>
          <target_milestone>2.0 M4</target_milestone>
          
          
          <everconfirmed>1</everconfirmed>
          <reporter name="Channing Walton">channingwalton</reporter>
          <assigned_to name="Kent Johnson">kent_johnson</assigned_to>
          
          
          <votes>0</votes>

      

      

      

          <long_desc isprivate="0">
            <commentid>28654</commentid>
            <who name="Channing Walton">channingwalton</who>
            <bug_when>2002-02-27 10:29:41 -0500</bug_when>
            <thetext>When eclipse has just started, editing any file including non java files will 
cause a large amount of recompilation. This happens on the first two or three 
edits or files and then settles down to compiling on Java changes.</thetext>
          </long_desc>
          <long_desc isprivate="0">
            <commentid>28955</commentid>
            <who name="Erich Gamma">erich_gamma</who>
            <bug_when>2002-02-27 18:41:28 -0500</bug_when>
            <thetext>To reproduce add a scrapbook page to a Java project and you will observe a 
massive recompile.

moving to JDT CORE</thetext>
          </long_desc>
          <long_desc isprivate="0">
            <commentid>30354</commentid>
            <who name="Kent Johnson">kent_johnson</who>
            <bug_when>2002-03-05 16:23:00 -0500</bug_when>
            <thetext>I believe this is a duplicate. I have only been able to reproduce it by 
removing the fix in 7934.

If you see this builds after March 1st, please reopen this PR with additional 
steps.

*** This bug has been marked as a duplicate of 7934 ***</thetext>
          </long_desc>
      
      

    </bug>

</bugzilla>