<?xml version="1.0" encoding="UTF-8" standalone="yes" ?>


<bugzilla version="4.2.1"
          urlbase="https://bugs.eclipse.org/bugs/"
          
          maintainer="webmaster@eclipse.org"
>

    <bug>
          <bug_id>10380</bug_id>
          
          <creation_ts>2002-02-27 06:11:00 -0500</creation_ts>
          <short_desc>[JFace] Need strategy to shorten text</short_desc>
          <delta_ts>2006-06-22 08:34:05 -0400</delta_ts>
          <reporter_accessible>1</reporter_accessible>
          <cclist_accessible>1</cclist_accessible>
          <classification_id>2</classification_id>
          <classification>Eclipse</classification>
          <product>Platform</product>
          <component>UI</component>
          <version>2.0</version>
          <rep_platform>PC</rep_platform>
          <op_sys>Windows 2000</op_sys>
          <bug_status>RESOLVED</bug_status>
          <resolution>WONTFIX</resolution>
          
          
          <bug_file_loc></bug_file_loc>
          <status_whiteboard></status_whiteboard>
          <keywords></keywords>
          <priority>P3</priority>
          <bug_severity>enhancement</bug_severity>
          <target_milestone>---</target_milestone>
          
          <blocked>4094</blocked>
          <everconfirmed>1</everconfirmed>
          <reporter name="Dirk Baeumer">dirk_baeumer</reporter>
          <assigned_to name="Platform-UI-Inbox">Platform-UI-Inbox</assigned_to>
          <cc>Kevin_Haaland</cc>
    
    <cc>Tod_Creasey</cc>
          
          <votes>0</votes>

      

      

      

          <long_desc isprivate="0">
            <commentid>28496</commentid>
            <who name="Dirk Baeumer">dirk_baeumer</who>
            <bug_when>2002-02-27 06:11:04 -0500</bug_when>
            <thetext>Build 20020214

Strings in the Ui get often to long. The current strategy used in Eclipse is to 
substitute a porting of the string with ... This algorithm is hardcoded all 
over the place.

Since shortening a text has some NLS issues the platform should provide 
reusable support for it.</thetext>
          </long_desc>
          <long_desc isprivate="0">
            <commentid>31112</commentid>
            <who name="Kevin Haaland">Kevin_Haaland</who>
            <bug_when>2002-03-07 20:57:28 -0500</bug_when>
            <thetext>CLable is an SWT custom control.</thetext>
          </long_desc>
          <long_desc isprivate="0">
            <commentid>31169</commentid>
            <who name="Dirk Baeumer">dirk_baeumer</who>
            <bug_when>2002-03-08 02:59:10 -0500</bug_when>
            <thetext>But there are several other places in eclipse.ui which hardcode this too.</thetext>
          </long_desc>
          <long_desc isprivate="0">
            <commentid>32307</commentid>
            <who name="Mike Wilson">Mike_Wilson</who>
            <bug_when>2002-03-13 08:41:18 -0500</bug_when>
            <thetext>Agree with DB.

The problem is that SWT can not make upward references to code in the UI which 
could do this. Since it&apos;s difficult for the UI layer to figure out *when* to 
shrink the string (eg. we don&apos;t ask the UI for new versions of the lable each 
time we resize), it seems like it would be best for SWT to provide the API. 
The problem with this however, is that SWT can only provide a &quot;generic&quot; notion 
of the shortening (assuming no o/s level support).

If the UI layer also does shortening, it would need to invoke the API which 
SWT provided.

We will investigate this, but do not guarantee any added support.</thetext>
          </long_desc>
          <long_desc isprivate="0">
            <commentid>60543</commentid>
            <who name="Veronika Irvine">veronika_irvine</who>
            <bug_when>2002-05-27 10:30:03 -0400</bug_when>
            <thetext>SWT is not going to do anything about this.  CLabel and CTabFolder use two 
different strategies (one puts the ellipse in the middle and one puts the 
ellipse at the end) so there is no advantage to exposing such API.


Moving back to Kevinto do whatever he sees fit.</thetext>
          </long_desc>
          <long_desc isprivate="0">
            <commentid>88587</commentid>
            <who name="Kevin Haaland">Kevin_Haaland</who>
            <bug_when>2002-08-29 20:16:22 -0400</bug_when>
            <thetext>There should be one strategy. Putting elipses in the middle is the one that I 
would drop as it can lead to unexpected and possibly rude results so CLabel 
should change.

McQ is correct SWT can not make an upward referece. If you do not expose this 
algorithm as API then others will need to copy it. 
</thetext>
          </long_desc>
          <long_desc isprivate="0">
            <commentid>736944</commentid>
            <who name="Tod Creasey">Tod_Creasey</who>
            <bug_when>2006-06-22 08:34:05 -0400</bug_when>
            <thetext>There are currently no plans to work on this feature</thetext>
          </long_desc>
      
      

    </bug>

</bugzilla>