<?xml version="1.0" encoding="UTF-8" standalone="yes" ?>


<bugzilla version="4.2.1"
          urlbase="https://bugs.eclipse.org/bugs/"
          
          maintainer="webmaster@eclipse.org"
>

    <bug>
          <bug_id>10424</bug_id>
          
          <creation_ts>2002-02-27 15:07:00 -0500</creation_ts>
          <short_desc>NPE in snippet editor</short_desc>
          <delta_ts>2002-02-28 10:46:37 -0500</delta_ts>
          <reporter_accessible>1</reporter_accessible>
          <cclist_accessible>1</cclist_accessible>
          <classification_id>2</classification_id>
          <classification>Eclipse</classification>
          <product>JDT</product>
          <component>Debug</component>
          <version>2.0</version>
          <rep_platform>PC</rep_platform>
          <op_sys>Windows 2000</op_sys>
          <bug_status>VERIFIED</bug_status>
          <resolution>FIXED</resolution>
          
          
          <bug_file_loc></bug_file_loc>
          <status_whiteboard></status_whiteboard>
          <keywords></keywords>
          <priority>P1</priority>
          <bug_severity>normal</bug_severity>
          <target_milestone>2.0 M4</target_milestone>
          
          <blocked>9695</blocked>
          <everconfirmed>1</everconfirmed>
          <reporter name="Darin Wright">darin.eclipse</reporter>
          <assigned_to name="Darin Wright">darin.eclipse</assigned_to>
          
          
          <votes>0</votes>

      

      

      

          <long_desc isprivate="0">
            <commentid>28848</commentid>
            <who name="Darin Wright">darin.eclipse</who>
            <bug_when>2002-02-27 15:07:34 -0500</bug_when>
            <thetext>I inspected this code, on a 1.4VM,

new java.util.Date(&quot;DEC 12, 2002&quot;)

I got the following error:

org.eclipse.swt.SWTException: Failed to execute runnable 
(java.lang.NullPointerException)
	at org.eclipse.swt.SWT.error(SWT.java:1887)
	at org.eclipse.swt.widgets.Synchronizer.runAsyncMessages
(Synchronizer.java:96)
	at org.eclipse.swt.widgets.Display.runAsyncMessages(Display.java:1390)
	at org.eclipse.swt.widgets.Display.readAndDispatch(Display.java:1208)
	at org.eclipse.ui.internal.Workbench.runEventLoop(Workbench.java:788)
	at org.eclipse.ui.internal.Workbench.run(Workbench.java:771)
	at org.eclipse.core.internal.boot.InternalBootLoader.run
(InternalBootLoader.java:777)
	at org.eclipse.core.boot.BootLoader.run(BootLoader.java:319)
	at SlimLauncher.main(SlimLauncher.java:14)
*** Stack trace of contained exception ***
java.lang.NullPointerException
	at 
org.eclipse.jdt.internal.debug.ui.snippeteditor.JavaSnippetEditor.showException
(JavaSnippetEditor.java:598)
	at 
org.eclipse.jdt.internal.debug.ui.snippeteditor.JavaSnippetEditor$4.run
(JavaSnippetEditor.java:405)
	at org.eclipse.swt.widgets.RunnableLock.run(RunnableLock.java:29)
	at org.eclipse.swt.widgets.Synchronizer.runAsyncMessages
(Synchronizer.java:93)
	at org.eclipse.swt.widgets.Display.runAsyncMessages(Display.java:1390)
	at org.eclipse.swt.widgets.Display.readAndDispatch(Display.java:1208)
	at org.eclipse.ui.internal.Workbench.runEventLoop(Workbench.java:788)
	at org.eclipse.ui.internal.Workbench.run(Workbench.java:771)
	at org.eclipse.core.internal.boot.InternalBootLoader.run
(InternalBootLoader.java:777)
	at org.eclipse.core.boot.BootLoader.run(BootLoader.java:319)
	at SlimLauncher.main(SlimLauncher.java:14)</thetext>
          </long_desc>
          <long_desc isprivate="0">
            <commentid>28922</commentid>
            <who name="Darin Swanson">Darin_Swanson</who>
            <bug_when>2002-02-27 17:20:31 -0500</bug_when>
            <thetext>Fixed in JavaSnippetEditor.
Please verify.</thetext>
          </long_desc>
          <long_desc isprivate="0">
            <commentid>29105</commentid>
            <who name="Darin Wright">darin.eclipse</who>
            <bug_when>2002-02-28 10:46:37 -0500</bug_when>
            <thetext>Verified.</thetext>
          </long_desc>
      
      

    </bug>

</bugzilla>