<?xml version="1.0" encoding="UTF-8" standalone="yes" ?>


<bugzilla version="4.2.1"
          urlbase="https://bugs.eclipse.org/bugs/"
          
          maintainer="webmaster@eclipse.org"
>

    <bug>
          <bug_id>10111</bug_id>
          
          <creation_ts>2002-02-22 13:54:00 -0500</creation_ts>
          <short_desc>dead &quot;Run&quot; and &quot;Debug&quot; features</short_desc>
          <delta_ts>2002-04-02 09:46:54 -0500</delta_ts>
          <reporter_accessible>1</reporter_accessible>
          <cclist_accessible>1</cclist_accessible>
          <classification_id>2</classification_id>
          <classification>Eclipse</classification>
          <product>JDT</product>
          <component>Debug</component>
          <version>1.0</version>
          <rep_platform>PC</rep_platform>
          <op_sys>Linux-Motif</op_sys>
          <bug_status>RESOLVED</bug_status>
          <resolution>WONTFIX</resolution>
          
          
          <bug_file_loc></bug_file_loc>
          <status_whiteboard></status_whiteboard>
          <keywords></keywords>
          <priority>P3</priority>
          <bug_severity>normal</bug_severity>
          <target_milestone>---</target_milestone>
          
          
          <everconfirmed>1</everconfirmed>
          <reporter name="Andrew Cartine">acartine</reporter>
          <assigned_to name="Darin Wright">darin.eclipse</assigned_to>
          <cc>jared_burns</cc>
          
          <votes>0</votes>

      

      

      

          <long_desc isprivate="0">
            <commentid>27693</commentid>
            <who name="Andrew Cartine">acartine</who>
            <bug_when>2002-02-22 13:54:29 -0500</bug_when>
            <thetext>BUILD: 0.137
OS: RHAT Linux 7.2 Kernel 2.4.7-10 using GNOME / SAWFISH
JVM: IBM 1.3

When you click on or select the Run and Debug functions, nothing happens.  I 
think it&apos;s an OS configuration thing.  I&apos;ve run this version of eclipse on 
other machines without a problem.  However, I&apos;d like some sort of dialog or 
something so I can figure out what I need to move, turn on, or turn off in 
order to use these important features.</thetext>
          </long_desc>
          <long_desc isprivate="0">
            <commentid>37886</commentid>
            <who name="Darin Wright">darin.eclipse</who>
            <bug_when>2002-04-02 09:30:02 -0500</bug_when>
            <thetext>Is this a problem in Elcipse 2.0? (i.e. latest integration build 20020328). Do 
not intend to fix 1.0 problem - we are running/debugging on Linux in 2.0 with 
no problems.

Jared, what version of Linux are you running?</thetext>
          </long_desc>
          <long_desc isprivate="0">
            <commentid>37904</commentid>
            <who name="Jared Burns">jared_burns</who>
            <bug_when>2002-04-02 09:46:54 -0500</bug_when>
            <thetext>I&apos;m on Mandrake 8.1. We also test on RH 7.1 and SuSE 7.3 machines, all of which
run Eclipse 2.0 with no problems.

If I recall correctly, Eclipse 1.0 was released before RH 7.2.</thetext>
          </long_desc>
      
      

    </bug>

</bugzilla>