<?xml version="1.0" encoding="UTF-8" standalone="yes" ?>


<bugzilla version="4.2.1"
          urlbase="https://bugs.eclipse.org/bugs/"
          
          maintainer="webmaster@eclipse.org"
>

    <bug>
          <bug_id>10044</bug_id>
          
          <creation_ts>2002-02-21 05:42:00 -0500</creation_ts>
          <short_desc>[preferences] Make &quot;Show source of selected elements only&quot; dependent on perspective</short_desc>
          <delta_ts>2006-08-30 12:26:17 -0400</delta_ts>
          <reporter_accessible>1</reporter_accessible>
          <cclist_accessible>1</cclist_accessible>
          <classification_id>2</classification_id>
          <classification>Eclipse</classification>
          <product>Platform</product>
          <component>Text</component>
          <version>2.0</version>
          <rep_platform>All</rep_platform>
          <op_sys>All</op_sys>
          <bug_status>RESOLVED</bug_status>
          <resolution>WONTFIX</resolution>
          
          
          <bug_file_loc></bug_file_loc>
          <status_whiteboard></status_whiteboard>
          <keywords></keywords>
          <priority>P3</priority>
          <bug_severity>enhancement</bug_severity>
          <target_milestone>---</target_milestone>
          <dependson>20155</dependson>
          
          <everconfirmed>1</everconfirmed>
          <reporter name="Magnus Ihse Bursie">magnus.ihse.bursie</reporter>
          <assigned_to name="Platform-Text-Inbox">platform-text-inbox</assigned_to>
          <cc>gunnar</cc>
          
          <votes>0</votes>

      

      

      

          <long_desc isprivate="0">
            <commentid>27564</commentid>
            <who name="Magnus Ihse Bursie">magnus.ihse.bursie</who>
            <bug_when>2002-02-21 05:42:48 -0500</bug_when>
            <thetext>The new Java Browsing perspective really rocks!!! However, when I&apos;m in the Java 
Browsing perspective, I&apos;d like to see just the source for the selected method. 
This feels like a natural extension of the way the source code is presented in 
the Browsing perspective. However, when I&apos;m viewing the &quot;traditional&quot; Java 
perspective, I&apos;d like to view the complete java file, as I&apos;m used to. This is 
currently not possible, since the &quot;Show source of selected elements only&quot; 
setting is global, and not a per-perspective setting.</thetext>
          </long_desc>
          <long_desc isprivate="0">
            <commentid>31632</commentid>
            <who name="Erich Gamma">erich_gamma</who>
            <bug_when>2002-03-11 09:53:08 -0500</bug_when>
            <thetext>can&apos;t commit to do support this for 2.0</thetext>
          </long_desc>
          <long_desc isprivate="0">
            <commentid>81213</commentid>
            <who name="Dirk Baeumer">dirk_baeumer</who>
            <bug_when>2002-07-23 08:35:46 -0400</bug_when>
            <thetext>Reopening for 2.1 consideration</thetext>
          </long_desc>
          <long_desc isprivate="0">
            <commentid>166746</commentid>
            <who name="Dani Megert">daniel_megert</who>
            <bug_when>2003-06-13 10:25:25 -0400</bug_when>
            <thetext>I added bug 20155 as dependent bug since it suggest to move the button to the
preferences.

Having read all the comments the preferences page would have a radio group with
( ) Always show selected element in segmented mode
( ) Do not use segmented mode
( ) Toolbar button allows to toggle for the whole workbench
( ) Configure behavior for each perspective

Selecting the last item would enable a table where the behavior can be configured.

</thetext>
          </long_desc>
          <long_desc isprivate="0">
            <commentid>778312</commentid>
            <who name="Dani Megert">daniel_megert</who>
            <bug_when>2006-08-30 12:26:17 -0400</bug_when>
            <thetext>Simply enable the action set on the perspectives where you like to see the tool bar button. See bug 20155 for details.</thetext>
          </long_desc>
      
      

    </bug>

</bugzilla>