<?xml version="1.0" encoding="UTF-8" standalone="yes" ?>


<bugzilla version="4.2.1"
          urlbase="https://bugs.eclipse.org/bugs/"
          
          maintainer="webmaster@eclipse.org"
>

    <bug>
          <bug_id>10376</bug_id>
          
          <creation_ts>2002-02-27 00:42:00 -0500</creation_ts>
          <short_desc>Standalone tools</short_desc>
          <delta_ts>2003-06-25 06:53:05 -0400</delta_ts>
          <reporter_accessible>1</reporter_accessible>
          <cclist_accessible>1</cclist_accessible>
          <classification_id>4</classification_id>
          <classification>Tools</classification>
          <product>CDT</product>
          <component>cdt-core</component>
          <version>2.0</version>
          <rep_platform>All</rep_platform>
          <op_sys>All</op_sys>
          <bug_status>RESOLVED</bug_status>
          <resolution>WONTFIX</resolution>
          
          
          <bug_file_loc></bug_file_loc>
          <status_whiteboard></status_whiteboard>
          <keywords></keywords>
          <priority>P4</priority>
          <bug_severity>enhancement</bug_severity>
          <target_milestone>Future</target_milestone>
          
          
          <everconfirmed>1</everconfirmed>
          <reporter name="Brian Thomson">thomson</reporter>
          <assigned_to name="David McKnight">dmcknigh</assigned_to>
          
          
          <votes>0</votes>

      

      

      

          <long_desc isprivate="0">
            <commentid>28441</commentid>
            <who name="Brian Thomson">thomson</who>
            <bug_when>2002-02-27 00:42:10 -0500</bug_when>
            <thetext>Tools whose value comes largely from their UI, e.g. the debug and future
profiling tools, can provide that value to a larger set of users if they can
also be run as standalone tools.  Enabling this will probably consist of
supplying additional
Eclipse applications to run instead of the Workbench; they may need to create
dummy projects to satisfy Eclipse internal dependencies, but won&apos;t expose that
project to the user.</thetext>
          </long_desc>
          <long_desc isprivate="0">
            <commentid>169027</commentid>
            <who name="Sebastien Marineau">sebastien</who>
            <bug_when>2003-06-25 06:53:05 -0400</bug_when>
            <thetext>This applies to old CDT, closing as part of cleanup.</thetext>
          </long_desc>
      
      

    </bug>

</bugzilla>