<?xml version="1.0" encoding="UTF-8" standalone="yes" ?>


<bugzilla version="4.2.1"
          urlbase="https://bugs.eclipse.org/bugs/"
          
          maintainer="webmaster@eclipse.org"
>

    <bug>
          <bug_id>10276</bug_id>
          
          <creation_ts>2002-02-26 12:34:00 -0500</creation_ts>
          <short_desc>Search dialog has wrong labels</short_desc>
          <delta_ts>2002-02-28 03:30:10 -0500</delta_ts>
          <reporter_accessible>1</reporter_accessible>
          <cclist_accessible>1</cclist_accessible>
          <classification_id>2</classification_id>
          <classification>Eclipse</classification>
          <product>JDT</product>
          <component>UI</component>
          <version>2.0</version>
          <rep_platform>PC</rep_platform>
          <op_sys>Windows NT</op_sys>
          <bug_status>RESOLVED</bug_status>
          <resolution>FIXED</resolution>
          
          
          <bug_file_loc></bug_file_loc>
          <status_whiteboard></status_whiteboard>
          <keywords></keywords>
          <priority>P2</priority>
          <bug_severity>normal</bug_severity>
          <target_milestone>---</target_milestone>
          
          
          <everconfirmed>1</everconfirmed>
          <reporter name="Peter Burka">peter_burka</reporter>
          <assigned_to name="Dani Megert">daniel_megert</assigned_to>
          
          
          <votes>0</votes>

      

      

      

          <long_desc isprivate="0">
            <commentid>28134</commentid>
            <who name="Peter Burka">peter_burka</who>
            <bug_when>2002-02-26 12:34:17 -0500</bug_when>
            <thetext>If you select a .java file with multiple classes in it, and select &apos;References&apos;-
&gt;&apos;Workspace&apos; from the context menu in the Packages view, you will be presented 
with a dialog to select which class you mean.

The title of the dialog is &apos;Show in Type Hierarchy&apos; and the first line of text 
says &apos;&amp;Select the type to be shown in Type Hierarchy view&apos;.

It looks like somebody snarfed the type hierarchy selection dialog without 
updating the labels to be more appropriate for searching.

(Tested in 20020214 build)</thetext>
          </long_desc>
          <long_desc isprivate="0">
            <commentid>29018</commentid>
            <who name="Dani Megert">daniel_megert</who>
            <bug_when>2002-02-28 03:30:10 -0500</bug_when>
            <thetext>fixed</thetext>
          </long_desc>
      
      

    </bug>

</bugzilla>