<?xml version="1.0" encoding="UTF-8" standalone="yes" ?>


<bugzilla version="4.2.1"
          urlbase="https://bugs.eclipse.org/bugs/"
          
          maintainer="webmaster@eclipse.org"
>

    <bug>
          <bug_id>10450</bug_id>
          
          <creation_ts>2002-02-27 17:42:00 -0500</creation_ts>
          <short_desc>Launch configurations cannot be shared</short_desc>
          <delta_ts>2002-03-18 10:34:30 -0500</delta_ts>
          <reporter_accessible>1</reporter_accessible>
          <cclist_accessible>1</cclist_accessible>
          <classification_id>2</classification_id>
          <classification>Eclipse</classification>
          <product>JDT</product>
          <component>Debug</component>
          <version>2.0</version>
          <rep_platform>Other</rep_platform>
          <op_sys>other</op_sys>
          <bug_status>RESOLVED</bug_status>
          <resolution>WORKSFORME</resolution>
          
          
          <bug_file_loc></bug_file_loc>
          <status_whiteboard></status_whiteboard>
          <keywords></keywords>
          <priority>P1</priority>
          <bug_severity>normal</bug_severity>
          <target_milestone>2.0 M4</target_milestone>
          
          
          <everconfirmed>1</everconfirmed>
          <reporter name="Jared Burns">jared_burns</reporter>
          <assigned_to name="Jared Burns">jared_burns</assigned_to>
          <cc>Darin_Swanson</cc>
          
          <votes>0</votes>

      

      

      

          <long_desc isprivate="0">
            <commentid>28937</commentid>
            <who name="Jared Burns">jared_burns</who>
            <bug_when>2002-02-27 17:42:42 -0500</bug_when>
            <thetext>1. Create a shared launch configuration
2. Release it to a repository
3. In another workspace, get the configuration from the repository.
4. Click Run to realize the launch configuration dialog. The config does not
appear in the list of launch configs.</thetext>
          </long_desc>
          <long_desc isprivate="0">
            <commentid>30380</commentid>
            <who name="Darin Wright">darin.eclipse</who>
            <bug_when>2002-03-05 17:53:10 -0500</bug_when>
            <thetext>This test works for me in 20020305.</thetext>
          </long_desc>
          <long_desc isprivate="0">
            <commentid>30381</commentid>
            <who name="Darin Wright">darin.eclipse</who>
            <bug_when>2002-03-05 17:53:22 -0500</bug_when>
            <thetext>Please verify.</thetext>
          </long_desc>
          <long_desc isprivate="0">
            <commentid>31710</commentid>
            <who name="Jared Burns">jared_burns</who>
            <bug_when>2002-03-11 11:09:59 -0500</bug_when>
            <thetext>Revised steps:

1. Create a local project Foo containing a class Foo with a main method.
2. Create a shared launch configuration on Foo 
3. Release the config to a repository (the configuration will have to be in a
project other than Foo to be shared)
4. In another workspace that doesn&apos;t contain the project Foo, get the
configuration from the repository.
5. Click Run to realize the launch configuration dialog. The config does not
appear in the list of launch configs.

Although it has errors in the new workspace, the configuration should still
appear in the dialog.</thetext>
          </long_desc>
          <long_desc isprivate="0">
            <commentid>31720</commentid>
            <who name="Darin Wright">darin.eclipse</who>
            <bug_when>2002-03-11 11:20:28 -0500</bug_when>
            <thetext>This case also works for me.</thetext>
          </long_desc>
          <long_desc isprivate="0">
            <commentid>32122</commentid>
            <who name="Darin Wright">darin.eclipse</who>
            <bug_when>2002-03-12 12:10:15 -0500</bug_when>
            <thetext>Please follow this one up. I still have all cases working.</thetext>
          </long_desc>
          <long_desc isprivate="0">
            <commentid>32331</commentid>
            <who name="Jared Burns">jared_burns</who>
            <bug_when>2002-03-13 09:19:17 -0500</bug_when>
            <thetext>This test case seems to only be failing when we import the launch config to a
Win NT workspace. We need to try the test case in a target environment. If we
can reproduce it there, we can debug it.</thetext>
          </long_desc>
          <long_desc isprivate="0">
            <commentid>33437</commentid>
            <who name="Jared Burns">jared_burns</who>
            <bug_when>2002-03-18 10:34:30 -0500</bug_when>
            <thetext>The test case now works correctly on the test machine. Closing.</thetext>
          </long_desc>
      
      

    </bug>

</bugzilla>