<?xml version="1.0" encoding="UTF-8" standalone="yes" ?>


<bugzilla version="4.2.1"
          urlbase="https://bugs.eclipse.org/bugs/"
          
          maintainer="webmaster@eclipse.org"
>

    <bug>
          <bug_id>10126</bug_id>
          
          <creation_ts>2002-02-22 18:54:00 -0500</creation_ts>
          <short_desc>allow programmatic access to the editor tiling feature</short_desc>
          <delta_ts>2002-05-01 17:09:10 -0400</delta_ts>
          <reporter_accessible>1</reporter_accessible>
          <cclist_accessible>1</cclist_accessible>
          <classification_id>2</classification_id>
          <classification>Eclipse</classification>
          <product>Platform</product>
          <component>UI</component>
          <version>2.0</version>
          <rep_platform>PC</rep_platform>
          <op_sys>Windows 2000</op_sys>
          <bug_status>RESOLVED</bug_status>
          <resolution>FIXED</resolution>
          
          
          <bug_file_loc></bug_file_loc>
          <status_whiteboard></status_whiteboard>
          <keywords></keywords>
          <priority>P3</priority>
          <bug_severity>enhancement</bug_severity>
          <target_milestone>---</target_milestone>
          
          
          <everconfirmed>1</everconfirmed>
          <reporter name="David Dean">david.dean</reporter>
          <assigned_to name="Kevin Haaland">Kevin_Haaland</assigned_to>
          
          
          <votes>0</votes>

      

      

      

          <long_desc isprivate="0">
            <commentid>27720</commentid>
            <who name="David Dean">david.dean</who>
            <bug_when>2002-02-22 18:54:34 -0500</bug_when>
            <thetext>By dragging on a tab in the editor, it&apos;s possible to tile open documents so that
more than one is visible simultaneously. There is no public programmatic access to
this functionality however, as far as I can tell. I would like to propose adding
this. There may be tools where it is common for the user to need to interact
between two or more documents that are open in the editor, for instance to drag
&amp; drop. In that case it might be nice to provide a button or menu item which
invokes the tiling, without having to use the tab dragging technique, which is
kind of obscure.</thetext>
          </long_desc>
          <long_desc isprivate="0">
            <commentid>48719</commentid>
            <who name="Kevin Haaland">Kevin_Haaland</who>
            <bug_when>2002-05-01 17:09:10 -0400</bug_when>
            <thetext>The multipage editor support has been extended to support tiling editors. 
Please give it a try and let us know if it is sufficient. </thetext>
          </long_desc>
      
      

    </bug>

</bugzilla>