<?xml version="1.0" encoding="UTF-8" standalone="yes" ?>


<bugzilla version="4.2.1"
          urlbase="https://bugs.eclipse.org/bugs/"
          
          maintainer="webmaster@eclipse.org"
>

    <bug>
          <bug_id>10241</bug_id>
          
          <creation_ts>2002-02-26 05:53:00 -0500</creation_ts>
          <short_desc>Remaining references to com.ibm</short_desc>
          <delta_ts>2002-03-01 04:36:57 -0500</delta_ts>
          <reporter_accessible>1</reporter_accessible>
          <cclist_accessible>1</cclist_accessible>
          <classification_id>2</classification_id>
          <classification>Eclipse</classification>
          <product>JDT</product>
          <component>Core</component>
          <version>2.0</version>
          <rep_platform>PC</rep_platform>
          <op_sys>Windows 2000</op_sys>
          <bug_status>RESOLVED</bug_status>
          <resolution>FIXED</resolution>
          
          
          <bug_file_loc></bug_file_loc>
          <status_whiteboard></status_whiteboard>
          <keywords></keywords>
          <priority>P3</priority>
          <bug_severity>normal</bug_severity>
          <target_milestone>2.0 M4</target_milestone>
          
          
          <everconfirmed>1</everconfirmed>
          <reporter name="Jerome Lanneluc">jerome_lanneluc</reporter>
          <assigned_to name="Olivier Thomann">Olivier_Thomann</assigned_to>
          
          
          <votes>0</votes>

      

      

      

          <long_desc isprivate="0">
            <commentid>28000</commentid>
            <who name="Jerome Lanneluc">jerome_lanneluc</who>
            <bug_when>2002-02-26 05:53:28 -0500</bug_when>
            <thetext>Build 20020214

Performing a text search on &apos;com.ibm&apos; finds 36 ocurrences.
They should be changed to &apos;org.eclipse&apos;</thetext>
          </long_desc>
          <long_desc isprivate="0">
            <commentid>28133</commentid>
            <who name="Olivier Thomann">Olivier_Thomann</who>
            <bug_when>2002-02-26 12:32:52 -0500</bug_when>
            <thetext>Fixed.</thetext>
          </long_desc>
      
      

    </bug>

</bugzilla>