<?xml version="1.0" encoding="UTF-8" standalone="yes" ?>


<bugzilla version="4.2.1"
          urlbase="https://bugs.eclipse.org/bugs/"
          
          maintainer="webmaster@eclipse.org"
>

    <bug>
          <bug_id>10571</bug_id>
          
          <creation_ts>2002-03-01 05:52:00 -0500</creation_ts>
          <short_desc>WizardPage shows plug-ins not found when plug-ins exist</short_desc>
          <delta_ts>2005-01-18 16:44:37 -0500</delta_ts>
          <reporter_accessible>1</reporter_accessible>
          <cclist_accessible>1</cclist_accessible>
          <classification_id>2</classification_id>
          <classification>Eclipse</classification>
          <product>PDE</product>
          <component>UI</component>
          <version>2.0</version>
          <rep_platform>PC</rep_platform>
          <op_sys>Windows 2000</op_sys>
          <bug_status>RESOLVED</bug_status>
          <resolution>FIXED</resolution>
          
          
          <bug_file_loc></bug_file_loc>
          <status_whiteboard></status_whiteboard>
          <keywords></keywords>
          <priority>P3</priority>
          <bug_severity>normal</bug_severity>
          <target_milestone>---</target_milestone>
          
          
          <everconfirmed>1</everconfirmed>
          <reporter name="Unknown User">unknown</reporter>
          <assigned_to name="Dejan Glozic">dejan</assigned_to>
          
          
          <votes>0</votes>

      

      

      

          <long_desc isprivate="0">
            <commentid>29405</commentid>
            <who name="Unknown User">unknown676</who>
            <bug_when>2002-03-01 05:52:58 -0500</bug_when>
            <thetext>1)File-&gt;import...-&gt;External Plug-ins and Fragments
2)Next
3)Select &apos;import plug-ins from the file system&apos; and choose some location
ex. C:\Temp
4)Next : the wizard page appears showing no plug-ins found
5)Back 
6)Select &apos;choose from plug-ins in the runtime platform&apos;
7)Next

The wizard page will appear showing no plug-ins found. This is incorrect. If I 
choose &apos;choose from plug-ins in the runtime platform&apos; right off the bat plug-
ins will be found.

-&gt;20020226. JRT</thetext>
          </long_desc>
          <long_desc isprivate="0">
            <commentid>29650</commentid>
            <who name="Erich Gamma">erich_gamma</who>
            <bug_when>2002-03-03 18:28:44 -0500</bug_when>
            <thetext>this function is not provided by PDE - moving</thetext>
          </long_desc>
          <long_desc isprivate="0">
            <commentid>29659</commentid>
            <who name="Dejan Glozic">dejan</who>
            <bug_when>2002-03-03 19:03:32 -0500</bug_when>
            <thetext>Can reproduce it every time - fixed.</thetext>
          </long_desc>
      
      

    </bug>

</bugzilla>