<?xml version="1.0" encoding="UTF-8" standalone="yes" ?>


<bugzilla version="4.2.1"
          urlbase="https://bugs.eclipse.org/bugs/"
          
          maintainer="webmaster@eclipse.org"
>

    <bug>
          <bug_id>10155</bug_id>
          
          <creation_ts>2002-02-25 09:07:00 -0500</creation_ts>
          <short_desc>Automatic activation of &apos;CVS console&apos; when running CVS commands</short_desc>
          <delta_ts>2002-04-09 14:40:05 -0400</delta_ts>
          <reporter_accessible>1</reporter_accessible>
          <cclist_accessible>1</cclist_accessible>
          <classification_id>2</classification_id>
          <classification>Eclipse</classification>
          <product>Platform</product>
          <component>Team</component>
          <version>2.0</version>
          <rep_platform>All</rep_platform>
          <op_sys>All</op_sys>
          <bug_status>VERIFIED</bug_status>
          <resolution>FIXED</resolution>
          
          
          <bug_file_loc></bug_file_loc>
          <status_whiteboard></status_whiteboard>
          <keywords></keywords>
          <priority>P3</priority>
          <bug_severity>enhancement</bug_severity>
          <target_milestone>2.0 M5</target_milestone>
          
          
          <everconfirmed>1</everconfirmed>
          <reporter name="Philippe Duperron">pduperron</reporter>
          <assigned_to name="Jeff Brown">jeff_brown</assigned_to>
          
          
          <votes>0</votes>

      

      

      

          <long_desc isprivate="0">
            <commentid>27777</commentid>
            <who name="Philippe Duperron">pduperron</who>
            <bug_when>2002-02-25 09:07:09 -0500</bug_when>
            <thetext>It would be nice if the &apos;CVS console&apos; view could be automatically activated or
focused just before the beginning of a cvs command.</thetext>
          </long_desc>
          <long_desc isprivate="0">
            <commentid>27793</commentid>
            <who name="James Moody">James_Moody</who>
            <bug_when>2002-02-25 10:00:39 -0500</bug_when>
            <thetext>We should provide a preference that says whether the CVS console should be shown
when output is produced, the same as the Debug console does.</thetext>
          </long_desc>
          <long_desc isprivate="0">
            <commentid>37652</commentid>
            <who name="Jeff Brown">jeff_brown</who>
            <bug_when>2002-04-01 14:59:49 -0500</bug_when>
            <thetext>Added &apos;open console on output&apos; preference.
</thetext>
          </long_desc>
          <long_desc isprivate="0">
            <commentid>40070</commentid>
            <who name="James Moody">James_Moody</who>
            <bug_when>2002-04-09 14:40:05 -0400</bug_when>
            <thetext>Verified.</thetext>
          </long_desc>
      
      

    </bug>

</bugzilla>