<?xml version="1.0" encoding="UTF-8" standalone="yes" ?>


<bugzilla version="4.2.1"
          urlbase="https://bugs.eclipse.org/bugs/"
          
          maintainer="webmaster@eclipse.org"
>

    <bug>
          <bug_id>10631</bug_id>
          
          <creation_ts>2002-03-02 12:59:00 -0500</creation_ts>
          <short_desc>package view: no refresh when deleting methods or &quot;override methods&quot;</short_desc>
          <delta_ts>2002-03-15 07:21:45 -0500</delta_ts>
          <reporter_accessible>1</reporter_accessible>
          <cclist_accessible>1</cclist_accessible>
          <classification_id>2</classification_id>
          <classification>Eclipse</classification>
          <product>JDT</product>
          <component>UI</component>
          <version>2.0</version>
          <rep_platform>PC</rep_platform>
          <op_sys>Windows 2000</op_sys>
          <bug_status>RESOLVED</bug_status>
          <resolution>WONTFIX</resolution>
          
          
          <bug_file_loc></bug_file_loc>
          <status_whiteboard></status_whiteboard>
          <keywords></keywords>
          <priority>P3</priority>
          <bug_severity>normal</bug_severity>
          <target_milestone>---</target_milestone>
          
          
          <everconfirmed>1</everconfirmed>
          <reporter name="Dieter Rehbein">dieter.rehbein</reporter>
          <assigned_to name="Dani Megert">daniel_megert</assigned_to>
          
          
          <votes>0</votes>

      

      

      

          <long_desc isprivate="0">
            <commentid>29598</commentid>
            <who name="Dieter Rehbein">dieter.rehbein</who>
            <bug_when>2002-03-02 12:59:33 -0500</bug_when>
            <thetext>If you delete methods within the package view or add methods using &quot;override 
methods&quot;, the package-view is not refreshed (the editor and outline is 
refreshed correctly).</thetext>
          </long_desc>
          <long_desc isprivate="0">
            <commentid>29642</commentid>
            <who name="Erich Gamma">erich_gamma</who>
            <bug_when>2002-03-03 18:03:42 -0500</bug_when>
            <thetext>The view is refreshed on save only the outline view is updated as the user 
makes changes we will revisit this for 2.0, but it is a time permitting item.</thetext>
          </long_desc>
          <long_desc isprivate="0">
            <commentid>31647</commentid>
            <who name="Dani Megert">daniel_megert</who>
            <bug_when>2002-03-11 10:13:12 -0500</bug_when>
            <thetext>Today the Outline view is tighlty coupled with the editor (i.e. its model) and
hence shows the current state of the editor. All other JDT views are based on
the saved state.

If we decide to change the Packages view then all JDT views (e.g. Members view)
 will use the editor state (i.e. working copy).</thetext>
          </long_desc>
          <long_desc isprivate="0">
            <commentid>33022</commentid>
            <who name="Dani Megert">daniel_megert</who>
            <bug_when>2002-03-15 07:21:45 -0500</bug_when>
            <thetext>This is a general JDT issue and will be solved when switching to &quot;working copies
everywehere&quot;
</thetext>
          </long_desc>
      
      

    </bug>

</bugzilla>