<?xml version="1.0" encoding="UTF-8" standalone="yes" ?>


<bugzilla version="4.2.1"
          urlbase="https://bugs.eclipse.org/bugs/"
          
          maintainer="webmaster@eclipse.org"
>

    <bug>
          <bug_id>10540</bug_id>
          
          <creation_ts>2002-02-28 17:20:00 -0500</creation_ts>
          <short_desc>[CVS Core] CVS sync info writing should maintain consistency</short_desc>
          <delta_ts>2004-05-28 15:36:16 -0400</delta_ts>
          <reporter_accessible>1</reporter_accessible>
          <cclist_accessible>1</cclist_accessible>
          <classification_id>2</classification_id>
          <classification>Eclipse</classification>
          <product>Platform</product>
          <component>Team</component>
          <version>2.0</version>
          <rep_platform>PC</rep_platform>
          <op_sys>All</op_sys>
          <bug_status>RESOLVED</bug_status>
          <resolution>WONTFIX</resolution>
          
          
          <bug_file_loc></bug_file_loc>
          <status_whiteboard></status_whiteboard>
          <keywords></keywords>
          <priority>P3</priority>
          <bug_severity>normal</bug_severity>
          <target_milestone>---</target_milestone>
          
          
          <everconfirmed>1</everconfirmed>
          <reporter name="Kevin McGuire">Kevin_McGuire</reporter>
          <assigned_to name="Platform-VCM-Inbox">platform-vcm-inbox</assigned_to>
          <cc>Michael_Valenta</cc>
          
          <votes>0</votes>

      

      

      

          <long_desc isprivate="0">
            <commentid>29337</commentid>
            <who name="Kevin McGuire">Kevin_McGuire</who>
            <bug_when>2002-02-28 17:20:43 -0500</bug_when>
            <thetext>We need to ensure that our method for writing sync info is resilient against 
failure.  That is, ideally a temp sync info file should first be written, then 
renamed to be the real one.  That way if failure occurs the worst case is that 
the user has old sync info but newer resources, which seems like recoverable 
situation.</thetext>
          </long_desc>
          <long_desc isprivate="0">
            <commentid>47618</commentid>
            <who name="Kevin McGuire">Kevin_McGuire</who>
            <bug_when>2002-04-29 17:22:45 -0400</bug_when>
            <thetext>Its pretty good the way it is now.
Super-duper implementation suggest below for post 2.0</thetext>
          </long_desc>
          <long_desc isprivate="0">
            <commentid>90655</commentid>
            <who name="Michael Valenta">Michael_Valenta</who>
            <bug_when>2002-09-09 14:33:26 -0400</bug_when>
            <thetext>Reopening</thetext>
          </long_desc>
          <long_desc isprivate="0">
            <commentid>291535</commentid>
            <who name="Michael Valenta">Michael_Valenta</who>
            <bug_when>2004-05-28 15:36:16 -0400</bug_when>
            <thetext>No need to improve this given that we have pretty good sync info reconcilation 
support (Mark as Merged,Clean Timestamps and sharing reconcilation).</thetext>
          </long_desc>
      
      

    </bug>

</bugzilla>