<?xml version="1.0" encoding="UTF-8" standalone="yes" ?>


<bugzilla version="4.2.1"
          urlbase="https://bugs.eclipse.org/bugs/"
          
          maintainer="webmaster@eclipse.org"
>

    <bug>
          <bug_id>10009</bug_id>
          
          <creation_ts>2002-02-19 15:32:00 -0500</creation_ts>
          <short_desc>Creating image descriptor registry on shutdown</short_desc>
          <delta_ts>2002-02-27 14:52:42 -0500</delta_ts>
          <reporter_accessible>1</reporter_accessible>
          <cclist_accessible>1</cclist_accessible>
          <classification_id>2</classification_id>
          <classification>Eclipse</classification>
          <product>JDT</product>
          <component>Debug</component>
          <version>2.0</version>
          <rep_platform>PC</rep_platform>
          <op_sys>Windows 2000</op_sys>
          <bug_status>VERIFIED</bug_status>
          <resolution>FIXED</resolution>
          
          
          <bug_file_loc></bug_file_loc>
          <status_whiteboard></status_whiteboard>
          <keywords></keywords>
          <priority>P3</priority>
          <bug_severity>normal</bug_severity>
          <target_milestone>---</target_milestone>
          
          
          <everconfirmed>1</everconfirmed>
          <reporter name="Darin Swanson">Darin_Swanson</reporter>
          <assigned_to name="Darin Wright">darin.eclipse</assigned_to>
          <cc>tmaslen</cc>
          
          <votes>0</votes>

      

      

      

          <long_desc isprivate="0">
            <commentid>27500</commentid>
            <who name="Darin Swanson">Darin_Swanson</who>
            <bug_when>2002-02-19 15:32:17 -0500</bug_when>
            <thetext>The JDIDebugUIPlugin is incorrectly triggering the creation of the image 
descriptor registry at shutdown.

Current Java thread:
        at org.eclipse.swt.internal.motif.OS.XtOpenDisplay(Native Method)
        at org.eclipse.swt.widgets.Display.createDisplay(Display.java:442)
        at org.eclipse.swt.widgets.Display.create(Display.java:403)
        at org.eclipse.swt.graphics.Device.&lt;init&gt;(Device.java:104)
        at org.eclipse.swt.widgets.Display.&lt;init&gt;(Display.java:305)
        at org.eclipse.swt.widgets.Display.&lt;init&gt;(Display.java:302)
        at org.eclipse.swt.widgets.Display.getDefault(Display.java:679)
        at
org.eclipse.jdt.internal.debug.ui.JDIDebugUIPlugin.getStandardDisplay
(JDIDebugUIPlugin.java:305)
        at
org.eclipse.jdt.internal.debug.ui.ImageDescriptorRegistry.&lt;init&gt;
(ImageDescriptorRegistry.java:30)
        at
org.eclipse.jdt.internal.debug.ui.JDIDebugUIPlugin.getImageDescriptorRegistry
(JDIDebugUIPlugin.java:291)
        at
org.eclipse.jdt.internal.debug.ui.JDIDebugUIPlugin.shutdown
(JDIDebugUIPlugin.java:206)
        at
org.eclipse.core.internal.plugins.PluginRegistry$2.run(PluginRegistry.java:268)
        at
org.eclipse.core.internal.runtime.InternalPlatform.run
(InternalPlatform.java:817)
        at
org.eclipse.core.internal.plugins.PluginRegistry$1.visit
(PluginRegistry.java:281)
        at
org.eclipse.core.internal.plugins.PluginRegistry.accept(PluginRegistry.java:45)
        at
org.eclipse.core.internal.plugins.PluginRegistry.shutdownPlugins
(PluginRegistry.java:284)
        at
org.eclipse.core.internal.plugins.PluginRegistry.shutdown
(PluginRegistry.java:250)</thetext>
          </long_desc>
          <long_desc isprivate="0">
            <commentid>27549</commentid>
            <who name="Darin Swanson">Darin_Swanson</who>
            <bug_when>2002-02-20 22:05:39 -0500</bug_when>
            <thetext>Fixed in JDIDebugUIPlugin.
Please verify.</thetext>
          </long_desc>
          <long_desc isprivate="0">
            <commentid>28688</commentid>
            <who name="Darin Wright">darin.eclipse</who>
            <bug_when>2002-02-27 11:15:55 -0500</bug_when>
            <thetext>*** Bug 9960 has been marked as a duplicate of this bug. ***</thetext>
          </long_desc>
          <long_desc isprivate="0">
            <commentid>28838</commentid>
            <who name="Darin Wright">darin.eclipse</who>
            <bug_when>2002-02-27 14:51:45 -0500</bug_when>
            <thetext>Verified.</thetext>
          </long_desc>
      
      

    </bug>

</bugzilla>