<?xml version="1.0" encoding="UTF-8" standalone="yes" ?>


<bugzilla version="4.2.1"
          urlbase="https://bugs.eclipse.org/bugs/"
          
          maintainer="webmaster@eclipse.org"
>

    <bug>
          <bug_id>10507</bug_id>
          
          <creation_ts>2002-02-28 12:55:00 -0500</creation_ts>
          <short_desc>creating a remote project with invalid info</short_desc>
          <delta_ts>2009-01-12 09:19:55 -0500</delta_ts>
          <reporter_accessible>1</reporter_accessible>
          <cclist_accessible>1</cclist_accessible>
          <classification_id>4</classification_id>
          <classification>Tools</classification>
          <product>CDT</product>
          <component>cdt-other</component>
          <version>2.0</version>
          <rep_platform>PC</rep_platform>
          <op_sys>Linux</op_sys>
          <bug_status>RESOLVED</bug_status>
          <resolution>FIXED</resolution>
          
          
          <bug_file_loc></bug_file_loc>
          <status_whiteboard></status_whiteboard>
          <keywords></keywords>
          <priority>P3</priority>
          <bug_severity>minor</bug_severity>
          <target_milestone>---</target_milestone>
          
          
          <everconfirmed>1</everconfirmed>
          <reporter name="Enrique Varillas">enriquev</reporter>
          <assigned_to name="David McKnight">dmcknigh</assigned_to>
          
          
          <votes>0</votes>

      

      

      

          <long_desc isprivate="0">
            <commentid>29209</commentid>
            <who name="Enrique Varillas">enriquev</who>
            <bug_when>2002-02-28 12:55:17 -0500</bug_when>
            <thetext>When creating a remote project, if a user accidentally fails to provide a
&quot;Directory&quot; in the C/C++ Project wizard, then attempting to open the project 
will succeed but RMC on the open project will result in a NUllPointerException
in the server. The client GUI shows an empty project and no errors.
Need to avoid creating the project if there is missing information or at least
provide some error dialog box when the project is opened.</thetext>
          </long_desc>
          <long_desc isprivate="0">
            <commentid>63526</commentid>
            <who name="David McKnight">dmcknigh</who>
            <bug_when>2002-05-30 12:43:36 -0400</bug_when>
            <thetext>I&apos;ve added a check on the host dir field so that &quot;finish&quot; is disabled when no 
directory is specified.  </thetext>
          </long_desc>
      
      

    </bug>

</bugzilla>