<?xml version="1.0" encoding="UTF-8" standalone="yes" ?>


<bugzilla version="4.2.1"
          urlbase="https://bugs.eclipse.org/bugs/"
          
          maintainer="webmaster@eclipse.org"
>

    <bug>
          <bug_id>10496</bug_id>
          
          <creation_ts>2002-02-28 11:39:00 -0500</creation_ts>
          <short_desc>DOM/AST: need for a node that holds the body statements of a ClassInstanceCreation</short_desc>
          <delta_ts>2002-03-06 11:09:43 -0500</delta_ts>
          <reporter_accessible>1</reporter_accessible>
          <cclist_accessible>1</cclist_accessible>
          <classification_id>2</classification_id>
          <classification>Eclipse</classification>
          <product>JDT</product>
          <component>Core</component>
          <version>2.0</version>
          <rep_platform>PC</rep_platform>
          <op_sys>Windows 2000</op_sys>
          <bug_status>RESOLVED</bug_status>
          <resolution>FIXED</resolution>
          
          
          <bug_file_loc></bug_file_loc>
          <status_whiteboard></status_whiteboard>
          <keywords></keywords>
          <priority>P3</priority>
          <bug_severity>normal</bug_severity>
          <target_milestone>2.0 M4</target_milestone>
          
          
          <everconfirmed>1</everconfirmed>
          <reporter name="Dirk Baeumer">dirk_baeumer</reporter>
          <assigned_to name="Jim des Rivieres">jim_des_rivieres</assigned_to>
          <cc>Olivier_Thomann</cc>
          
          <votes>0</votes>

      

      

      

          <long_desc isprivate="0">
            <commentid>29159</commentid>
            <who name="Dirk Baeumer">dirk_baeumer</who>
            <bug_when>2002-02-28 11:39:26 -0500</bug_when>
            <thetext>Now that I understand anonymous types better I found out that a common pattern 
we use is not straight forward to implement. The case is as follows: when we do 
analysis of a method we avoid visiting local type declarations. We did this by 
simply returning false from the corresponding visit methods (old AST). In the 
new world this got tricky for anonymous inner types. I know have to write the 
following code:

boolean visit(ClassInstanceCreation node) {
  if (!node.isisAnonymousClassDeclaration())
    return true;

  // visit everything except the body declarations
  node.getExpression().accept(this);
  node.getName().accept(this);
  for (Iterator iter= node.arguments().iterator(); iter.hasNext(); )
     ((ASTNode)iter.next()).accept(this);
  return false;
}

Having a special node holding the body declaration would make this less error 
prone. What do you think about introducing a new node 
AnonymousTypeDeclarationBody. Then we would have a special visit method and 
could treat this case like other type declarations.</thetext>
          </long_desc>
          <long_desc isprivate="0">
            <commentid>29268</commentid>
            <who name="Jim des Rivieres">jim_des_rivieres</who>
            <bug_when>2002-02-28 14:52:57 -0500</bug_when>
            <thetext>Agreed. Adding a new type of node to hold the anonymous class declaration
would make it simpler all around.

Proposal:
+ public class AnonymousClassDeclaration extends ASTNode {
   public List bodyDeclarations();
   public ITypeBinding resolveBinding();
}

ClassInstanceCreation
+   public AnonymousClassDeclaration getAnonymousClassDeclaration();
+   public void setAnonymousClassDeclaration(AnonymousClassDeclaration anon);
-   public List bodyDeclarations();
-   public boolean isAnonymousClassDeclaration();
-   public void setAnonymousClassDeclaration(boolean isAnon);

</thetext>
          </long_desc>
          <long_desc isprivate="0">
            <commentid>30567</commentid>
            <who name="Olivier Thomann">Olivier_Thomann</who>
            <bug_when>2002-03-06 11:09:43 -0500</bug_when>
            <thetext>Fixed and released in HEAD.</thetext>
          </long_desc>
      
      

    </bug>

</bugzilla>