<?xml version="1.0" encoding="UTF-8" standalone="yes" ?>


<bugzilla version="4.2.1"
          urlbase="https://bugs.eclipse.org/bugs/"
          
          maintainer="webmaster@eclipse.org"
>

    <bug>
          <bug_id>10264</bug_id>
          
          <creation_ts>2002-02-26 11:23:00 -0500</creation_ts>
          <short_desc>BuildAll with curcular dependencies fails but builds with JAVAC</short_desc>
          <delta_ts>2002-02-26 12:52:31 -0500</delta_ts>
          <reporter_accessible>1</reporter_accessible>
          <cclist_accessible>1</cclist_accessible>
          <classification_id>2</classification_id>
          <classification>Eclipse</classification>
          <product>Platform</product>
          <component>Resources</component>
          <version>1.0</version>
          <rep_platform>PC</rep_platform>
          <op_sys>Windows 2000</op_sys>
          <bug_status>RESOLVED</bug_status>
          <resolution>DUPLICATE</resolution>
          <dup_id>10262</dup_id>
          
          <bug_file_loc></bug_file_loc>
          <status_whiteboard></status_whiteboard>
          <keywords></keywords>
          <priority>P1</priority>
          <bug_severity>critical</bug_severity>
          <target_milestone>---</target_milestone>
          
          
          <everconfirmed>1</everconfirmed>
          <reporter name="Larry Keeling">lkeeling</reporter>
          <assigned_to name="DJ Houghton">dj_houghton</assigned_to>
          
          
          <votes>0</votes>

      

      

      

          <long_desc isprivate="0">
            <commentid>28074</commentid>
            <who name="Larry Keeling">lkeeling</who>
            <bug_when>2002-02-26 11:23:21 -0500</bug_when>
            <thetext>Customers have been reporting problems trying to build large applications 
(i.e.  more than 35 projects).
Although there are several scenarios that this problems occurs, the simpliest 
way to think of this is 
then a customer starts with a new workspace, loads the source of the large 
application and selects Rebuild All.
The result is a few thousand errors in the task list.  The same source can be 
built using JAVAC (i.e builds
with out any errors).

The difference in the build results between using JAVAC and Eclipse appears to 
related to circular dependencies.
The reasons for having circular dependencies in these large applications varies 
with each customer.  From the
customer&apos;s point of view they have many developers using this structure and 
their nightly builds (using JAVAC)
build without any errors.  Thus they expect the IDE to be able to build the 
same code without errors.  In addition
waiting for V2 of Eclipse is not a alternative for these customers.  Also 
building individual projects is also not
alternaitve since it can take a long, long time to get all the parts build 
without errors using elipse.

To demonstrate the problem I have created a testcase using 6 projects.  

Here are the steps using Eclipse:

0)  Turn off Automatic build on Windows-&gt;Perferences

1)  Create the projects:
	CycleDB
	CycleMain
	CyclePeople
	CyclePolicy
	CycleServer
	CycleUtil

2)  Import from the file system into CycleDB the following:
	ivjdab.jar
	vajAS400ET.jar
	vajrmi.jar
	dax.jar
    Import from the file system into CycleServer the following:
	VAJSQLJ.jar

    The jars files are in RTJars.zip	
 
3)  Import the java source into each project from the corresponding jars files 
(which are in Cycle.zip).
    Ensure that the .classpath file is replaced during the import. 

4)  Select Project-&gt;Rebuild All

The result will be a few hundred build errors.

Here are the steps using JAVAC:

1) Ensure you have a 1.3 JDK installed

2) Place the bld.cmd (which is in Cycle.zip) in the Eclpise workspace directory

3) From the command line remove all the class files in the workspace directory 
tree
   (for example issue del *.class /s from the workspace directory)

4) Ensure JAVAC is on your path

5) Run bld.cmd
 
The result is a successful build with no errors.

The zip files Cycle and RTJars are available on request.</thetext>
          </long_desc>
          <long_desc isprivate="0">
            <commentid>28149</commentid>
            <who name="Larry Keeling">lkeeling</who>
            <bug_when>2002-02-26 12:52:31 -0500</bug_when>
            <thetext>

*** This bug has been marked as a duplicate of 10262 ***</thetext>
          </long_desc>
      
      

    </bug>

</bugzilla>