<?xml version="1.0" encoding="UTF-8" standalone="yes" ?>


<bugzilla version="4.2.1"
          urlbase="https://bugs.eclipse.org/bugs/"
          
          maintainer="webmaster@eclipse.org"
>

    <bug>
          <bug_id>10295</bug_id>
          
          <creation_ts>2002-02-26 14:16:00 -0500</creation_ts>
          <short_desc>Opening connection message needs a space</short_desc>
          <delta_ts>2002-02-26 14:35:00 -0500</delta_ts>
          <reporter_accessible>1</reporter_accessible>
          <cclist_accessible>1</cclist_accessible>
          <classification_id>2</classification_id>
          <classification>Eclipse</classification>
          <product>Platform</product>
          <component>Team</component>
          <version>2.0</version>
          <rep_platform>PC</rep_platform>
          <op_sys>other</op_sys>
          <bug_status>RESOLVED</bug_status>
          <resolution>FIXED</resolution>
          
          
          <bug_file_loc></bug_file_loc>
          <status_whiteboard></status_whiteboard>
          <keywords></keywords>
          <priority>P3</priority>
          <bug_severity>normal</bug_severity>
          <target_milestone>---</target_milestone>
          
          
          <everconfirmed>1</everconfirmed>
          <reporter name="Lynne Kues">lynne_kues</reporter>
          <assigned_to name="Kevin McGuire">Kevin_McGuire</assigned_to>
          
          
          <votes>0</votes>

      

      

      

          <long_desc isprivate="0">
            <commentid>28199</commentid>
            <who name="Lynne Kues">lynne_kues</who>
            <bug_when>2002-02-26 14:16:01 -0500</bug_when>
            <thetext>Build 20020214.

When you create a new repository location, the connection message on the 
progress bar is as follows:

   Openingconnection...

There needs to be a space between the words.</thetext>
          </long_desc>
          <long_desc isprivate="0">
            <commentid>28233</commentid>
            <who name="James Moody">James_Moody</who>
            <bug_when>2002-02-26 14:35:00 -0500</bug_when>
            <thetext>Duplicate. already fixed.</thetext>
          </long_desc>
      
      

    </bug>

</bugzilla>