<?xml version="1.0" encoding="UTF-8" standalone="yes" ?>


<bugzilla version="4.2.1"
          urlbase="https://bugs.eclipse.org/bugs/"
          
          maintainer="webmaster@eclipse.org"
>

    <bug>
          <bug_id>10516</bug_id>
          
          <creation_ts>2002-02-28 15:15:00 -0500</creation_ts>
          <short_desc>Random decoration order is not ideal</short_desc>
          <delta_ts>2002-05-14 16:54:56 -0400</delta_ts>
          <reporter_accessible>1</reporter_accessible>
          <cclist_accessible>1</cclist_accessible>
          <classification_id>2</classification_id>
          <classification>Eclipse</classification>
          <product>Platform</product>
          <component>Team</component>
          <version>1.0</version>
          <rep_platform>PC</rep_platform>
          <op_sys>All</op_sys>
          <bug_status>RESOLVED</bug_status>
          <resolution>FIXED</resolution>
          
          
          <bug_file_loc></bug_file_loc>
          <status_whiteboard></status_whiteboard>
          <keywords></keywords>
          <priority>P5</priority>
          <bug_severity>normal</bug_severity>
          <target_milestone>2.0 M6</target_milestone>
          <dependson>10526</dependson>
          
          <everconfirmed>1</everconfirmed>
          <reporter name="James Moody">James_Moody</reporter>
          <assigned_to name="Kevin McGuire">Kevin_McGuire</assigned_to>
          <cc>jean-michel_lemieux</cc>
    
    <cc>nick_edgar</cc>
          
          <votes>0</votes>

      

      

      

          <long_desc isprivate="0">
            <commentid>29277</commentid>
            <who name="James Moody">James_Moody</who>
            <bug_when>2002-02-28 15:15:03 -0500</bug_when>
            <thetext>Icons in the navigator which are decorated by the CVs decorator are done so in
seemingly random order.It would be better if they were decorated in a consistent
order. With new performance improvements in the decorator, it may be less
noticeable now.</thetext>
          </long_desc>
          <long_desc isprivate="0">
            <commentid>29302</commentid>
            <who name="Kevin McGuire">Kevin_McGuire</who>
            <bug_when>2002-02-28 16:38:48 -0500</bug_when>
            <thetext>I actually just spoke with Nick about this.  

See #10526.

Also note, if our sync info support was faster we may not need to do decorators 
in background thread, although to be a good citizen we should anyway.</thetext>
          </long_desc>
          <long_desc isprivate="0">
            <commentid>53557</commentid>
            <who name="Kevin McGuire">Kevin_McGuire</who>
            <bug_when>2002-05-14 16:54:38 -0400</bug_when>
            <thetext>They are now decorated in the order in which they are asked for.</thetext>
          </long_desc>
          <long_desc isprivate="0">
            <commentid>53558</commentid>
            <who name="Kevin McGuire">Kevin_McGuire</who>
            <bug_when>2002-05-14 16:54:56 -0400</bug_when>
            <thetext>(fixed)</thetext>
          </long_desc>
      
      

    </bug>

</bugzilla>