<?xml version="1.0" encoding="UTF-8" standalone="yes" ?>


<bugzilla version="4.2.1"
          urlbase="https://bugs.eclipse.org/bugs/"
          
          maintainer="webmaster@eclipse.org"
>

    <bug>
          <bug_id>10154</bug_id>
          
          <creation_ts>2002-02-25 08:55:00 -0500</creation_ts>
          <short_desc>Breakpoints with thread filter should be labeled as such</short_desc>
          <delta_ts>2002-02-28 11:39:25 -0500</delta_ts>
          <reporter_accessible>1</reporter_accessible>
          <cclist_accessible>1</cclist_accessible>
          <classification_id>2</classification_id>
          <classification>Eclipse</classification>
          <product>JDT</product>
          <component>Debug</component>
          <version>2.0</version>
          <rep_platform>Other</rep_platform>
          <op_sys>other</op_sys>
          <bug_status>VERIFIED</bug_status>
          <resolution>FIXED</resolution>
          
          
          <bug_file_loc></bug_file_loc>
          <status_whiteboard></status_whiteboard>
          <keywords></keywords>
          <priority>P3</priority>
          <bug_severity>normal</bug_severity>
          <target_milestone>---</target_milestone>
          
          
          <everconfirmed>1</everconfirmed>
          <reporter name="Jared Burns">jared_burns</reporter>
          <assigned_to name="Darin Wright">darin.eclipse</assigned_to>
          
          
          <votes>0</votes>

      

      

      

          <long_desc isprivate="0">
            <commentid>27775</commentid>
            <who name="Jared Burns">jared_burns</who>
            <bug_when>2002-02-25 08:55:17 -0500</bug_when>
            <thetext>Breakpoint labels (icon or text) should inform the user when a breakpoint has a
thread filter.</thetext>
          </long_desc>
          <long_desc isprivate="0">
            <commentid>28055</commentid>
            <who name="Jared Burns">jared_burns</who>
            <bug_when>2002-02-26 11:03:10 -0500</bug_when>
            <thetext>Added text label &quot;[filtered]&quot; to filtered breakpoints.</thetext>
          </long_desc>
          <long_desc isprivate="0">
            <commentid>28288</commentid>
            <who name="Darin Wright">darin.eclipse</who>
            <bug_when>2002-02-26 15:00:02 -0500</bug_when>
            <thetext>To be verified</thetext>
          </long_desc>
          <long_desc isprivate="0">
            <commentid>28837</commentid>
            <who name="Darin Wright">darin.eclipse</who>
            <bug_when>2002-02-27 14:50:40 -0500</bug_when>
            <thetext>Would a label like &apos;thread restriction&apos; or &apos;thread filter&apos; be more accurate? 
When I see &apos;filtered&apos; I wonder *what* is filtered.</thetext>
          </long_desc>
          <long_desc isprivate="0">
            <commentid>29113</commentid>
            <who name="Darin Wright">darin.eclipse</who>
            <bug_when>2002-02-28 10:57:27 -0500</bug_when>
            <thetext>Re-opening for consideration</thetext>
          </long_desc>
          <long_desc isprivate="0">
            <commentid>29140</commentid>
            <who name="Jared Burns">jared_burns</who>
            <bug_when>2002-02-28 11:26:12 -0500</bug_when>
            <thetext>Agreed &quot;[thread filtered]&quot; would be clearer.</thetext>
          </long_desc>
          <long_desc isprivate="0">
            <commentid>29154</commentid>
            <who name="Jared Burns">jared_burns</who>
            <bug_when>2002-02-28 11:36:39 -0500</bug_when>
            <thetext>Label changed to &quot;[thread filtered]&quot;</thetext>
          </long_desc>
          <long_desc isprivate="0">
            <commentid>29156</commentid>
            <who name="Jared Burns">jared_burns</who>
            <bug_when>2002-02-28 11:36:52 -0500</bug_when>
            <thetext>Please verify.</thetext>
          </long_desc>
          <long_desc isprivate="0">
            <commentid>29158</commentid>
            <who name="Darin Wright">darin.eclipse</who>
            <bug_when>2002-02-28 11:39:25 -0500</bug_when>
            <thetext>Verified.</thetext>
          </long_desc>
      
      

    </bug>

</bugzilla>