<?xml version="1.0" encoding="UTF-8" standalone="yes" ?>


<bugzilla version="4.2.1"
          urlbase="https://bugs.eclipse.org/bugs/"
          
          maintainer="webmaster@eclipse.org"
>

    <bug>
          <bug_id>10602</bug_id>
          
          <creation_ts>2002-03-01 13:07:00 -0500</creation_ts>
          <short_desc>inconsitent size of &apos;browse colors&apos; buttons in pref pages</short_desc>
          <delta_ts>2002-05-19 19:51:08 -0400</delta_ts>
          <reporter_accessible>1</reporter_accessible>
          <cclist_accessible>1</cclist_accessible>
          <classification_id>2</classification_id>
          <classification>Eclipse</classification>
          <product>JDT</product>
          <component>UI</component>
          <version>2.0</version>
          <rep_platform>PC</rep_platform>
          <op_sys>Windows 2000</op_sys>
          <bug_status>RESOLVED</bug_status>
          <resolution>FIXED</resolution>
          
          
          <bug_file_loc></bug_file_loc>
          <status_whiteboard></status_whiteboard>
          <keywords></keywords>
          <priority>P3</priority>
          <bug_severity>normal</bug_severity>
          <target_milestone>2.0 M6</target_milestone>
          
          
          <everconfirmed>1</everconfirmed>
          <reporter name="Adam Kiezun">akiezun</reporter>
          <assigned_to name="Erich Gamma">erich_gamma</assigned_to>
          
          
          <votes>0</votes>

      

      

      

          <long_desc isprivate="0">
            <commentid>29513</commentid>
            <who name="Adam Kiezun">akiezun</who>
            <bug_when>2002-03-01 13:07:32 -0500</bug_when>
            <thetext>buttons that are used to choose a color for something 
(like console output colors, editor background color etc.) 
come in 2 different sizes - debug has one and everybody else uses another one.

i don&apos;t know what the correct size is - but it should be used consistently 
in the IDE</thetext>
          </long_desc>
          <long_desc isprivate="0">
            <commentid>45760</commentid>
            <who name="Darin Swanson">Darin_Swanson</who>
            <bug_when>2002-04-23 14:57:45 -0400</bug_when>
            <thetext>The console page is using the default ColorFieldEditor...which I believe is 
correctly setting the button dimension hints.  

Propose that jdt ui set the button dimension hints on the &quot;browse color&quot; 
buttons to be consistent.</thetext>
          </long_desc>
          <long_desc isprivate="0">
            <commentid>52477</commentid>
            <who name="Erich Gamma">erich_gamma</who>
            <bug_when>2002-05-11 15:23:11 -0400</bug_when>
            <thetext>editor preference pages will be reworked and we will likely not use color 
buttons at all.</thetext>
          </long_desc>
          <long_desc isprivate="0">
            <commentid>55914</commentid>
            <who name="Erich Gamma">erich_gamma</who>
            <bug_when>2002-05-19 19:51:08 -0400</bug_when>
            <thetext>in 20020519</thetext>
          </long_desc>
      
      

    </bug>

</bugzilla>