<?xml version="1.0" encoding="UTF-8" standalone="yes" ?>


<bugzilla version="4.2.1"
          urlbase="https://bugs.eclipse.org/bugs/"
          
          maintainer="webmaster@eclipse.org"
>

    <bug>
          <bug_id>10177</bug_id>
          
          <creation_ts>2002-02-25 11:41:00 -0500</creation_ts>
          <short_desc>Accessibility problems with Appearance preference page</short_desc>
          <delta_ts>2002-03-06 10:08:58 -0500</delta_ts>
          <reporter_accessible>1</reporter_accessible>
          <cclist_accessible>1</cclist_accessible>
          <classification_id>2</classification_id>
          <classification>Eclipse</classification>
          <product>Platform</product>
          <component>UI</component>
          <version>2.0</version>
          <rep_platform>PC</rep_platform>
          <op_sys>Windows 2000</op_sys>
          <bug_status>RESOLVED</bug_status>
          <resolution>FIXED</resolution>
          
          
          <bug_file_loc></bug_file_loc>
          <status_whiteboard></status_whiteboard>
          <keywords>accessibility</keywords>
          <priority>P3</priority>
          <bug_severity>normal</bug_severity>
          <target_milestone>---</target_milestone>
          
          
          <everconfirmed>1</everconfirmed>
          <reporter name="Tod Creasey">Tod_Creasey</reporter>
          <assigned_to name="Kevin Haaland">Kevin_Haaland</assigned_to>
          <cc>nick_edgar</cc>
          
          <votes>0</votes>

      

      

      

          <long_desc isprivate="0">
            <commentid>27830</commentid>
            <who name="Tod Creasey">Tod_Creasey</who>
            <bug_when>2002-02-25 11:41:17 -0500</bug_when>
            <thetext>The Appearance preference page currently puts the Editor and View tab 
preferences in a composite with a label.

These need to be in thier own groups with no label as the labels are not read</thetext>
          </long_desc>
          <long_desc isprivate="0">
            <commentid>30524</commentid>
            <who name="Tod Creasey">Tod_Creasey</who>
            <bug_when>2002-03-06 10:08:58 -0500</bug_when>
            <thetext>Groups have been added.</thetext>
          </long_desc>
      
      

    </bug>

</bugzilla>