<?xml version="1.0" encoding="UTF-8" standalone="yes" ?>


<bugzilla version="4.2.1"
          urlbase="https://bugs.eclipse.org/bugs/"
          
          maintainer="webmaster@eclipse.org"
>

    <bug>
          <bug_id>10239</bug_id>
          
          <creation_ts>2002-02-26 04:28:00 -0500</creation_ts>
          <short_desc>preSave and postSave events for editors</short_desc>
          <delta_ts>2002-05-03 05:44:44 -0400</delta_ts>
          <reporter_accessible>1</reporter_accessible>
          <cclist_accessible>1</cclist_accessible>
          <classification_id>2</classification_id>
          <classification>Eclipse</classification>
          <product>JDT</product>
          <component>UI</component>
          <version>2.0</version>
          <rep_platform>PC</rep_platform>
          <op_sys>Windows 2000</op_sys>
          <bug_status>RESOLVED</bug_status>
          <resolution>WONTFIX</resolution>
          
          
          <bug_file_loc></bug_file_loc>
          <status_whiteboard></status_whiteboard>
          <keywords></keywords>
          <priority>P2</priority>
          <bug_severity>enhancement</bug_severity>
          <target_milestone>---</target_milestone>
          
          
          <everconfirmed>1</everconfirmed>
          <reporter name="Erich Gamma">erich_gamma</reporter>
          <assigned_to name="Kai-Uwe Maetzel">kai-uwe_maetzel</assigned_to>
          
          
          <votes>0</votes>

      

      

      

          <long_desc isprivate="0">
            <commentid>27996</commentid>
            <who name="Erich Gamma">erich_gamma</who>
            <bug_when>2002-02-26 04:28:55 -0500</bug_when>
            <thetext>There is a request for preSave and postSave listening support for editors.
We should investigate.

Here is some more input: We are primarily interested in the preSave event. On 
the issue of postSave, 
I am curious as to whether the resource delta mechanism supplies enough 
context information about who/what made the change. We are specifically 
interested in changes made by a user when executing the save function in 
the editor (or by use of specific wizards) and not changes made elsewhere 
(e.g., CVS catch-up operations, etc.). We are using the resource delta 
mechanism throughout our product in many places, but it may not be 
&quot;granular&quot; enough to support all of our anticipated needs.</thetext>
          </long_desc>
          <long_desc isprivate="0">
            <commentid>49449</commentid>
            <who name="Kai-Uwe Maetzel">kai-uwe_maetzel</who>
            <bug_when>2002-05-03 05:44:44 -0400</bug_when>
            <thetext>The recommented way to achive similar behavior is to use a save strategy.</thetext>
          </long_desc>
      
      

    </bug>

</bugzilla>