<?xml version="1.0" encoding="UTF-8" standalone="yes" ?>


<bugzilla version="4.2.1"
          urlbase="https://bugs.eclipse.org/bugs/"
          
          maintainer="webmaster@eclipse.org"
>

    <bug>
          <bug_id>10071</bug_id>
          
          <creation_ts>2002-02-21 12:33:00 -0500</creation_ts>
          <short_desc>No error message: sharing when  you already have CVS folders</short_desc>
          <delta_ts>2002-05-16 15:36:41 -0400</delta_ts>
          <reporter_accessible>1</reporter_accessible>
          <cclist_accessible>1</cclist_accessible>
          <classification_id>2</classification_id>
          <classification>Eclipse</classification>
          <product>Platform</product>
          <component>Team</component>
          <version>2.0</version>
          <rep_platform>PC</rep_platform>
          <op_sys>Windows 2000</op_sys>
          <bug_status>RESOLVED</bug_status>
          <resolution>INVALID</resolution>
          
          
          <bug_file_loc></bug_file_loc>
          <status_whiteboard></status_whiteboard>
          <keywords></keywords>
          <priority>P3</priority>
          <bug_severity>normal</bug_severity>
          <target_milestone>---</target_milestone>
          
          
          <everconfirmed>1</everconfirmed>
          <reporter name="Kevin McGuire">Kevin_McGuire</reporter>
          <assigned_to name="Michael Valenta">Michael_Valenta</assigned_to>
          
          
          <votes>0</votes>

      

      

      

          <long_desc isprivate="0">
            <commentid>27597</commentid>
            <who name="Kevin McGuire">Kevin_McGuire</who>
            <bug_when>2002-02-21 12:33:18 -0500</bug_when>
            <thetext>- had a project with existing CVS folders but unshared
- the repo the CVS folders were pointing to was not the same as the one I then 
wanted to share it with
- when I attempted to commit resources after sharing, I got an error that the 
folder was not in the path.
- the error dialog had a details and a heading but no message</thetext>
          </long_desc>
          <long_desc isprivate="0">
            <commentid>54833</commentid>
            <who name="Michael Valenta">Michael_Valenta</who>
            <bug_when>2002-05-16 15:36:41 -0400</bug_when>
            <thetext>This was fixed a while ago</thetext>
          </long_desc>
      
      

    </bug>

</bugzilla>