<?xml version="1.0" encoding="UTF-8" standalone="yes" ?>


<bugzilla version="4.2.1"
          urlbase="https://bugs.eclipse.org/bugs/"
          
          maintainer="webmaster@eclipse.org"
>

    <bug>
          <bug_id>10277</bug_id>
          
          <creation_ts>2002-02-26 12:36:00 -0500</creation_ts>
          <short_desc>Editor reuse not consistent</short_desc>
          <delta_ts>2002-03-21 12:24:03 -0500</delta_ts>
          <reporter_accessible>1</reporter_accessible>
          <cclist_accessible>1</cclist_accessible>
          <classification_id>2</classification_id>
          <classification>Eclipse</classification>
          <product>Platform</product>
          <component>UI</component>
          <version>2.0</version>
          <rep_platform>PC</rep_platform>
          <op_sys>Windows NT</op_sys>
          <bug_status>RESOLVED</bug_status>
          <resolution>FIXED</resolution>
          
          
          <bug_file_loc></bug_file_loc>
          <status_whiteboard></status_whiteboard>
          <keywords></keywords>
          <priority>P2</priority>
          <bug_severity>normal</bug_severity>
          <target_milestone>2.0 M5</target_milestone>
          
          
          <everconfirmed>1</everconfirmed>
          <reporter name="Dani Megert">daniel_megert</reporter>
          <assigned_to name="Eduardo Pereira">eduardo_pereira</assigned_to>
          
          
          <votes>0</votes>

      

      

      

          <long_desc isprivate="0">
            <commentid>28136</commentid>
            <who name="Dani Megert">daniel_megert</who>
            <bug_when>2002-02-26 12:36:42 -0500</bug_when>
            <thetext>If editors are opened with activate==true then the last/oldest editor is reused
but if the editors are opened with activate==false then the newest editor is
reused. This is not what I would expect.

Test case:
1. Set the editor threshold to 3 for Workbench and for Java Browsing
(Preferences -&gt; Java -&gt; Work in Progress -&gt; Browsing).
2. In Java perspective open A.java, B.java, C.java and then D.java
3. In Java Browsing perspective open A.java, B.java, C.java and then D.java
==&gt; The Java perspective contains B.java, C.java and D.java while Java Browsing
perspective contains A.java, B.java and D.java</thetext>
          </long_desc>
          <long_desc isprivate="0">
            <commentid>32633</commentid>
            <who name="Dani Megert">daniel_megert</who>
            <bug_when>2002-03-14 03:49:56 -0500</bug_when>
            <thetext>Already 2 problem reports concerning this on newsgroup.
This is really a problem because I always loose my newest file making the editor
reuse threshold almost useless.
</thetext>
          </long_desc>
          <long_desc isprivate="0">
            <commentid>32708</commentid>
            <who name="Nick Edgar">nick_edgar</who>
            <bug_when>2002-03-14 10:35:40 -0500</bug_when>
            <thetext>Increased priority, and tagged for M5.
Ideally this should be fixed for M4, since it strongly impacts the Java 
Browsing perspective, but we can&apos;t commit to this.</thetext>
          </long_desc>
          <long_desc isprivate="0">
            <commentid>35174</commentid>
            <who name="Eduardo Pereira">eduardo_pereira</who>
            <bug_when>2002-03-21 12:24:03 -0500</bug_when>
            <thetext>Fixed and released.</thetext>
          </long_desc>
      
      

    </bug>

</bugzilla>