<?xml version="1.0" encoding="UTF-8" standalone="yes" ?>


<bugzilla version="4.2.1"
          urlbase="https://bugs.eclipse.org/bugs/"
          
          maintainer="webmaster@eclipse.org"
>

    <bug>
          <bug_id>10280</bug_id>
          
          <creation_ts>2002-02-26 12:46:00 -0500</creation_ts>
          <short_desc>Selection mecahnism for EXTRA_DIST Makefile.am variable</short_desc>
          <delta_ts>2009-01-09 14:10:20 -0500</delta_ts>
          <reporter_accessible>1</reporter_accessible>
          <cclist_accessible>1</cclist_accessible>
          <classification_id>4</classification_id>
          <classification>Tools</classification>
          <product>CDT</product>
          <component>cdt-other</component>
          <version>2.0</version>
          <rep_platform>PC</rep_platform>
          <op_sys>All</op_sys>
          <bug_status>RESOLVED</bug_status>
          <resolution>FIXED</resolution>
          
          
          <bug_file_loc></bug_file_loc>
          <status_whiteboard></status_whiteboard>
          <keywords></keywords>
          <priority>P3</priority>
          <bug_severity>enhancement</bug_severity>
          <target_milestone>2.0 - Release</target_milestone>
          
          
          <everconfirmed>1</everconfirmed>
          <reporter name="Yasser Elmankabady">eyasser</reporter>
          <assigned_to name="Yasser Elmankabady">eyasser</assigned_to>
          
          
          <votes>0</votes>

      

      

      

          <long_desc isprivate="0">
            <commentid>28145</commentid>
            <who name="Yasser Elmankabady">eyasser</who>
            <bug_when>2002-02-26 12:46:05 -0500</bug_when>
            <thetext>Allow the user to decide which files to be included in the EXTRA_DIST variable</thetext>
          </long_desc>
          <long_desc isprivate="0">
            <commentid>46414</commentid>
            <who name="Yasser Elmankabady">eyasser</who>
            <bug_when>2002-04-25 08:20:19 -0400</bug_when>
            <thetext>Fixed - In order to set the file extensions / file names which defines the 
value of the EXTRA_DIST makefile.am variable, you need to use the project 
properties and then select the Autoconf - Makefile.am settings page. </thetext>
          </long_desc>
      
      

    </bug>

</bugzilla>