<?xml version="1.0" encoding="UTF-8" standalone="yes" ?>


<bugzilla version="4.2.1"
          urlbase="https://bugs.eclipse.org/bugs/"
          
          maintainer="webmaster@eclipse.org"
>

    <bug>
          <bug_id>10347</bug_id>
          
          <creation_ts>2002-02-26 23:36:00 -0500</creation_ts>
          <short_desc>Variable representation change</short_desc>
          <delta_ts>2002-02-27 23:23:28 -0500</delta_ts>
          <reporter_accessible>1</reporter_accessible>
          <cclist_accessible>1</cclist_accessible>
          <classification_id>4</classification_id>
          <classification>Tools</classification>
          <product>CDT</product>
          <component>cdt-debug</component>
          <version>1.0</version>
          <rep_platform>All</rep_platform>
          <op_sys>All</op_sys>
          <bug_status>RESOLVED</bug_status>
          <resolution>DUPLICATE</resolution>
          <dup_id>7647</dup_id>
          
          <bug_file_loc></bug_file_loc>
          <status_whiteboard></status_whiteboard>
          <keywords></keywords>
          <priority>P3</priority>
          <bug_severity>enhancement</bug_severity>
          <target_milestone>---</target_milestone>
          
          
          <everconfirmed>1</everconfirmed>
          <reporter name="Brian Thomson">thomson</reporter>
          <assigned_to name="Samantha Chan">chanskw</assigned_to>
          
          
          <votes>0</votes>

      

      

      

          <long_desc isprivate="0">
            <commentid>28412</commentid>
            <who name="Brian Thomson">thomson</who>
            <bug_when>2002-02-26 23:36:32 -0500</bug_when>
            <thetext>Variable representation change.  Allow users to display variable monitors in
different representations.  Some of the supported representations include hex,
integer, floating point, character, etc.</thetext>
          </long_desc>
          <long_desc isprivate="0">
            <commentid>28997</commentid>
            <who name="Samantha Chan">chanskw</who>
            <bug_when>2002-02-27 23:23:28 -0500</bug_when>
            <thetext>

*** This bug has been marked as a duplicate of 7647 ***</thetext>
          </long_desc>
      
      

    </bug>

</bugzilla>