<?xml version="1.0" encoding="UTF-8" standalone="yes" ?>


<bugzilla version="4.2.1"
          urlbase="https://bugs.eclipse.org/bugs/"
          
          maintainer="webmaster@eclipse.org"
>

    <bug>
          <bug_id>10021</bug_id>
          
          <creation_ts>2002-02-20 11:28:00 -0500</creation_ts>
          <short_desc>Setting the editor color setting for String requires application restart.</short_desc>
          <delta_ts>2002-03-11 10:19:32 -0500</delta_ts>
          <reporter_accessible>1</reporter_accessible>
          <cclist_accessible>1</cclist_accessible>
          <classification_id>2</classification_id>
          <classification>Eclipse</classification>
          <product>JDT</product>
          <component>UI</component>
          <version>2.0</version>
          <rep_platform>PC</rep_platform>
          <op_sys>Windows XP</op_sys>
          <bug_status>RESOLVED</bug_status>
          <resolution>FIXED</resolution>
          
          
          <bug_file_loc></bug_file_loc>
          <status_whiteboard></status_whiteboard>
          <keywords></keywords>
          <priority>P4</priority>
          <bug_severity>minor</bug_severity>
          <target_milestone>---</target_milestone>
          
          
          <everconfirmed>1</everconfirmed>
          <reporter name="Virgil Dimaguila">mail</reporter>
          <assigned_to name="Erich Gamma">erich_gamma</assigned_to>
          
          
          <votes>0</votes>

      

      

      

          <long_desc isprivate="0">
            <commentid>27521</commentid>
            <who name="Virgil Dimaguila">mail</who>
            <bug_when>2002-02-20 11:28:37 -0500</bug_when>
            <thetext>On the Preferences | Java | Editor | Colors tab, setting the foreground color 
for the element String require you to restart eclipse for the new color to be 
applied.</thetext>
          </long_desc>
          <long_desc isprivate="0">
            <commentid>31652</commentid>
            <who name="Erich Gamma">erich_gamma</who>
            <bug_when>2002-03-11 10:19:32 -0500</bug_when>
            <thetext>fixed in the lastest</thetext>
          </long_desc>
      
      

    </bug>

</bugzilla>