<?xml version="1.0" encoding="UTF-8" standalone="yes" ?>


<bugzilla version="4.2.1"
          urlbase="https://bugs.eclipse.org/bugs/"
          
          maintainer="webmaster@eclipse.org"
>

    <bug>
          <bug_id>10627</bug_id>
          
          <creation_ts>2002-03-02 09:33:00 -0500</creation_ts>
          <short_desc>Rebuild Deletes non-Class Resources</short_desc>
          <delta_ts>2002-03-13 11:20:55 -0500</delta_ts>
          <reporter_accessible>1</reporter_accessible>
          <cclist_accessible>1</cclist_accessible>
          <classification_id>2</classification_id>
          <classification>Eclipse</classification>
          <product>JDT</product>
          <component>Core</component>
          <version>2.0</version>
          <rep_platform>PC</rep_platform>
          <op_sys>Windows 2000</op_sys>
          <bug_status>RESOLVED</bug_status>
          <resolution>WONTFIX</resolution>
          
          
          <bug_file_loc></bug_file_loc>
          <status_whiteboard></status_whiteboard>
          <keywords></keywords>
          <priority>P2</priority>
          <bug_severity>critical</bug_severity>
          <target_milestone>2.0 M4</target_milestone>
          
          
          <everconfirmed>1</everconfirmed>
          <reporter name="Gary Murphy">glm</reporter>
          <assigned_to name="Philippe Mulet">philippe_mulet</assigned_to>
          
          
          <votes>0</votes>

      

      

      

          <long_desc isprivate="0">
            <commentid>29594</commentid>
            <who name="Gary Murphy">glm</who>
            <bug_when>2002-03-02 09:33:57 -0500</bug_when>
            <thetext>I have a resources properties file located in my  WEB-INF/classes directory so
that it will be loaded by the Tomcat class loader.  When I do a rebuild, all
files in that directory are delete instead of just the *.class files.

This is a serious problem in that I am going to have to backup a copy of the
file every time it changes to avoid data loss.</thetext>
          </long_desc>
          <long_desc isprivate="0">
            <commentid>29736</commentid>
            <who name="Philippe Mulet">philippe_mulet</who>
            <bug_when>2002-03-04 08:30:38 -0500</bug_when>
            <thetext>Can&apos;t you instead put it in a separate library folder ? The output folder is 
managed by the Java builder.

Also see JDT/Core notes (under development resources) on the output folder
http://dev.eclipse.org/viewcvs/index.cgi/~checkout~/org.eclipse.jdt.core/notes/r
2.0/output%20folder/output-folder.html</thetext>
          </long_desc>
          <long_desc isprivate="0">
            <commentid>29794</commentid>
            <who name="Gary Murphy">glm</who>
            <bug_when>2002-03-04 10:32:43 -0500</bug_when>
            <thetext>Not really.  It is a webapp and I need for the resource (Struts message file, by
the way) to be available to the class loader.</thetext>
          </long_desc>
          <long_desc isprivate="0">
            <commentid>31958</commentid>
            <who name="Philippe Mulet">philippe_mulet</who>
            <bug_when>2002-03-12 08:57:56 -0500</bug_when>
            <thetext>Then you need to deploy your code in a distinct folder, see the explanation at 
the URL above.</thetext>
          </long_desc>
      
      

    </bug>

</bugzilla>