<?xml version="1.0" encoding="UTF-8" standalone="yes" ?>


<bugzilla version="4.2.1"
          urlbase="https://bugs.eclipse.org/bugs/"
          
          maintainer="webmaster@eclipse.org"
>

    <bug>
          <bug_id>10440</bug_id>
          
          <creation_ts>2002-02-27 16:42:00 -0500</creation_ts>
          <short_desc>Search for &quot;Type&quot;</short_desc>
          <delta_ts>2009-01-09 14:08:16 -0500</delta_ts>
          <reporter_accessible>1</reporter_accessible>
          <cclist_accessible>1</cclist_accessible>
          <classification_id>4</classification_id>
          <classification>Tools</classification>
          <product>CDT</product>
          <component>cdt-other</component>
          <version>2.0</version>
          <rep_platform>PC</rep_platform>
          <op_sys>Linux</op_sys>
          <bug_status>RESOLVED</bug_status>
          <resolution>FIXED</resolution>
          
          
          <bug_file_loc></bug_file_loc>
          <status_whiteboard></status_whiteboard>
          <keywords></keywords>
          <priority>P3</priority>
          <bug_severity>normal</bug_severity>
          <target_milestone>---</target_milestone>
          
          
          <everconfirmed>1</everconfirmed>
          <reporter name="Enrique Varillas">enriquev</reporter>
          <assigned_to name="David McKnight">dmcknigh</assigned_to>
          <cc>dmcknigh</cc>
          
          <votes>0</votes>

      

      

      

          <long_desc isprivate="0">
            <commentid>28891</commentid>
            <who name="Enrique Varillas">enriquev</who>
            <bug_when>2002-02-27 16:42:25 -0500</bug_when>
            <thetext>Parse jikes as a local project. Then do a search with:
 search expression=&quot;*&quot;
 search for=&quot;Type&quot;
 reg exp disabled

A NullPointer Exception will occur :(The same behaviour is seen with remote
projects)

java.lang.NullPointerException
java.lang.NullPointerException
        at
org.eclipse.cdt.cpp.miners.search.SearchMiner.handleSearch(SearchMiner.java:89)
        at
org.eclipse.cdt.cpp.miners.search.SearchMiner.handleCommand(SearchMiner.java:45)
        at
org.eclipse.cdt.dstore.core.miners.miner.Miner.command(Miner.java:175)
        at
org.eclipse.cdt.dstore.core.server.ServerCommandHandler.sendCommands(ServerCommandHandler.java:161)
        at
org.eclipse.cdt.dstore.core.model.CommandHandler.handle(CommandHandler.java(Compiled
Code))
        at org.eclipse.cdt.dstore.core.model.Handler.run(Handler.java(Compiled
Code))
java.lang.NullPointerException
        at org.eclipse.cdt.cpp.miners.search.SearchMiner.handleSearch(SearchMine
r.java:89)
        at org.eclipse.cdt.cpp.miners.search.SearchMiner.handleCommand(SearchMin
er.java:45)
        at org.eclipse.cdt.dstore.core.miners.miner.Miner.command(Miner.java:175
)
        at org.eclipse.cdt.dstore.core.server.ServerCommandHandler.sendCommands(
ServerCommandHandler.java:161)
        at org.eclipse.cdt.dstore.core.model.CommandHandler.handle(CommandHandle
r.java(Compiled Code))
        at org.eclipse.cdt.dstore.core.model.Handler.run(Handler.java(Compiled C
ode))</thetext>
          </long_desc>
          <long_desc isprivate="0">
            <commentid>28903</commentid>
            <who name="David McKnight">dmcknigh</who>
            <bug_when>2002-02-27 16:56:35 -0500</bug_when>
            <thetext>Enrique, you should assign this one to me.</thetext>
          </long_desc>
          <long_desc isprivate="0">
            <commentid>29344</commentid>
            <who name="David McKnight">dmcknigh</who>
            <bug_when>2002-02-28 17:37:29 -0500</bug_when>
            <thetext>I&apos;m not sure if we should be searching by &quot;type&quot;.  It should probably more C++ 
specific (i.e. structs, typedefs, enums, etc.).  For now, as a workaround, I&apos;m 
making &quot;type&quot; search do the same thing as &quot;class&quot; search.

There are other issues in R2, so I&apos;ll defer those changes until later.</thetext>
          </long_desc>
          <long_desc isprivate="0">
            <commentid>39075</commentid>
            <who name="Enrique Varillas">enriquev</who>
            <bug_when>2002-04-05 14:39:02 -0500</bug_when>
            <thetext>Reopen for R2 (so it can resolved for R2)</thetext>
          </long_desc>
          <long_desc isprivate="0">
            <commentid>52075</commentid>
            <who name="David McKnight">dmcknigh</who>
            <bug_when>2002-05-10 11:10:39 -0400</bug_when>
            <thetext>I&apos;ve resolved this for R2 in the same way as R1.</thetext>
          </long_desc>
      
      

    </bug>

</bugzilla>