<?xml version="1.0" encoding="UTF-8" standalone="yes" ?>


<bugzilla version="4.2.1"
          urlbase="https://bugs.eclipse.org/bugs/"
          
          maintainer="webmaster@eclipse.org"
>

    <bug>
          <bug_id>10441</bug_id>
          
          <creation_ts>2002-02-27 17:01:00 -0500</creation_ts>
          <short_desc>Unable to select directories during &quot;File System Import&quot;</short_desc>
          <delta_ts>2002-02-28 13:06:37 -0500</delta_ts>
          <reporter_accessible>1</reporter_accessible>
          <cclist_accessible>1</cclist_accessible>
          <classification_id>2</classification_id>
          <classification>Eclipse</classification>
          <product>Platform</product>
          <component>SWT</component>
          <version>2.0</version>
          <rep_platform>Sun</rep_platform>
          <op_sys>Solaris</op_sys>
          <bug_status>RESOLVED</bug_status>
          <resolution>DUPLICATE</resolution>
          <dup_id>10483</dup_id>
          
          <bug_file_loc></bug_file_loc>
          <status_whiteboard></status_whiteboard>
          <keywords></keywords>
          <priority>P2</priority>
          <bug_severity>normal</bug_severity>
          <target_milestone>---</target_milestone>
          
          
          <everconfirmed>1</everconfirmed>
          <reporter name="Justin Noel">justin</reporter>
          <assigned_to name="Grant Gayed">grant_gayed</assigned_to>
          
          
          <votes>0</votes>

      

      

      

          <long_desc isprivate="0">
            <commentid>28906</commentid>
            <who name="Justin Noel">justin</who>
            <bug_when>2002-02-27 17:01:36 -0500</bug_when>
            <thetext>OS: Solaris 2.7 w/ Sun Recommended Patches
HW: Sun Ultra 60
JRE: Sun 1.3.1
Motif: 2.1
CDE: 1.3

To Reproduce:
File -&gt; Import 
Choose Filesystem
Choose Browse
Try and choose a directory
Failure

On Linux this will choose the selected directory
and allwor you to select files form the window panes.</thetext>
          </long_desc>
          <long_desc isprivate="0">
            <commentid>28941</commentid>
            <who name="Justin Noel">justin</who>
            <bug_when>2002-02-27 18:03:40 -0500</bug_when>
            <thetext>Eclipse Drop: December 19th Stable
</thetext>
          </long_desc>
          <long_desc isprivate="0">
            <commentid>29135</commentid>
            <who name="Grant Gayed">grant_gayed</who>
            <bug_when>2002-02-28 11:21:42 -0500</bug_when>
            <thetext>I can&apos;t duplicate this on our setup:
  OS: Solaris 5.8
  HW: SUNW,Sun-Blade-100
  JRE: Sun 1.3.1
  Motif: 2.1
  CDE: 1.4
  Eclipse: Dec. 19th

When you say &quot;failure&quot; what precisely do you mean?  seg. fault?
</thetext>
          </long_desc>
          <long_desc isprivate="0">
            <commentid>29164</commentid>
            <who name="Justin Noel">justin</who>
            <bug_when>2002-02-28 11:51:54 -0500</bug_when>
            <thetext>Maybe Failure isn&apos;t the best word.  More like &quot;This is the point where things 
fail to meet my expectaions in look and/or action&quot;. I checked on my Solaris 8 
Blade 100 and, yes it does not reproduce Solaris 8. It is only reproducable on 
Solaris 7.

May be related to Bug 10483 which is common behaior in the simple SWT Dialog 
Example.

</thetext>
          </long_desc>
          <long_desc isprivate="0">
            <commentid>29214</commentid>
            <who name="Grant Gayed">grant_gayed</who>
            <bug_when>2002-02-28 13:06:37 -0500</bug_when>
            <thetext>This seems to be the same problem.


*** This bug has been marked as a duplicate of 10483 ***</thetext>
          </long_desc>
      
      

    </bug>

</bugzilla>