<?xml version="1.0" encoding="UTF-8" standalone="yes" ?>


<bugzilla version="4.2.1"
          urlbase="https://bugs.eclipse.org/bugs/"
          
          maintainer="webmaster@eclipse.org"
>

    <bug>
          <bug_id>10243</bug_id>
          
          <creation_ts>2002-02-26 06:13:00 -0500</creation_ts>
          <short_desc>ClassCastException when removing a breakpoint</short_desc>
          <delta_ts>2002-02-28 10:44:44 -0500</delta_ts>
          <reporter_accessible>1</reporter_accessible>
          <cclist_accessible>1</cclist_accessible>
          <classification_id>2</classification_id>
          <classification>Eclipse</classification>
          <product>JDT</product>
          <component>Debug</component>
          <version>2.0</version>
          <rep_platform>PC</rep_platform>
          <op_sys>Windows NT</op_sys>
          <bug_status>VERIFIED</bug_status>
          <resolution>FIXED</resolution>
          
          
          <bug_file_loc></bug_file_loc>
          <status_whiteboard></status_whiteboard>
          <keywords></keywords>
          <priority>P1</priority>
          <bug_severity>normal</bug_severity>
          <target_milestone>2.0 M4</target_milestone>
          
          
          <everconfirmed>1</everconfirmed>
          <reporter name="Dani Megert">daniel_megert</reporter>
          <assigned_to name="Jared Burns">jared_burns</assigned_to>
          
          
          <votes>0</votes>

      

      

      

          <long_desc isprivate="0">
            <commentid>28003</commentid>
            <who name="Dani Megert">daniel_megert</who>
            <bug_when>2002-02-26 06:13:20 -0500</bug_when>
            <thetext>Build 20020214 + exported plug-ins from HEAD as of 20020226

Selected a disabled breakpoint in Breakpoint view and clicked on the &quot;-&quot;
Maybe important: I did this while launching the target.

java.lang.ClassCastException:
org.eclipse.jdt.internal.debug.core.model.JDIDebugTarget
	at
org.eclipse.debug.internal.ui.actions.RemoveBreakpointAction$1.run(RemoveBreakpointAction.java:39)
	at org.eclipse.core.internal.resources.Workspace.run(Workspace.java:1232)
	at
org.eclipse.debug.internal.ui.actions.RemoveBreakpointAction.run(RemoveBreakpointAction.java:48)
	at org.eclipse.ui.internal.PluginAction.runWithEvent(PluginAction.java:204)
	at
org.eclipse.jface.action.ActionContributionItem.handleWidgetSelection(ActionContributionItem.java:407)
	at
org.eclipse.jface.action.ActionContributionItem.handleWidgetEvent(ActionContributionItem.java(Compiled
Code))
	at
org.eclipse.jface.action.ActionContributionItem$ActionListener.handleEvent(ActionContributionItem.java(Compiled
Code))
	at
org.eclipse.jface.action.ActionContributionItem$ActionListener.handleEvent(ActionContributionItem.java(Compiled
Code))
	at org.eclipse.swt.widgets.Widget.notifyListeners(Widget.java(Compiled Code))
	at org.eclipse.swt.widgets.Widget.notifyListeners(Widget.java(Compiled Code))
	at org.eclipse.swt.widgets.Display.runDeferredEvents(Display.java(Compiled Code))
	at org.eclipse.swt.widgets.Display.readAndDispatch(Display.java(Compiled Code))
	at org.eclipse.ui.internal.Workbench.runEventLoop(Workbench.java(Compiled Code))
	at org.eclipse.ui.internal.Workbench.run(Workbench.java:771)
	at org.eclipse.core.internal.boot.InternalBootLoader.run(InternalBootLoader.java:777)
	at org.eclipse.core.boot.BootLoader.run(BootLoader.java:319)
	at java.lang.reflect.Method.invoke(Native Method)
	at org.eclipse.core.launcher.Main.basicRun(Main.java:151)
	at org.eclipse.core.launcher.Main.run(Main.java:502)
	at org.eclipse.core.launcher.UIMain.main(UIMain.java:52)</thetext>
          </long_desc>
          <long_desc isprivate="0">
            <commentid>28318</commentid>
            <who name="Darin Swanson">Darin_Swanson</who>
            <bug_when>2002-02-26 15:26:15 -0500</bug_when>
            <thetext>Fixed in RemoveBreakpointAction</thetext>
          </long_desc>
          <long_desc isprivate="0">
            <commentid>28321</commentid>
            <who name="Darin Swanson">Darin_Swanson</who>
            <bug_when>2002-02-26 15:26:29 -0500</bug_when>
            <thetext>Please verify.</thetext>
          </long_desc>
          <long_desc isprivate="0">
            <commentid>29102</commentid>
            <who name="Jared Burns">jared_burns</who>
            <bug_when>2002-02-28 10:44:44 -0500</bug_when>
            <thetext>Verified.</thetext>
          </long_desc>
      
      

    </bug>

</bugzilla>