<?xml version="1.0" encoding="UTF-8" standalone="yes" ?>


<bugzilla version="4.2.1"
          urlbase="https://bugs.eclipse.org/bugs/"
          
          maintainer="webmaster@eclipse.org"
>

    <bug>
          <bug_id>10157</bug_id>
          
          <creation_ts>2002-02-25 09:15:00 -0500</creation_ts>
          <short_desc>Checkout doesn&apos;t delete local files which were deleted from stream?</short_desc>
          <delta_ts>2002-04-09 09:15:58 -0400</delta_ts>
          <reporter_accessible>1</reporter_accessible>
          <cclist_accessible>1</cclist_accessible>
          <classification_id>2</classification_id>
          <classification>Eclipse</classification>
          <product>Platform</product>
          <component>Team</component>
          <version>2.0</version>
          <rep_platform>Other</rep_platform>
          <op_sys>other</op_sys>
          <bug_status>VERIFIED</bug_status>
          <resolution>FIXED</resolution>
          
          
          <bug_file_loc></bug_file_loc>
          <status_whiteboard></status_whiteboard>
          <keywords></keywords>
          <priority>P3</priority>
          <bug_severity>normal</bug_severity>
          <target_milestone>---</target_milestone>
          
          
          <everconfirmed>1</everconfirmed>
          <reporter name="Nick Edgar">nick_edgar</reporter>
          <assigned_to name="Jean-Michel Lemieux">jean-michel_lemieux</assigned_to>
          <cc>jean-michel_lemieux</cc>
          
          <votes>0</votes>

      

      

      

          <long_desc isprivate="0">
            <commentid>27782</commentid>
            <who name="Nick Edgar">nick_edgar</who>
            <bug_when>2002-02-25 09:15:41 -0500</bug_when>
            <thetext>Build 20020215

I believe I saw the following behaviour just before the TC:
- had org.eclipse.ui in my workspace
- loaded org.eclipse.ui from CVS repositories view (not a sync)
- said yes to overwrite
- there was a file which had been deleted from the stream
- it did not delete my local copy</thetext>
          </long_desc>
          <long_desc isprivate="0">
            <commentid>27889</commentid>
            <who name="Nick Edgar">nick_edgar</who>
            <bug_when>2002-02-25 15:22:37 -0500</bug_when>
            <thetext>Sorry, it was build 20020214.

More info:
- had workspace containing a CU which had been deleted from the strean
- did a sync
- caught up to all indicated changes (by selecting individual files in the sync 
view and choosing Update)
- built
- it indicated compilation errors in the file mentioned above
- I knew it had been deleted from the stream, so I deleted it locally
- did a sync, and it showed as an outgoing deletion, with source shown on the 
repository side (presumably the last source before deletion?)
- did an Update to bring in the repository source
- the file was deleted from the workspace

</thetext>
          </long_desc>
          <long_desc isprivate="0">
            <commentid>27926</commentid>
            <who name="Jean-Michel Lemieux">jean-michel_lemieux</who>
            <bug_when>2002-02-25 16:40:53 -0500</bug_when>
            <thetext>The check out problem has been fixed, but what worries me is that when you 
synched it didn&apos;t show as an incoming deletion?

Could you retry with the next integration build. I wasn&apos;t able to reproduce 
the case of a file deleted from the server not appearing in the sync view as 
an incoming deletion.</thetext>
          </long_desc>
          <long_desc isprivate="0">
            <commentid>28972</commentid>
            <who name="Jean-Michel Lemieux">jean-michel_lemieux</who>
            <bug_when>2002-02-27 21:23:04 -0500</bug_when>
            <thetext>Fixed. Michael Valenta has confirmed that the deletion not showing up in the 
sync view was caused by another bug that has been fixed. I am closing because 
the checkout issue has been resolved.</thetext>
          </long_desc>
      
      

    </bug>

</bugzilla>