<?xml version="1.0" encoding="UTF-8" standalone="yes" ?>


<bugzilla version="4.2.1"
          urlbase="https://bugs.eclipse.org/bugs/"
          
          maintainer="webmaster@eclipse.org"
>

    <bug>
          <bug_id>10580</bug_id>
          
          <creation_ts>2002-03-01 09:36:00 -0500</creation_ts>
          <short_desc>type hierarchy incorrect for nested types</short_desc>
          <delta_ts>2002-03-14 04:30:22 -0500</delta_ts>
          <reporter_accessible>1</reporter_accessible>
          <cclist_accessible>1</cclist_accessible>
          <classification_id>2</classification_id>
          <classification>Eclipse</classification>
          <product>JDT</product>
          <component>Core</component>
          <version>2.0</version>
          <rep_platform>PC</rep_platform>
          <op_sys>Windows 2000</op_sys>
          <bug_status>RESOLVED</bug_status>
          <resolution>FIXED</resolution>
          
          
          <bug_file_loc></bug_file_loc>
          <status_whiteboard></status_whiteboard>
          <keywords></keywords>
          <priority>P3</priority>
          <bug_severity>normal</bug_severity>
          <target_milestone>2.0 M4</target_milestone>
          
          
          <everconfirmed>1</everconfirmed>
          <reporter name="Adam Kiezun">akiezun</reporter>
          <assigned_to name="Jerome Lanneluc">jerome_lanneluc</assigned_to>
          <cc>jdjamsa</cc>
          
          <votes>0</votes>

      

      

      

          <long_desc isprivate="0">
            <commentid>29442</commentid>
            <who name="Adam Kiezun">akiezun</who>
            <bug_when>2002-03-01 09:36:18 -0500</bug_when>
            <thetext>package p;
class A{
	static class B{}
}
class C extends A.B{}

hierarchy of B does not contain C as a subtype
(i tried it only in the ui - don&apos;t know if jcore reports it
but i guess the ui simply displays what it&apos;s told)</thetext>
          </long_desc>
          <long_desc isprivate="0">
            <commentid>31010</commentid>
            <who name="Jerome Lanneluc">jerome_lanneluc</who>
            <bug_when>2002-03-07 12:40:10 -0500</bug_when>
            <thetext>NameLookup didn&apos;t handle member types correctly when the unitToLookInside was 
set.
Fixed.</thetext>
          </long_desc>
          <long_desc isprivate="0">
            <commentid>32637</commentid>
            <who name="Adam Kiezun">akiezun</who>
            <bug_when>2002-03-14 04:30:22 -0500</bug_when>
            <thetext>*** Bug 11323 has been marked as a duplicate of this bug. ***</thetext>
          </long_desc>
      
      

    </bug>

</bugzilla>