<?xml version="1.0" encoding="UTF-8" standalone="yes" ?>


<bugzilla version="4.2.1"
          urlbase="https://bugs.eclipse.org/bugs/"
          
          maintainer="webmaster@eclipse.org"
>

    <bug>
          <bug_id>10134</bug_id>
          
          <creation_ts>2002-02-22 21:52:00 -0500</creation_ts>
          <short_desc>ArrayIndexOutOfBoundsException when trying to open &apos;class&apos; property (same as bug 9269)</short_desc>
          <delta_ts>2002-02-22 22:28:33 -0500</delta_ts>
          <reporter_accessible>1</reporter_accessible>
          <cclist_accessible>1</cclist_accessible>
          <classification_id>2</classification_id>
          <classification>Eclipse</classification>
          <product>PDE</product>
          <component>UI</component>
          <version>2.0</version>
          <rep_platform>PC</rep_platform>
          <op_sys>Windows NT</op_sys>
          <bug_status>RESOLVED</bug_status>
          <resolution>FIXED</resolution>
          
          
          <bug_file_loc></bug_file_loc>
          <status_whiteboard></status_whiteboard>
          <keywords></keywords>
          <priority>P3</priority>
          <bug_severity>normal</bug_severity>
          <target_milestone>---</target_milestone>
          
          
          <everconfirmed>1</everconfirmed>
          <reporter>eiman</reporter>
          <assigned_to name="Dejan Glozic">dejan</assigned_to>
          
          
          <votes>0</votes>

      

      

      

          <long_desc isprivate="0">
            <commentid>27728</commentid>
            <who name="">eiman</who>
            <bug_when>2002-02-22 21:52:55 -0500</bug_when>
            <thetext>Please refer to bug 9269 for full description of bug.  I have opened a new bug 
b/c I am still getting the problem with the 2/14 stable build whereas bug 9269 
stated that the problem would be resolved.</thetext>
          </long_desc>
          <long_desc isprivate="0">
            <commentid>27730</commentid>
            <who name="">eiman</who>
            <bug_when>2002-02-22 21:53:56 -0500</bug_when>
            <thetext>*** Bug 10132 has been marked as a duplicate of this bug. ***</thetext>
          </long_desc>
          <long_desc isprivate="0">
            <commentid>27732</commentid>
            <who name="">eiman</who>
            <bug_when>2002-02-22 21:54:43 -0500</bug_when>
            <thetext>*** Bug 10133 has been marked as a duplicate of this bug. ***</thetext>
          </long_desc>
          <long_desc isprivate="0">
            <commentid>27734</commentid>
            <who name="Dejan Glozic">dejan</who>
            <bug_when>2002-02-22 22:28:33 -0500</bug_when>
            <thetext>The bug has been resolved, but 2/14 build did not include it. This is because 
2/12 and 2/14 builds were M (Milestone) 3 builds and the fix has not been 
picked up.

You can get the fix by picking up the latest nightly build. If the build itself 
is unstable, try copying PDE only into the &apos;plugins&apos; directory of the stable 
build.</thetext>
          </long_desc>
      
      

    </bug>

</bugzilla>