<?xml version="1.0" encoding="UTF-8" standalone="yes" ?>


<bugzilla version="4.2.1"
          urlbase="https://bugs.eclipse.org/bugs/"
          
          maintainer="webmaster@eclipse.org"
>

    <bug>
          <bug_id>10430</bug_id>
          
          <creation_ts>2002-02-27 15:32:00 -0500</creation_ts>
          <short_desc>Invalid output from &quot;Override method&quot;</short_desc>
          <delta_ts>2009-05-04 04:28:21 -0400</delta_ts>
          <reporter_accessible>1</reporter_accessible>
          <cclist_accessible>1</cclist_accessible>
          <classification_id>2</classification_id>
          <classification>Eclipse</classification>
          <product>JDT</product>
          <component>UI</component>
          <version>2.0</version>
          <rep_platform>PC</rep_platform>
          <op_sys>Windows 2000</op_sys>
          <bug_status>RESOLVED</bug_status>
          <resolution>DUPLICATE</resolution>
          <dup_id>25258</dup_id>
          
          <bug_file_loc></bug_file_loc>
          <status_whiteboard></status_whiteboard>
          <keywords></keywords>
          <priority>P3</priority>
          <bug_severity>major</bug_severity>
          <target_milestone>---</target_milestone>
          
          
          <everconfirmed>1</everconfirmed>
          <reporter name="Ian Petersen">Ian_Petersen</reporter>
          <assigned_to name="Martin Aeschlimann">martin_aeschlimann</assigned_to>
          <cc>daniel_megert</cc>
    
    <cc>ispeters</cc>
          
          <votes>0</votes>

      

      

      

          <long_desc isprivate="0">
            <commentid>28860</commentid>
            <who name="Ian Petersen">Ian_Petersen</who>
            <bug_when>2002-02-27 15:32:43 -0500</bug_when>
            <thetext>Build: 20020214

Description:
I have the following class structure:

public abstract class TestCase extends Assert implements Test {
    protected void setup() throws Exception {
    }
}

public abstract class Benchmark extends TestCase {

    /*
     * Note widening of visibility.
     */
    public void setUp() throws Exception{
        fWorkbench = PlatformUI.getWorkbench();
        testWindows = new ArrayList(3);
    }
}

public class OpenTypeTest extends Benchmark {
}

When I override setup() in OpenTypeTest by choosing Override Method from the 
context menu in the Outliner, I get the following code:

public class OpenTypeTest extends Benchmark {
    /*
     * @see TestCase#setUp()
     */
    protected void setUp() throws Exception {
        super.setUp();
    }
}

The visibility of setup() has been narrowed back to what it is in TestCase, but 
this code won&apos;t compile because of the narrowed visibility.</thetext>
          </long_desc>
          <long_desc isprivate="0">
            <commentid>64114</commentid>
            <who name="Erich Gamma">erich_gamma</who>
            <bug_when>2002-05-31 04:24:53 -0400</bug_when>
            <thetext>fix if trivial</thetext>
          </long_desc>
          <long_desc isprivate="0">
            <commentid>64190</commentid>
            <who name="Erich Gamma">erich_gamma</who>
            <bug_when>2002-05-31 06:54:30 -0400</bug_when>
            <thetext>non-trivial - defer</thetext>
          </long_desc>
          <long_desc isprivate="0">
            <commentid>65118</commentid>
            <who name="Erich Gamma">erich_gamma</who>
            <bug_when>2002-06-01 06:28:03 -0400</bug_when>
            <thetext>corner case - can be mention in readme</thetext>
          </long_desc>
          <long_desc isprivate="0">
            <commentid>151839</commentid>
            <who name="Martin Aeschlimann">martin_aeschlimann</who>
            <bug_when>2003-03-31 07:19:21 -0500</bug_when>
            <thetext>dup of 25258</thetext>
          </long_desc>
          <long_desc isprivate="0">
            <commentid>151840</commentid>
            <who name="Martin Aeschlimann">martin_aeschlimann</who>
            <bug_when>2003-03-31 07:19:36 -0500</bug_when>
            <thetext>

*** This bug has been marked as a duplicate of 25258 ***</thetext>
          </long_desc>
      
      

    </bug>

</bugzilla>