<?xml version="1.0" encoding="UTF-8" standalone="yes" ?>


<bugzilla version="4.2.1"
          urlbase="https://bugs.eclipse.org/bugs/"
          
          maintainer="webmaster@eclipse.org"
>

    <bug>
          <bug_id>10513</bug_id>
          
          <creation_ts>2002-02-28 14:29:00 -0500</creation_ts>
          <short_desc>Disabling breakpoint is not working for remote project</short_desc>
          <delta_ts>2003-10-16 16:35:15 -0400</delta_ts>
          <reporter_accessible>1</reporter_accessible>
          <cclist_accessible>1</cclist_accessible>
          <classification_id>4</classification_id>
          <classification>Tools</classification>
          <product>CDT</product>
          <component>cdt-core</component>
          <version>2.0</version>
          <rep_platform>PC</rep_platform>
          <op_sys>All</op_sys>
          <bug_status>RESOLVED</bug_status>
          <resolution>FIXED</resolution>
          
          
          <bug_file_loc></bug_file_loc>
          <status_whiteboard></status_whiteboard>
          <keywords></keywords>
          <priority>P3</priority>
          <bug_severity>normal</bug_severity>
          <target_milestone>---</target_milestone>
          
          
          <everconfirmed>1</everconfirmed>
          <reporter name="Jeremiah Swan">swanj</reporter>
          <assigned_to name="David McKnight">dmcknigh</assigned_to>
          
          
          <votes>0</votes>

      

      

      

          <long_desc isprivate="0">
            <commentid>29258</commentid>
            <who name="Jeremiah Swan">swanj</who>
            <bug_when>2002-02-28 14:29:06 -0500</bug_when>
            <thetext>(transfered from com.ibm.debug&apos;s bugzilla: #38)

Disabling a breakpoint remotely, dosn&apos;t prevent the debugger from stopping at 
this breakpoint and does not turn the disabled breakpoint&apos;s marker to white.

Debug UI not sending in Breakpoint Disable request.</thetext>
          </long_desc>
          <long_desc isprivate="0">
            <commentid>29259</commentid>
            <who name="Jeremiah Swan">swanj</who>
            <bug_when>2002-02-28 14:29:34 -0500</bug_when>
            <thetext>The &quot;disable breakpoint&quot; action simply sets the &quot;enabled&quot; attribute in the 
breakpoint&apos;s marker to false.  The marker in this case is associated with the 
file in which the breakpoint is set.  Normally, setting an attribute in the 
marker fires an IResourceChangeEvent which the BreakpointManager listens for, 
but this is not happening in the case of remote projects.</thetext>
          </long_desc>
          <long_desc isprivate="0">
            <commentid>35612</commentid>
            <who name="David McKnight">dmcknigh</who>
            <bug_when>2002-03-22 13:39:39 -0500</bug_when>
            <thetext>This won&apos;t be solvable until we have a proper solution for remote markers.  That 
won&apos;t happen until at least R2.
</thetext>
          </long_desc>
          <long_desc isprivate="0">
            <commentid>52085</commentid>
            <who name="David McKnight">dmcknigh</who>
            <bug_when>2002-05-10 11:16:39 -0400</bug_when>
            <thetext>I&apos;ve changed our actions for creating breakpoints from parse info (function, 
statement and class breakpoints) to use 
PICLLineBreakpoint(workspaceroot, fileName, line)

instead of

PICLLineBreakpoint(file, line)

and the problem goes away.  There&apos;s a defect open in the frogger database(244) 
that will let us use this approach for all breakpoints.   When that is done, 
this defect should be fixed.</thetext>
          </long_desc>
          <long_desc isprivate="0">
            <commentid>63706</commentid>
            <who name="David McKnight">dmcknigh</who>
            <bug_when>2002-05-30 15:02:55 -0400</bug_when>
            <thetext>Now that we&apos;re using workspace breakpoints, this is no longer a problem.</thetext>
          </long_desc>
      
      

    </bug>

</bugzilla>