<?xml version="1.0" encoding="UTF-8" standalone="yes" ?>


<bugzilla version="4.2.1"
          urlbase="https://bugs.eclipse.org/bugs/"
          
          maintainer="webmaster@eclipse.org"
>

    <bug>
          <bug_id>10536</bug_id>
          
          <creation_ts>2002-02-28 17:10:00 -0500</creation_ts>
          <short_desc>Removing all terminated launches is slow when many</short_desc>
          <delta_ts>2002-02-28 21:11:56 -0500</delta_ts>
          <reporter_accessible>1</reporter_accessible>
          <cclist_accessible>1</cclist_accessible>
          <classification_id>2</classification_id>
          <classification>Eclipse</classification>
          <product>Platform</product>
          <component>Debug</component>
          <version>2.0</version>
          <rep_platform>PC</rep_platform>
          <op_sys>Windows XP</op_sys>
          <bug_status>RESOLVED</bug_status>
          <resolution>DUPLICATE</resolution>
          <dup_id>1576</dup_id>
          
          <bug_file_loc></bug_file_loc>
          <status_whiteboard></status_whiteboard>
          <keywords>performance</keywords>
          <priority>P3</priority>
          <bug_severity>normal</bug_severity>
          <target_milestone>---</target_milestone>
          
          
          <everconfirmed>1</everconfirmed>
          <reporter name="Nick Edgar">nick_edgar</reporter>
          <assigned_to name="Darin Wright">darin.eclipse</assigned_to>
          
          
          <votes>0</votes>

      

      

      

          <long_desc isprivate="0">
            <commentid>29328</commentid>
            <who name="Nick Edgar">nick_edgar</who>
            <bug_when>2002-02-28 17:10:26 -0500</bug_when>
            <thetext>Build 20020226

If I have more than a handful of terminated launches, hitting remove all 
terminated launches is noticeably slow.
You see the scroll bar scrolling, etc.
Might want to turn off redraw until it&apos;s done.</thetext>
          </long_desc>
          <long_desc isprivate="0">
            <commentid>29334</commentid>
            <who name="Nick Edgar">nick_edgar</who>
            <bug_when>2002-02-28 17:17:39 -0500</bug_when>
            <thetext>There&apos;s a noticeable delay after they have been visibly cleared out too.</thetext>
          </long_desc>
          <long_desc isprivate="0">
            <commentid>29379</commentid>
            <who name="Darin Swanson">Darin_Swanson</who>
            <bug_when>2002-02-28 21:11:56 -0500</bug_when>
            <thetext>

*** This bug has been marked as a duplicate of 1576 ***</thetext>
          </long_desc>
      
      

    </bug>

</bugzilla>