<?xml version="1.0" encoding="UTF-8" standalone="yes" ?>


<bugzilla version="4.2.1"
          urlbase="https://bugs.eclipse.org/bugs/"
          
          maintainer="webmaster@eclipse.org"
>

    <bug>
          <bug_id>10638</bug_id>
          
          <creation_ts>2002-03-03 14:47:00 -0500</creation_ts>
          <short_desc>Launch configuration wizard not honoring selection</short_desc>
          <delta_ts>2002-03-05 10:58:06 -0500</delta_ts>
          <reporter_accessible>1</reporter_accessible>
          <cclist_accessible>1</cclist_accessible>
          <classification_id>2</classification_id>
          <classification>Eclipse</classification>
          <product>JDT</product>
          <component>Debug</component>
          <version>2.0</version>
          <rep_platform>Other</rep_platform>
          <op_sys>other</op_sys>
          <bug_status>VERIFIED</bug_status>
          <resolution>FIXED</resolution>
          
          
          <bug_file_loc></bug_file_loc>
          <status_whiteboard></status_whiteboard>
          <keywords></keywords>
          <priority>P1</priority>
          <bug_severity>normal</bug_severity>
          <target_milestone>2.0 M4</target_milestone>
          
          
          <everconfirmed>1</everconfirmed>
          <reporter name="Darin Swanson">Darin_Swanson</reporter>
          <assigned_to name="Darin Swanson">Darin_Swanson</assigned_to>
          
          
          <votes>0</votes>

      

      

      

          <long_desc isprivate="0">
            <commentid>29622</commentid>
            <who name="Darin Swanson">Darin_Swanson</who>
            <bug_when>2002-03-03 14:47:41 -0500</bug_when>
            <thetext>Clicking on the Debug button, the launch configuration wizard comes up with 
Java Application &quot;selected&quot;.  I have to reselect for the tabs to show.

Toggling selection between the Java Application and Remote Java Application can 
make all of the tabs disappear.</thetext>
          </long_desc>
          <long_desc isprivate="0">
            <commentid>29764</commentid>
            <who name="Darin Wright">darin.eclipse</who>
            <bug_when>2002-03-04 09:32:17 -0500</bug_when>
            <thetext>Tabs are only displayed when a configuration is selected. When a type of 
configuration is selected, we display no tabs. However, the dialog should 
initialize itself to edit a new configuration when opened with a valid 
selection.</thetext>
          </long_desc>
          <long_desc isprivate="0">
            <commentid>29767</commentid>
            <who name="Darin Swanson">Darin_Swanson</who>
            <bug_when>2002-03-04 09:50:58 -0500</bug_when>
            <thetext>As of this morning, when I reselect the type, the tabs show up.</thetext>
          </long_desc>
          <long_desc isprivate="0">
            <commentid>29779</commentid>
            <who name="Darin Wright">darin.eclipse</who>
            <bug_when>2002-03-04 10:11:29 -0500</bug_when>
            <thetext>Fixed initial selection problem. Cannot reproduce tabs being displayed when a 
root node is selected in tree.</thetext>
          </long_desc>
          <long_desc isprivate="0">
            <commentid>29788</commentid>
            <who name="Darin Wright">darin.eclipse</who>
            <bug_when>2002-03-04 10:27:54 -0500</bug_when>
            <thetext>Fixed. When type is (re)selected, pages will not show.</thetext>
          </long_desc>
          <long_desc isprivate="0">
            <commentid>29789</commentid>
            <who name="Darin Wright">darin.eclipse</who>
            <bug_when>2002-03-04 10:28:01 -0500</bug_when>
            <thetext>Please verify</thetext>
          </long_desc>
          <long_desc isprivate="0">
            <commentid>29791</commentid>
            <who name="Darin Wright">darin.eclipse</who>
            <bug_when>2002-03-04 10:28:36 -0500</bug_when>
            <thetext>*** Bug 10641 has been marked as a duplicate of this bug. ***</thetext>
          </long_desc>
          <long_desc isprivate="0">
            <commentid>30213</commentid>
            <who name="Darin Swanson">Darin_Swanson</who>
            <bug_when>2002-03-05 10:58:06 -0500</bug_when>
            <thetext>Verified.</thetext>
          </long_desc>
      
      

    </bug>

</bugzilla>