<?xml version="1.0" encoding="UTF-8" standalone="yes" ?>


<bugzilla version="4.2.1"
          urlbase="https://bugs.eclipse.org/bugs/"
          
          maintainer="webmaster@eclipse.org"
>

    <bug>
          <bug_id>10017</bug_id>
          
          <creation_ts>2002-02-20 10:44:00 -0500</creation_ts>
          <short_desc>Emacs-like cursor movement</short_desc>
          <delta_ts>2009-01-09 14:51:25 -0500</delta_ts>
          <reporter_accessible>1</reporter_accessible>
          <cclist_accessible>1</cclist_accessible>
          <classification_id>4</classification_id>
          <classification>Tools</classification>
          <product>CDT</product>
          <component>cdt-core</component>
          <version>1.0</version>
          <rep_platform>PC</rep_platform>
          <op_sys>Linux-GTK</op_sys>
          <bug_status>RESOLVED</bug_status>
          <resolution>FIXED</resolution>
          
          
          <bug_file_loc></bug_file_loc>
          <status_whiteboard></status_whiteboard>
          <keywords></keywords>
          <priority>P4</priority>
          <bug_severity>enhancement</bug_severity>
          <target_milestone>Future</target_milestone>
          
          
          <everconfirmed>1</everconfirmed>
          <reporter name="Johan Walles">johan.walles</reporter>
          <assigned_to name="Alain Magloire">alain</assigned_to>
          <cc>KiRe</cc>
          
          <votes>0</votes>

      

      

      

          <long_desc isprivate="0">
            <commentid>27516</commentid>
            <who name="Johan Walles">johan.walles</who>
            <bug_when>2002-02-20 10:44:07 -0500</bug_when>
            <thetext>I&apos;d like to see an option for preventing the cursor for moving off the end of
lines.  For this to be useful (for me), it must be implemented along the
following lines:

The cursor has two horizontal position; one displayed and one virtual.  The
virtual position is the same as the displayed position as long as the user is
typing or moving the cursor sideways.  When the user moves the cursor up or
down, the display position is clipped to stay to the left of the current line
end, but the virtual position is unchanged.

Thus, pressing down a couple of times, then up the same amount of times will
always get you back to where you started from.

If you want to see this demonstrated, this is the way Emacs implements it
(AFAICT).  If my explanation is unclear, please let me know and I&apos;ll try to clarify.</thetext>
          </long_desc>
          <long_desc isprivate="0">
            <commentid>101752</commentid>
            <who name="Johan Walles">johan.walles</who>
            <bug_when>2002-10-31 06:24:46 -0500</bug_when>
            <thetext>Reassigning as the LPEX editor exists no more (may it rest in pieces...).  The
new CDT editor doesn&apos;t move the cursor beyond the end of lines (which is nice),
but it neither remembers the horizontal cursor position like Emacs does.
</thetext>
          </long_desc>
          <long_desc isprivate="0">
            <commentid>198756</commentid>
            <who name="Alain Magloire">alain</who>
            <bug_when>2003-10-29 15:32:17 -0500</bug_when>
            <thetext>*** Bug 8583 has been marked as a duplicate of this bug. ***</thetext>
          </long_desc>
          <long_desc isprivate="0">
            <commentid>297207</commentid>
            <who name="Alain Magloire">alain</who>
            <bug_when>2004-06-04 22:04:40 -0400</bug_when>
            <thetext>This is possible in Eclipse-3.0 set the Preference
Preferences --&gt; Workbench --&gt; keys</thetext>
          </long_desc>
      
      

    </bug>

</bugzilla>