<?xml version="1.0" encoding="UTF-8" standalone="yes" ?>


<bugzilla version="4.2.1"
          urlbase="https://bugs.eclipse.org/bugs/"
          
          maintainer="webmaster@eclipse.org"
>

    <bug>
          <bug_id>10067</bug_id>
          
          <creation_ts>2002-02-21 11:49:00 -0500</creation_ts>
          <short_desc>[rulers] Blink the icon when stopping on breakpoint</short_desc>
          <delta_ts>2006-10-10 09:38:42 -0400</delta_ts>
          <reporter_accessible>1</reporter_accessible>
          <cclist_accessible>1</cclist_accessible>
          <classification_id>2</classification_id>
          <classification>Eclipse</classification>
          <product>Platform</product>
          <component>Text</component>
          <version>2.0</version>
          <rep_platform>All</rep_platform>
          <op_sys>All</op_sys>
          <bug_status>RESOLVED</bug_status>
          <resolution>WORKSFORME</resolution>
          
          
          <bug_file_loc></bug_file_loc>
          <status_whiteboard></status_whiteboard>
          <keywords></keywords>
          <priority>P3</priority>
          <bug_severity>enhancement</bug_severity>
          <target_milestone>---</target_milestone>
          
          
          <everconfirmed>1</everconfirmed>
          <reporter name="Jarek Borelowski">jbo</reporter>
          <assigned_to name="Platform-Text-Inbox">platform-text-inbox</assigned_to>
          
          
          <votes>0</votes>

      

      

      

          <long_desc isprivate="0">
            <commentid>27592</commentid>
            <who name="Jarek Borelowski">jbo</who>
            <bug_when>2002-02-21 11:49:14 -0500</bug_when>
            <thetext>This is easy but very usfull feature.
Just blink the icon when eclipse stops on breakpoint.
Please!

best regards
-jbo</thetext>
          </long_desc>
          <long_desc isprivate="0">
            <commentid>48713</commentid>
            <who name="Kevin Haaland">Kevin_Haaland</who>
            <bug_when>2002-05-01 17:04:01 -0400</bug_when>
            <thetext>This is an interesting idea. We will consider this as a post 2.0 enhancement</thetext>
          </long_desc>
          <long_desc isprivate="0">
            <commentid>85107</commentid>
            <who name="Randy Giffen">Randy_Giffen</who>
            <bug_when>2002-08-09 12:52:15 -0400</bug_when>
            <thetext>Reopen to move</thetext>
          </long_desc>
          <long_desc isprivate="0">
            <commentid>85108</commentid>
            <who name="Randy Giffen">Randy_Giffen</who>
            <bug_when>2002-08-09 12:52:41 -0400</bug_when>
            <thetext>Move to text</thetext>
          </long_desc>
          <long_desc isprivate="0">
            <commentid>806404</commentid>
            <who name="Dani Megert">daniel_megert</who>
            <bug_when>2006-10-10 08:15:54 -0400</bug_when>
            <thetext>The Debugger stops and highlights the line with the breakpoint. Additional blinking on the left is too intrusive and not needed.</thetext>
          </long_desc>
          <long_desc isprivate="0">
            <commentid>806456</commentid>
            <who name="Jarek Borelowski">jbo</who>
            <bug_when>2006-10-10 09:31:28 -0400</bug_when>
            <thetext>I was asking for  blinking the Eclipse application ICON  on the Windows Task Bar.

When debugging I usually work on application opened full screen.
Or I switch to another task waiting for breakpoint in time consuming  functions.
Eclipse is then visible only as icon on task bar.

Its impossible to know if application is still working or hanging on a breakpoint.</thetext>
          </long_desc>
          <long_desc isprivate="0">
            <commentid>806459</commentid>
            <who name="Dani Megert">daniel_megert</who>
            <bug_when>2006-10-10 09:34:46 -0400</bug_when>
            <thetext>OK, even better: what you desire is already there: simply check the Debug preference to activate the workbench when a breakpoint is hit.</thetext>
          </long_desc>
          <long_desc isprivate="0">
            <commentid>806463</commentid>
            <who name="Jarek Borelowski">jbo</who>
            <bug_when>2006-10-10 09:38:42 -0400</bug_when>
            <thetext>(In reply to comment #6)
&gt; OK, even better: what you desire is already there: simply check the Debug
&gt; preference to activate the workbench when a breakpoint is hit.
&gt; 

Thanx!
</thetext>
          </long_desc>
      
      

    </bug>

</bugzilla>