<?xml version="1.0" encoding="UTF-8" standalone="yes" ?>


<bugzilla version="4.2.1"
          urlbase="https://bugs.eclipse.org/bugs/"
          
          maintainer="webmaster@eclipse.org"
>

    <bug>
          <bug_id>10312</bug_id>
          
          <creation_ts>2002-02-26 16:52:00 -0500</creation_ts>
          <short_desc>Internalization: what about non-western latin sets?</short_desc>
          <delta_ts>2002-10-09 08:56:57 -0400</delta_ts>
          <reporter_accessible>1</reporter_accessible>
          <cclist_accessible>1</cclist_accessible>
          <classification_id>2</classification_id>
          <classification>Eclipse</classification>
          <product>Platform</product>
          <component>Doc</component>
          <version>2.0</version>
          <rep_platform>PC</rep_platform>
          <op_sys>other</op_sys>
          <bug_status>RESOLVED</bug_status>
          <resolution>DUPLICATE</resolution>
          <dup_id>24563</dup_id>
          
          <bug_file_loc></bug_file_loc>
          <status_whiteboard></status_whiteboard>
          <keywords></keywords>
          <priority>P4</priority>
          <bug_severity>minor</bug_severity>
          <target_milestone>---</target_milestone>
          
          
          <everconfirmed>1</everconfirmed>
          <reporter name="Incze Lajos">incze</reporter>
          <assigned_to name="John Wiegand">John_Wiegand</assigned_to>
          
          
          <votes>0</votes>

      

      

      

          <long_desc isprivate="0">
            <commentid>28367</commentid>
            <who name="Incze Lajos">incze</who>
            <bug_when>2002-02-26 16:52:40 -0500</bug_when>
            <thetext>The new release plan 2.0 doc Internalization section writes:

&quot;Latin-1 locales will be supported by the Eclipse SDK on all of the above
operating environments; DBCS and BIDI locales will be supported by the Eclipse
SDK only on Windows operating environments.&quot; Etc.

The question is: what about Latin-X (X&gt;1) char sets? (Seems to be simply a
typo: if everything is externalized then I don&apos;t see any obstacle to use
e.g. Hungarian locale).

Also, either I&apos;m a bit slow, or the plan paper is not really obvious
in it: when does it speak of the platform localization (which is a minor
issue) and when of the target product localization (which is essential).

Thanks, incze</thetext>
          </long_desc>
          <long_desc isprivate="0">
            <commentid>97318</commentid>
            <who name="Steve Northover">steve_northover</who>
            <bug_when>2002-10-09 08:56:57 -0400</bug_when>
            <thetext>

*** This bug has been marked as a duplicate of 24563 ***</thetext>
          </long_desc>
      
      

    </bug>

</bugzilla>