<?xml version="1.0" encoding="UTF-8" standalone="yes" ?>


<bugzilla version="4.2.1"
          urlbase="https://bugs.eclipse.org/bugs/"
          
          maintainer="webmaster@eclipse.org"
>

    <bug>
          <bug_id>10524</bug_id>
          
          <creation_ts>2002-02-28 16:20:00 -0500</creation_ts>
          <short_desc>Provide default label provider API</short_desc>
          <delta_ts>2002-03-04 17:43:45 -0500</delta_ts>
          <reporter_accessible>1</reporter_accessible>
          <cclist_accessible>1</cclist_accessible>
          <classification_id>2</classification_id>
          <classification>Eclipse</classification>
          <product>Platform</product>
          <component>Debug</component>
          <version>2.0</version>
          <rep_platform>Other</rep_platform>
          <op_sys>other</op_sys>
          <bug_status>VERIFIED</bug_status>
          <resolution>FIXED</resolution>
          
          
          <bug_file_loc></bug_file_loc>
          <status_whiteboard></status_whiteboard>
          <keywords></keywords>
          <priority>P3</priority>
          <bug_severity>normal</bug_severity>
          <target_milestone>---</target_milestone>
          
          
          <everconfirmed>1</everconfirmed>
          <reporter name="Jared Burns">jared_burns</reporter>
          <assigned_to name="Darin Wright">darin.eclipse</assigned_to>
          
          
          <votes>0</votes>

      

      

      

          <long_desc isprivate="0">
            <commentid>29294</commentid>
            <who name="Jared Burns">jared_burns</who>
            <bug_when>2002-02-28 16:20:31 -0500</bug_when>
            <thetext>The Debug UI should provide a default label provider as publicly accessible API.</thetext>
          </long_desc>
          <long_desc isprivate="0">
            <commentid>29296</commentid>
            <who name="Jared Burns">jared_burns</who>
            <bug_when>2002-02-28 16:24:47 -0500</bug_when>
            <thetext>Implemented.

A default label provider can now be accessed via
DebugUITools.getDefaultLabelProvider()

The DelegatingModelPresentation in the debug framework now uses this default
label provider when it cannot find a model presentation to delegate to.</thetext>
          </long_desc>
          <long_desc isprivate="0">
            <commentid>29297</commentid>
            <who name="Jared Burns">jared_burns</who>
            <bug_when>2002-02-28 16:27:35 -0500</bug_when>
            <thetext>Please verify.</thetext>
          </long_desc>
          <long_desc isprivate="0">
            <commentid>30021</commentid>
            <who name="Darin Wright">darin.eclipse</who>
            <bug_when>2002-03-04 17:43:45 -0500</bug_when>
            <thetext>Verified.</thetext>
          </long_desc>
      
      

    </bug>

</bugzilla>