<?xml version="1.0" encoding="UTF-8" standalone="yes" ?>


<bugzilla version="4.2.1"
          urlbase="https://bugs.eclipse.org/bugs/"
          
          maintainer="webmaster@eclipse.org"
>

    <bug>
          <bug_id>10618</bug_id>
          
          <creation_ts>2002-03-01 16:34:00 -0500</creation_ts>
          <short_desc>Missing text in error on commit of project with deleted resource</short_desc>
          <delta_ts>2002-03-04 14:45:13 -0500</delta_ts>
          <reporter_accessible>1</reporter_accessible>
          <cclist_accessible>1</cclist_accessible>
          <classification_id>2</classification_id>
          <classification>Eclipse</classification>
          <product>Platform</product>
          <component>Team</component>
          <version>2.0</version>
          <rep_platform>PC</rep_platform>
          <op_sys>All</op_sys>
          <bug_status>RESOLVED</bug_status>
          <resolution>FIXED</resolution>
          
          
          <bug_file_loc></bug_file_loc>
          <status_whiteboard></status_whiteboard>
          <keywords></keywords>
          <priority>P3</priority>
          <bug_severity>normal</bug_severity>
          <target_milestone>2.0 M4</target_milestone>
          
          
          <everconfirmed>1</everconfirmed>
          <reporter name="Kevin McGuire">Kevin_McGuire</reporter>
          <assigned_to name="Michael Valenta">Michael_Valenta</assigned_to>
          
          
          <votes>0</votes>

      

      

      

          <long_desc isprivate="0">
            <commentid>29565</commentid>
            <who name="Kevin McGuire">Kevin_McGuire</who>
            <bug_when>2002-03-01 16:34:33 -0500</bug_when>
            <thetext>1. delete a resource who is a direct child of project
2. commit the project

The resulting error dialog has just the word &quot;Commit&quot; and no reason.
The details are ok though (they show the real CVS error).</thetext>
          </long_desc>
          <long_desc isprivate="0">
            <commentid>29933</commentid>
            <who name="Michael Valenta">Michael_Valenta</who>
            <bug_when>2002-03-04 14:45:13 -0500</bug_when>
            <thetext>Fixed</thetext>
          </long_desc>
      
      

    </bug>

</bugzilla>