<?xml version="1.0" encoding="UTF-8" standalone="yes" ?>


<bugzilla version="4.2.1"
          urlbase="https://bugs.eclipse.org/bugs/"
          
          maintainer="webmaster@eclipse.org"
>

    <bug>
          <bug_id>10208</bug_id>
          
          <creation_ts>2002-02-25 15:58:00 -0500</creation_ts>
          <short_desc>Internal Error Releasing Changes</short_desc>
          <delta_ts>2002-02-27 12:32:56 -0500</delta_ts>
          <reporter_accessible>1</reporter_accessible>
          <cclist_accessible>1</cclist_accessible>
          <classification_id>2</classification_id>
          <classification>Eclipse</classification>
          <product>Platform</product>
          <component>Team</component>
          <version>2.0</version>
          <rep_platform>PC</rep_platform>
          <op_sys>Windows 2000</op_sys>
          <bug_status>RESOLVED</bug_status>
          <resolution>INVALID</resolution>
          
          
          <bug_file_loc></bug_file_loc>
          <status_whiteboard></status_whiteboard>
          <keywords></keywords>
          <priority>P3</priority>
          <bug_severity>normal</bug_severity>
          <target_milestone>---</target_milestone>
          
          
          <everconfirmed>1</everconfirmed>
          <reporter name="Tod Creasey">Tod_Creasey</reporter>
          <assigned_to name="Kevin McGuire">Kevin_McGuire</assigned_to>
          
          
          <votes>0</votes>

      

      

      

          <long_desc isprivate="0">
            <commentid>27908</commentid>
            <who name="Tod Creasey">Tod_Creasey</who>
            <bug_when>2002-02-25 15:58:04 -0500</bug_when>
            <thetext>Build 20020214 new team support

I was attempting to release my changes to the dev.eclipse.org repository and 
received a cryptic error : invalid packet:1 3 times. When I tried to release 
the 4th time I got the NullPointerException below.

Log: Mon Feb 25 15:57:13 EST 2002
4 org.eclipse.team.cvs.ui 1 Internal error
java.lang.NullPointerException
	at org.eclipse.team.internal.ccvs.ssh.Client$StandardInputStream.read
(Client.java:152)
	at java.io.BufferedInputStream.fill(BufferedInputStream.java(Compiled 
Code))
	at java.io.BufferedInputStream.read(BufferedInputStream.java(Compiled 
Code))
	at org.eclipse.team.internal.ccvs.core.connection.Connection.readLine
(Connection.java(Compiled Code))
	at org.eclipse.team.internal.ccvs.core.client.Session.readLine
(Session.java(Compiled Code))
	at org.eclipse.team.internal.ccvs.core.client.Command.processResponses
(Command.java:458)
	at org.eclipse.team.internal.ccvs.core.client.Command.execute
(Command.java:397)
	at org.eclipse.team.ccvs.core.CVSTeamProvider.checkin
(CVSTeamProvider.java:316)
	at org.eclipse.team.internal.ccvs.ui.RepositoryManager.commit
(RepositoryManager.java:488)
	at org.eclipse.team.internal.ccvs.ui.sync.CommitSyncAction.run
(CommitSyncAction.java:177)
	at org.eclipse.team.internal.ccvs.ui.sync.MergeAction$1.execute
(MergeAction.java:105)
	at org.eclipse.ui.actions.WorkspaceModifyOperation$1.run
(WorkspaceModifyOperation.java:64)
	at org.eclipse.core.internal.resources.Workspace.run
(Workspace.java:1232)
	at org.eclipse.ui.actions.WorkspaceModifyOperation.run
(WorkspaceModifyOperation.java:78)
	at org.eclipse.jface.operation.ModalContext$ModalContextThread.run
(ModalContext.java:98)</thetext>
          </long_desc>
          <long_desc isprivate="0">
            <commentid>27929</commentid>
            <who name="James Moody">James_Moody</who>
            <bug_when>2002-02-25 16:48:32 -0500</bug_when>
            <thetext>Probably related to a bogus server state about a half hour ago that has since
been fixed. Perhaps we could give a better error. (Strange, we gota better error
than that).</thetext>
          </long_desc>
          <long_desc isprivate="0">
            <commentid>28767</commentid>
            <who name="James Moody">James_Moody</who>
            <bug_when>2002-02-27 12:32:56 -0500</bug_when>
            <thetext>Closing PR. This was due to a strange server state that has since been fixed. If
we have a repeatable case in the future we can investigate making the error
condition nicer.</thetext>
          </long_desc>
      
      

    </bug>

</bugzilla>