<?xml version="1.0" encoding="UTF-8" standalone="yes" ?>


<bugzilla version="4.2.1"
          urlbase="https://bugs.eclipse.org/bugs/"
          
          maintainer="webmaster@eclipse.org"
>

    <bug>
          <bug_id>10129</bug_id>
          
          <creation_ts>2002-02-22 19:37:00 -0500</creation_ts>
          <short_desc>Double-clicking leaf node should launch it</short_desc>
          <delta_ts>2002-02-27 14:11:57 -0500</delta_ts>
          <reporter_accessible>1</reporter_accessible>
          <cclist_accessible>1</cclist_accessible>
          <classification_id>2</classification_id>
          <classification>Eclipse</classification>
          <product>JDT</product>
          <component>Debug</component>
          <version>2.0</version>
          <rep_platform>PC</rep_platform>
          <op_sys>Windows 2000</op_sys>
          <bug_status>RESOLVED</bug_status>
          <resolution>DUPLICATE</resolution>
          <dup_id>7605</dup_id>
          
          <bug_file_loc></bug_file_loc>
          <status_whiteboard></status_whiteboard>
          <keywords></keywords>
          <priority>P3</priority>
          <bug_severity>normal</bug_severity>
          <target_milestone>---</target_milestone>
          
          
          <everconfirmed>1</everconfirmed>
          <reporter name="David Corbin">dcorbin</reporter>
          <assigned_to name="Darin Wright">darin.eclipse</assigned_to>
          <cc>eclipse</cc>
          
          <votes>0</votes>

      

      

      

          <long_desc isprivate="0">
            <commentid>27723</commentid>
            <who name="David Corbin">dcorbin</who>
            <bug_when>2002-02-22 19:37:24 -0500</bug_when>
            <thetext>When a configuration already exists, double-clicking it should launch it.</thetext>
          </long_desc>
          <long_desc isprivate="0">
            <commentid>28781</commentid>
            <who name="Adam Kiezun">akiezun</who>
            <bug_when>2002-02-27 13:11:51 -0500</bug_when>
            <thetext>debug owns launching</thetext>
          </long_desc>
          <long_desc isprivate="0">
            <commentid>28798</commentid>
            <who name="Darin Wright">darin.eclipse</who>
            <bug_when>2002-02-27 13:44:42 -0500</bug_when>
            <thetext>Currently an editor will be opened, and I do not believe we have a way to 
change this currently. We cannot override the double click action in the 
navigators.

Deferred</thetext>
          </long_desc>
          <long_desc isprivate="0">
            <commentid>28811</commentid>
            <who name="David Corbin">dcorbin</who>
            <bug_when>2002-02-27 13:59:17 -0500</bug_when>
            <thetext>The use of the term &quot;navigator&quot; concerns me.  I&apos;m talking about a leaf node in
the tree see when you Shift-Click on the run icon, not that Navigator view. 
There currently is no  behavior (that I can tell) associated with this.
</thetext>
          </long_desc>
          <long_desc isprivate="0">
            <commentid>28816</commentid>
            <who name="Darin Wright">darin.eclipse</who>
            <bug_when>2002-02-27 14:11:36 -0500</bug_when>
            <thetext>Duplicate</thetext>
          </long_desc>
          <long_desc isprivate="0">
            <commentid>28817</commentid>
            <who name="Darin Wright">darin.eclipse</who>
            <bug_when>2002-02-27 14:11:57 -0500</bug_when>
            <thetext>

*** This bug has been marked as a duplicate of 7605 ***</thetext>
          </long_desc>
      
      

    </bug>

</bugzilla>