<?xml version="1.0" encoding="UTF-8" standalone="yes" ?>


<bugzilla version="4.2.1"
          urlbase="https://bugs.eclipse.org/bugs/"
          
          maintainer="webmaster@eclipse.org"
>

    <bug>
          <bug_id>10238</bug_id>
          
          <creation_ts>2002-02-26 04:03:00 -0500</creation_ts>
          <short_desc>Support Decorators in the Java browser views</short_desc>
          <delta_ts>2002-02-26 09:01:49 -0500</delta_ts>
          <reporter_accessible>1</reporter_accessible>
          <cclist_accessible>1</cclist_accessible>
          <classification_id>2</classification_id>
          <classification>Eclipse</classification>
          <product>JDT</product>
          <component>UI</component>
          <version>2.0</version>
          <rep_platform>PC</rep_platform>
          <op_sys>Windows 2000</op_sys>
          <bug_status>RESOLVED</bug_status>
          <resolution>DUPLICATE</resolution>
          <dup_id>9940</dup_id>
          
          <bug_file_loc></bug_file_loc>
          <status_whiteboard></status_whiteboard>
          <keywords></keywords>
          <priority>P2</priority>
          <bug_severity>normal</bug_severity>
          <target_milestone>2.0 M4</target_milestone>
          
          
          <everconfirmed>1</everconfirmed>
          <reporter name="Erich Gamma">erich_gamma</reporter>
          <assigned_to name="Dani Megert">daniel_megert</assigned_to>
          
          
          <votes>0</votes>

      

      

      

          <long_desc isprivate="0">
            <commentid>27991</commentid>
            <who name="Erich Gamma">erich_gamma</who>
            <bug_when>2002-02-26 04:03:07 -0500</bug_when>
            <thetext>see the packages view for details.</thetext>
          </long_desc>
          <long_desc isprivate="0">
            <commentid>27993</commentid>
            <who name="Dani Megert">daniel_megert</who>
            <bug_when>2002-02-26 04:16:22 -0500</bug_when>
            <thetext>

*** This bug has been marked as a duplicate of 9940 ***</thetext>
          </long_desc>
      
      

    </bug>

</bugzilla>