<?xml version="1.0" encoding="UTF-8" standalone="yes" ?>


<bugzilla version="4.2.1"
          urlbase="https://bugs.eclipse.org/bugs/"
          
          maintainer="webmaster@eclipse.org"
>

    <bug>
          <bug_id>10334</bug_id>
          
          <creation_ts>2002-02-26 22:48:00 -0500</creation_ts>
          <short_desc>Unification of path</short_desc>
          <delta_ts>2009-01-09 16:55:56 -0500</delta_ts>
          <reporter_accessible>1</reporter_accessible>
          <cclist_accessible>1</cclist_accessible>
          <classification_id>4</classification_id>
          <classification>Tools</classification>
          <product>CDT</product>
          <component>cdt-core</component>
          <version>2.0</version>
          <rep_platform>All</rep_platform>
          <op_sys>All</op_sys>
          <bug_status>RESOLVED</bug_status>
          <resolution>FIXED</resolution>
          
          
          <bug_file_loc></bug_file_loc>
          <status_whiteboard></status_whiteboard>
          <keywords></keywords>
          <priority>P2</priority>
          <bug_severity>enhancement</bug_severity>
          <target_milestone>Future</target_milestone>
          
          
          <everconfirmed>1</everconfirmed>
          <reporter name="Brian Thomson">thomson</reporter>
          <assigned_to name="David McKnight">dmcknigh</assigned_to>
          
          
          <votes>0</votes>

      

      

      

          <long_desc isprivate="0">
            <commentid>28398</commentid>
            <who name="Brian Thomson">thomson</who>
            <bug_when>2002-02-26 22:48:35 -0500</bug_when>
            <thetext>Unification of Path (source, lib, include) for debug, autoconf, parse. 
Currently we have the notion of a parse include path along with a UI piece for
defining the path.   The notion of a set of paths is useful in other areas too -
ie. debug, autoconf.   The parser makes use of this path to find external
includes, but I could also use a external &quot;source&quot; path to parse external source
files.  For debug, our source locator can make use of this path to find external
source and included files.   For autoconf, the include path and the lib path can
be used when generating makefiles.    The benefit of unifying the path, is that
it&apos;s conceptually easier for a user and it reduces redundancies.</thetext>
          </long_desc>
          <long_desc isprivate="0">
            <commentid>46184</commentid>
            <who name="David McKnight">dmcknigh</who>
            <bug_when>2002-04-24 12:53:47 -0400</bug_when>
            <thetext>The supplier part of this is done.  What needs to come next is the consumer 
part.  Right now, the parser is the only consumer of this, but autoconf and the 
source locator for the debugger will follow.</thetext>
          </long_desc>
      
      

    </bug>

</bugzilla>