<?xml version="1.0" encoding="UTF-8" standalone="yes" ?>


<bugzilla version="4.2.1"
          urlbase="https://bugs.eclipse.org/bugs/"
          
          maintainer="webmaster@eclipse.org"
>

    <bug>
          <bug_id>10145</bug_id>
          
          <creation_ts>2002-02-24 18:23:00 -0500</creation_ts>
          <short_desc>ElementListSelectionDialog should be considered for API promotion</short_desc>
          <delta_ts>2002-03-11 19:35:43 -0500</delta_ts>
          <reporter_accessible>1</reporter_accessible>
          <cclist_accessible>1</cclist_accessible>
          <classification_id>2</classification_id>
          <classification>Eclipse</classification>
          <product>Platform</product>
          <component>UI</component>
          <version>2.0</version>
          <rep_platform>PC</rep_platform>
          <op_sys>Windows 2000</op_sys>
          <bug_status>RESOLVED</bug_status>
          <resolution>DUPLICATE</resolution>
          <dup_id>10852</dup_id>
          
          <bug_file_loc></bug_file_loc>
          <status_whiteboard></status_whiteboard>
          <keywords>api</keywords>
          <priority>P3</priority>
          <bug_severity>enhancement</bug_severity>
          <target_milestone>---</target_milestone>
          
          
          <everconfirmed>1</everconfirmed>
          <reporter name="Erich Gamma">erich_gamma</reporter>
          <assigned_to name="Kevin Haaland">Kevin_Haaland</assigned_to>
          
          
          <votes>0</votes>

      

      

      

          <long_desc isprivate="0">
            <commentid>27755</commentid>
            <who name="Erich Gamma">erich_gamma</who>
            <bug_when>2002-02-24 18:23:40 -0500</bug_when>
            <thetext>The class ElementListSelectionDialog is not Java specific but clients would 
like to use it as well. Since the class isn&apos;t Java specific it cannot be 
surfaced as a dialog utility class by JDT, but it should be surfaced by the UI.</thetext>
          </long_desc>
          <long_desc isprivate="0">
            <commentid>31896</commentid>
            <who name="Erich Gamma">erich_gamma</who>
            <bug_when>2002-03-11 19:35:43 -0500</bug_when>
            <thetext>

*** This bug has been marked as a duplicate of 10852 ***</thetext>
          </long_desc>
      
      

    </bug>

</bugzilla>