<?xml version="1.0" encoding="UTF-8" standalone="yes" ?>


<bugzilla version="4.2.1"
          urlbase="https://bugs.eclipse.org/bugs/"
          
          maintainer="webmaster@eclipse.org"
>

    <bug>
          <bug_id>10074</bug_id>
          
          <creation_ts>2002-02-21 13:28:00 -0500</creation_ts>
          <short_desc>Debug UI:  Gdb Console indicating inactive while infact it is active</short_desc>
          <delta_ts>2002-02-27 23:17:16 -0500</delta_ts>
          <reporter_accessible>1</reporter_accessible>
          <cclist_accessible>1</cclist_accessible>
          <classification_id>4</classification_id>
          <classification>Tools</classification>
          <product>CDT</product>
          <component>cdt-debug</component>
          <version>1.0</version>
          <rep_platform>PC</rep_platform>
          <op_sys>Linux-Motif</op_sys>
          <bug_status>RESOLVED</bug_status>
          <resolution>INVALID</resolution>
          
          
          <bug_file_loc></bug_file_loc>
          <status_whiteboard></status_whiteboard>
          <keywords></keywords>
          <priority>P3</priority>
          <bug_severity>normal</bug_severity>
          <target_milestone>---</target_milestone>
          
          
          <everconfirmed>1</everconfirmed>
          <reporter name="Yasser Elmankabady">eyasser</reporter>
          <assigned_to name="Samantha Chan">chanskw</assigned_to>
          
          
          <votes>0</votes>

      

      

      

          <long_desc isprivate="0">
            <commentid>27602</commentid>
            <who name="Yasser Elmankabady">eyasser</who>
            <bug_when>2002-02-21 13:28:27 -0500</bug_when>
            <thetext>Once you have a debug session, add the Gdb Console to the current perspective - 
probably will be the debug perspective - and then perform a step. You will 
notice that the message &quot;GdbPicl inactive&quot; is showing the in the Gdb console 
view while in fact it is active. try and type pwd for example in the 
interactive area and you will get a result.</thetext>
          </long_desc>
          <long_desc isprivate="0">
            <commentid>27618</commentid>
            <who name="Samantha Chan">chanskw</who>
            <bug_when>2002-02-21 15:12:02 -0500</bug_when>
            <thetext>Debug UI bug</thetext>
          </long_desc>
          <long_desc isprivate="0">
            <commentid>27625</commentid>
            <who name="Samantha Chan">chanskw</who>
            <bug_when>2002-02-21 16:39:48 -0500</bug_when>
            <thetext>Bug 42 on frogger.</thetext>
          </long_desc>
          <long_desc isprivate="0">
            <commentid>28993</commentid>
            <who name="Samantha Chan">chanskw</who>
            <bug_when>2002-02-27 23:17:16 -0500</bug_when>
            <thetext>track in debug ui bug</thetext>
          </long_desc>
      
      

    </bug>

</bugzilla>