<?xml version="1.0" encoding="UTF-8" standalone="yes" ?>


<bugzilla version="4.2.1"
          urlbase="https://bugs.eclipse.org/bugs/"
          
          maintainer="webmaster@eclipse.org"
>

    <bug>
          <bug_id>10399</bug_id>
          
          <creation_ts>2002-02-27 12:03:00 -0500</creation_ts>
          <short_desc>Undo or revert removes error ticks in editor</short_desc>
          <delta_ts>2007-06-22 10:01:52 -0400</delta_ts>
          <reporter_accessible>1</reporter_accessible>
          <cclist_accessible>1</cclist_accessible>
          <classification_id>2</classification_id>
          <classification>Eclipse</classification>
          <product>JDT</product>
          <component>Text</component>
          <version>2.0</version>
          <rep_platform>PC</rep_platform>
          <op_sys>Windows NT</op_sys>
          <bug_status>ASSIGNED</bug_status>
          <resolution></resolution>
          
          
          <bug_file_loc></bug_file_loc>
          <status_whiteboard></status_whiteboard>
          <keywords></keywords>
          <priority>P5</priority>
          <bug_severity>enhancement</bug_severity>
          <target_milestone>---</target_milestone>
          
          
          <everconfirmed>1</everconfirmed>
          <reporter name="Dani Megert">daniel_megert</reporter>
          <assigned_to name="JDT-Text-Inbox">jdt-text-inbox</assigned_to>
          
          
          <votes>0</votes>

      

      

      

          <long_desc isprivate="0">
            <commentid>28740</commentid>
            <who name="Dani Megert">daniel_megert</who>
            <bug_when>2002-02-27 12:03:48 -0500</bug_when>
            <thetext>1. Have a file with error ticks.
2. Above an error tick add 2 line
3. Revert
4. Undo

==&gt; error ticks gone</thetext>
          </long_desc>
          <long_desc isprivate="0">
            <commentid>28942</commentid>
            <who name="Erich Gamma">erich_gamma</who>
            <bug_when>2002-02-27 18:04:58 -0500</bug_when>
            <thetext>we don&apos;t keep markers in the undo history and will not change this for 2.0.</thetext>
          </long_desc>
          <long_desc isprivate="0">
            <commentid>81219</commentid>
            <who name="Dirk Baeumer">dirk_baeumer</who>
            <bug_when>2002-07-23 08:45:32 -0400</bug_when>
            <thetext>Reopening for 2.1 consideration</thetext>
          </long_desc>
          <long_desc isprivate="0">
            <commentid>127036</commentid>
            <who name="Kai-Uwe Maetzel">kai-uwe_maetzel</who>
            <bug_when>2003-02-06 12:15:19 -0500</bug_when>
            <thetext>And not for 2.1</thetext>
          </long_desc>
          <long_desc isprivate="0">
            <commentid>1007206</commentid>
            <who name="Dani Megert">daniel_megert</who>
            <bug_when>2007-06-22 09:59:34 -0400</bug_when>
            <thetext>Get rid of deprecated state.</thetext>
          </long_desc>
      
      

    </bug>

</bugzilla>