<?xml version="1.0" encoding="UTF-8" standalone="yes" ?>


<bugzilla version="4.2.1"
          urlbase="https://bugs.eclipse.org/bugs/"
          
          maintainer="webmaster@eclipse.org"
>

    <bug>
          <bug_id>10181</bug_id>
          
          <creation_ts>2002-02-25 11:48:00 -0500</creation_ts>
          <short_desc>[Preferences] File Editors Preference Page lists should have group titles</short_desc>
          <delta_ts>2002-08-09 14:10:37 -0400</delta_ts>
          <reporter_accessible>1</reporter_accessible>
          <cclist_accessible>1</cclist_accessible>
          <classification_id>2</classification_id>
          <classification>Eclipse</classification>
          <product>Platform</product>
          <component>UI</component>
          <version>2.0</version>
          <rep_platform>PC</rep_platform>
          <op_sys>Windows 2000</op_sys>
          <bug_status>RESOLVED</bug_status>
          <resolution>INVALID</resolution>
          
          
          <bug_file_loc></bug_file_loc>
          <status_whiteboard></status_whiteboard>
          <keywords>accessibility, investigate</keywords>
          <priority>P3</priority>
          <bug_severity>normal</bug_severity>
          <target_milestone>---</target_milestone>
          <dependson>10760</dependson>
          
          <everconfirmed>1</everconfirmed>
          <reporter name="Tod Creasey">Tod_Creasey</reporter>
          <assigned_to name="Kevin Haaland">Kevin_Haaland</assigned_to>
          <cc>nick_edgar</cc>
          
          <votes>0</votes>

      

      

      

          <long_desc isprivate="0">
            <commentid>27835</commentid>
            <who name="Tod Creasey">Tod_Creasey</who>
            <bug_when>2002-02-25 11:48:15 -0500</bug_when>
            <thetext>The File Editors Preference Page should use groups to title the list widgets as 
the labels are not read by JAWS.</thetext>
          </long_desc>
          <long_desc isprivate="0">
            <commentid>27840</commentid>
            <who name="Tod Creasey">Tod_Creasey</who>
            <bug_when>2002-02-25 12:00:33 -0500</bug_when>
            <thetext>Note that this does work in the Perspectives Preference page - this may fixable 
with Composites </thetext>
          </long_desc>
          <long_desc isprivate="0">
            <commentid>30526</commentid>
            <who name="Tod Creasey">Tod_Creasey</who>
            <bug_when>2002-03-06 10:11:05 -0500</bug_when>
            <thetext>Groups should not be used. Waiting for a fix for tables in IAccessible</thetext>
          </long_desc>
          <long_desc isprivate="0">
            <commentid>32792</commentid>
            <who name="Tod Creasey">Tod_Creasey</who>
            <bug_when>2002-03-14 13:28:21 -0500</bug_when>
            <thetext>Defer. Works as platform.</thetext>
          </long_desc>
          <long_desc isprivate="0">
            <commentid>85116</commentid>
            <who name="Randy Giffen">Randy_Giffen</who>
            <bug_when>2002-08-09 12:57:06 -0400</bug_when>
            <thetext>Reopen to investigate</thetext>
          </long_desc>
          <long_desc isprivate="0">
            <commentid>85151</commentid>
            <who name="Tod Creasey">Tod_Creasey</who>
            <bug_when>2002-08-09 14:10:37 -0400</bug_when>
            <thetext>The behaviour for the tables is platform behaviour. Nothing to do here.</thetext>
          </long_desc>
      
      

    </bug>

</bugzilla>