<?xml version="1.0" encoding="UTF-8" standalone="yes" ?>


<bugzilla version="4.2.1"
          urlbase="https://bugs.eclipse.org/bugs/"
          
          maintainer="webmaster@eclipse.org"
>

    <bug>
          <bug_id>10190</bug_id>
          
          <creation_ts>2002-02-25 12:29:00 -0500</creation_ts>
          <short_desc>[Editor Mgmt] Switch to Editor dialog should use group</short_desc>
          <delta_ts>2003-01-06 11:09:10 -0500</delta_ts>
          <reporter_accessible>1</reporter_accessible>
          <cclist_accessible>1</cclist_accessible>
          <classification_id>2</classification_id>
          <classification>Eclipse</classification>
          <product>Platform</product>
          <component>UI</component>
          <version>2.0</version>
          <rep_platform>PC</rep_platform>
          <op_sys>Windows 2000</op_sys>
          <bug_status>RESOLVED</bug_status>
          <resolution>WONTFIX</resolution>
          
          
          <bug_file_loc></bug_file_loc>
          <status_whiteboard></status_whiteboard>
          <keywords>accessibility, investigate</keywords>
          <priority>P3</priority>
          <bug_severity>normal</bug_severity>
          <target_milestone>---</target_milestone>
          <dependson>10760</dependson>
          
          <everconfirmed>1</everconfirmed>
          <reporter name="Tod Creasey">Tod_Creasey</reporter>
          <assigned_to name="Platform-UI-Inbox">Platform-UI-Inbox</assigned_to>
          <cc>nick_edgar</cc>
          
          <votes>0</votes>

      

      

      

          <long_desc isprivate="0">
            <commentid>27854</commentid>
            <who name="Tod Creasey">Tod_Creasey</who>
            <bug_when>2002-02-25 12:29:28 -0500</bug_when>
            <thetext>The switch to editor dialog should title the table using a group so that JAWS 
picks up the title.</thetext>
          </long_desc>
          <long_desc isprivate="0">
            <commentid>27868</commentid>
            <who name="Nick Edgar">nick_edgar</who>
            <bug_when>2002-02-25 13:17:11 -0500</bug_when>
            <thetext>I thought JAWS would read any label preceding a control which doesn&apos;t have its 
own label (e.g. text, list, table, tree).
</thetext>
          </long_desc>
          <long_desc isprivate="0">
            <commentid>27870</commentid>
            <who name="Tod Creasey">Tod_Creasey</who>
            <bug_when>2002-02-25 13:22:17 -0500</bug_when>
            <thetext>No - only those to the left - not those above.</thetext>
          </long_desc>
          <long_desc isprivate="0">
            <commentid>30534</commentid>
            <who name="Tod Creasey">Tod_Creasey</who>
            <bug_when>2002-03-06 10:30:30 -0500</bug_when>
            <thetext>Does not need a group - just the ability to get the label of the table. This is 
a current SWT limitation</thetext>
          </long_desc>
          <long_desc isprivate="0">
            <commentid>32794</commentid>
            <who name="Tod Creasey">Tod_Creasey</who>
            <bug_when>2002-03-14 13:28:35 -0500</bug_when>
            <thetext>Defer. Works like OS.</thetext>
          </long_desc>
          <long_desc isprivate="0">
            <commentid>85117</commentid>
            <who name="Randy Giffen">Randy_Giffen</who>
            <bug_when>2002-08-09 12:57:24 -0400</bug_when>
            <thetext>Reopen to investigate</thetext>
          </long_desc>
          <long_desc isprivate="0">
            <commentid>89153</commentid>
            <who name="Eduardo Pereira">eduardo_pereira</who>
            <bug_when>2002-09-03 15:01:31 -0400</bug_when>
            <thetext>Tod, is there something we should/can do here?</thetext>
          </long_desc>
          <long_desc isprivate="0">
            <commentid>89160</commentid>
            <who name="Tod Creasey">Tod_Creasey</who>
            <bug_when>2002-09-03 15:09:00 -0400</bug_when>
            <thetext>Yes- put the list in a group box and dump the label.</thetext>
          </long_desc>
          <long_desc isprivate="0">
            <commentid>116005</commentid>
            <who name="Andrew Irvine">airvine</who>
            <bug_when>2003-01-06 11:09:10 -0500</bug_when>
            <thetext>Deleted the dialog.</thetext>
          </long_desc>
      
      

    </bug>

</bugzilla>