<?xml version="1.0" encoding="UTF-8" standalone="yes" ?>


<bugzilla version="4.2.1"
          urlbase="https://bugs.eclipse.org/bugs/"
          
          maintainer="webmaster@eclipse.org"
>

    <bug>
          <bug_id>10059</bug_id>
          
          <creation_ts>2002-02-21 09:32:00 -0500</creation_ts>
          <short_desc>Editor context menu should not contain invalid search entries</short_desc>
          <delta_ts>2002-02-26 03:04:31 -0500</delta_ts>
          <reporter_accessible>1</reporter_accessible>
          <cclist_accessible>1</cclist_accessible>
          <classification_id>2</classification_id>
          <classification>Eclipse</classification>
          <product>JDT</product>
          <component>UI</component>
          <version>2.0</version>
          <rep_platform>PC</rep_platform>
          <op_sys>Windows 2000</op_sys>
          <bug_status>RESOLVED</bug_status>
          <resolution>FIXED</resolution>
          
          
          <bug_file_loc></bug_file_loc>
          <status_whiteboard></status_whiteboard>
          <keywords></keywords>
          <priority>P3</priority>
          <bug_severity>normal</bug_severity>
          <target_milestone>2.0 M4</target_milestone>
          
          
          <everconfirmed>1</everconfirmed>
          <reporter name="Dani Megert">daniel_megert</reporter>
          <assigned_to name="Dani Megert">daniel_megert</assigned_to>
          
          
          <votes>0</votes>

      

      

      

          <long_desc isprivate="0">
            <commentid>27583</commentid>
            <who name="Dani Megert">daniel_megert</who>
            <bug_when>2002-02-21 09:32:04 -0500</bug_when>
            <thetext>J Search already uses the new StructuredSelection provider. It can do a code
resolve only once per contet menu. This allows to exclude invalid search entries.</thetext>
          </long_desc>
          <long_desc isprivate="0">
            <commentid>27910</commentid>
            <who name="Dani Megert">daniel_megert</who>
            <bug_when>2002-02-25 16:01:42 -0500</bug_when>
            <thetext>Fixed</thetext>
          </long_desc>
      
      

    </bug>

</bugzilla>