<?xml version="1.0" encoding="UTF-8" standalone="yes" ?>


<bugzilla version="4.2.1"
          urlbase="https://bugs.eclipse.org/bugs/"
          
          maintainer="webmaster@eclipse.org"
>

    <bug>
          <bug_id>10328</bug_id>
          
          <creation_ts>2002-02-26 22:07:00 -0500</creation_ts>
          <short_desc>Data miner dependency mechanism.</short_desc>
          <delta_ts>2009-01-12 09:19:51 -0500</delta_ts>
          <reporter_accessible>1</reporter_accessible>
          <cclist_accessible>1</cclist_accessible>
          <classification_id>4</classification_id>
          <classification>Tools</classification>
          <product>CDT</product>
          <component>cdt-other</component>
          <version>2.0</version>
          <rep_platform>All</rep_platform>
          <op_sys>All</op_sys>
          <bug_status>RESOLVED</bug_status>
          <resolution>FIXED</resolution>
          
          
          <bug_file_loc></bug_file_loc>
          <status_whiteboard></status_whiteboard>
          <keywords></keywords>
          <priority>P4</priority>
          <bug_severity>enhancement</bug_severity>
          <target_milestone>2.0 - Release</target_milestone>
          
          
          <everconfirmed>1</everconfirmed>
          <reporter name="Brian Thomson">thomson</reporter>
          <assigned_to name="David McKnight">dmcknigh</assigned_to>
          
          
          <votes>0</votes>

      

      

      

          <long_desc isprivate="0">
            <commentid>28392</commentid>
            <who name="Brian Thomson">thomson</who>
            <bug_when>2002-02-26 22:07:12 -0500</bug_when>
            <thetext>Right now miners are loaded in the order in which they appear in the
minerFile.dat file.  The schemas of miners are also loaded in this order.  The
problem with this is it requires miner schema dependencies to also follow this
order.  It is better for the miners to indicate their dependencies independently
of the order they appear in minerFile.dat so that the framework can know to load
the schemas of the miners in the correct order.</thetext>
          </long_desc>
          <long_desc isprivate="0">
            <commentid>54664</commentid>
            <who name="David McKnight">dmcknigh</who>
            <bug_when>2002-05-16 12:29:00 -0400</bug_when>
            <thetext>I&apos;ve added an API to Miner for this.  If a miner needs to indicate dependencies, 
it overrides Miner.getDependencies() to return an ArrayList of the qualified 
names of the miners it depends on.  The miner loader code has been changed so 
that all miners are initially loaded, and then we initialize each miner&apos;s schema 
 in an order determined by the dependencies.  I&apos;ve added this to some of the 
miners. At the moment, no miner is required to implement getDependencies(), but 
we might want to be more rigid with this in the future.</thetext>
          </long_desc>
      
      

    </bug>

</bugzilla>