<?xml version="1.0" encoding="UTF-8" standalone="yes" ?>


<bugzilla version="4.2.1"
          urlbase="https://bugs.eclipse.org/bugs/"
          
          maintainer="webmaster@eclipse.org"
>

    <bug>
          <bug_id>10003</bug_id>
          
          <creation_ts>2002-02-19 13:32:00 -0500</creation_ts>
          <short_desc>CheckboxTableViewer&apos;s table has no column</short_desc>
          <delta_ts>2012-03-09 00:45:00 -0500</delta_ts>
          <reporter_accessible>1</reporter_accessible>
          <cclist_accessible>1</cclist_accessible>
          <classification_id>2</classification_id>
          <classification>Eclipse</classification>
          <product>Platform</product>
          <component>UI</component>
          <version>2.0</version>
          <rep_platform>All</rep_platform>
          <op_sys>All</op_sys>
          <bug_status>RESOLVED</bug_status>
          <resolution>FIXED</resolution>
          
          
          <bug_file_loc></bug_file_loc>
          <status_whiteboard></status_whiteboard>
          <keywords></keywords>
          <priority>P3</priority>
          <bug_severity>normal</bug_severity>
          <target_milestone>---</target_milestone>
          
          
          <everconfirmed>1</everconfirmed>
          <reporter name="David Slubicki">slubicki</reporter>
          <assigned_to name="Kevin Haaland">Kevin_Haaland</assigned_to>
          <cc>dlutzjx</cc>
          
          <votes>0</votes>

      

      

      <flag name="review"
          id="49081"
          type_id="1"
          status="?"
          setter="dlutzjx"
    />

          <long_desc isprivate="0">
            <commentid>27492</commentid>
            <who name="David Slubicki">slubicki</who>
            <bug_when>2002-02-19 13:32:36 -0500</bug_when>
            <thetext>The doc for the constructor:
CheckboxTableViewer(Composite parent, int style)
says that the created table will have one column.  This was true
for v1.0 but is not for v2.0.

This was caused by changes in the following method:

CheckboxTableViewer.createTable(Composite parent, int style)

(the creation of the TableColumn was removed).  I don&apos;t know if this
is a code or a doc error.</thetext>
          </long_desc>
          <long_desc isprivate="0">
            <commentid>48712</commentid>
            <who name="Kevin Haaland">Kevin_Haaland</who>
            <bug_when>2002-05-01 17:03:13 -0400</bug_when>
            <thetext>Please try this case again in the latest 2.0 builds. </thetext>
          </long_desc>
          <long_desc isprivate="0">
            <commentid>2077694</commentid>
            <who name="???">dlutzjx</who>
            <bug_when>2012-03-09 00:45:00 -0500</bug_when>
            <thetext>i have read this bug</thetext>
          </long_desc>
      
      

    </bug>

</bugzilla>