<?xml version="1.0" encoding="UTF-8" standalone="yes" ?>


<bugzilla version="4.2.1"
          urlbase="https://bugs.eclipse.org/bugs/"
          
          maintainer="webmaster@eclipse.org"
>

    <bug>
          <bug_id>10639</bug_id>
          
          <creation_ts>2002-03-03 14:49:00 -0500</creation_ts>
          <short_desc>null pointer exception in AutoconfManager</short_desc>
          <delta_ts>2009-01-09 14:10:30 -0500</delta_ts>
          <reporter_accessible>1</reporter_accessible>
          <cclist_accessible>1</cclist_accessible>
          <classification_id>4</classification_id>
          <classification>Tools</classification>
          <product>CDT</product>
          <component>cdt-other</component>
          <version>2.0</version>
          <rep_platform>PC</rep_platform>
          <op_sys>All</op_sys>
          <bug_status>RESOLVED</bug_status>
          <resolution>FIXED</resolution>
          
          
          <bug_file_loc></bug_file_loc>
          <status_whiteboard></status_whiteboard>
          <keywords></keywords>
          <priority>P3</priority>
          <bug_severity>normal</bug_severity>
          <target_milestone>---</target_milestone>
          
          
          <everconfirmed>1</everconfirmed>
          <reporter name="David McKnight">dmcknigh</reporter>
          <assigned_to name="Yasser Elmankabady">eyasser</assigned_to>
          
          
          <votes>0</votes>

      

      

      

          <long_desc isprivate="0">
            <commentid>29623</commentid>
            <who name="David McKnight">dmcknigh</who>
            <bug_when>2002-03-03 14:49:16 -0500</bug_when>
            <thetext>I&apos;m sometimes getting exceptions running configure.  One thing I noticed aside 
from the exception is that you are calling &quot;C_CHECK_UPDATE_STATE&quot; from within 
the ManagedProjectMiner.  You shouldn&apos;t have to do that because it will simply 
reroot the command back to your miner.  Instead you should make a direct call to 
your miner.  I imagine this was just a missed detail when you moved code from 
the UI down to the miner.


Below is the stack I see:

java.lang.NullPointerException
	at 
org.eclipse.cdt.cpp.miners.managedproject.AutoconfManager.configureIsUptodate(Au
toconfManager.java:353)
	at 
org.eclipse.cdt.cpp.miners.managedproject.AutoconfManager.generateAndRunConfigur
e(AutoconfManager.java:107)
	at 
org.eclipse.cdt.cpp.miners.managedproject.AutoconfManager.configure(AutoconfMana
ger.java:87)java.lang.NullPointerException

	at 
org.eclipse.cdt.cpp.miners.managedproject.ManagedProjectMiner.handleCommand(Mana
gedProjectMiner.java:175)
	at 
org.eclipse.cdt.dstore.core.miners.miner.Miner.command(Miner.java:175)
	at 
org.eclipse.cdt.dstore.core.server.ServerCommandHandler.sendCommands(ServerComma
ndHandler.java:161)
	at 
org.eclipse.cdt.dstore.core.model.CommandHandler.handle(CommandHandler.java:62)
	at org.eclipse.cdt.dstore.core.model.Handler.run(Handler.java:89)</thetext>
          </long_desc>
          <long_desc isprivate="0">
            <commentid>30847</commentid>
            <who name="Yasser Elmankabady">eyasser</who>
            <bug_when>2002-03-07 07:47:52 -0500</bug_when>
            <thetext>Fixed</thetext>
          </long_desc>
      
      

    </bug>

</bugzilla>