<?xml version="1.0" encoding="UTF-8" standalone="yes" ?>


<bugzilla version="4.2.1"
          urlbase="https://bugs.eclipse.org/bugs/"
          
          maintainer="webmaster@eclipse.org"
>

    <bug>
          <bug_id>10296</bug_id>
          
          <creation_ts>2002-02-26 14:21:00 -0500</creation_ts>
          <short_desc>Opened window list labels too long</short_desc>
          <delta_ts>2002-03-08 08:26:40 -0500</delta_ts>
          <reporter_accessible>1</reporter_accessible>
          <cclist_accessible>1</cclist_accessible>
          <classification_id>2</classification_id>
          <classification>Eclipse</classification>
          <product>Platform</product>
          <component>UI</component>
          <version>2.0</version>
          <rep_platform>PC</rep_platform>
          <op_sys>Windows 2000</op_sys>
          <bug_status>RESOLVED</bug_status>
          <resolution>FIXED</resolution>
          
          
          <bug_file_loc></bug_file_loc>
          <status_whiteboard></status_whiteboard>
          <keywords></keywords>
          <priority>P2</priority>
          <bug_severity>normal</bug_severity>
          <target_milestone>2.0 M4</target_milestone>
          
          
          <everconfirmed>1</everconfirmed>
          <reporter name="Simon Arsenault">simon_arsenault</reporter>
          <assigned_to name="Simon Arsenault">simon_arsenault</assigned_to>
          
          
          <votes>0</votes>

      

      

      

          <long_desc isprivate="0">
            <commentid>28207</commentid>
            <who name="Simon Arsenault">simon_arsenault</who>
            <bug_when>2002-02-26 14:21:22 -0500</bug_when>
            <thetext>Under the Window menu, the last part of the menu is a list of opened windows. 
The labels for each of these items is way too long. We need to truncate them 
(i.e use the &quot;...&quot; as we do in the file MRU list). It seems the first segments 
of the label is more interesting than the last segments.</thetext>
          </long_desc>
          <long_desc isprivate="0">
            <commentid>28208</commentid>
            <who name="Simon Arsenault">simon_arsenault</who>
            <bug_when>2002-02-26 14:21:54 -0500</bug_when>
            <thetext>Oh, this is on build 2002-02-12</thetext>
          </long_desc>
          <long_desc isprivate="0">
            <commentid>31247</commentid>
            <who name="Simon Arsenault">simon_arsenault</who>
            <bug_when>2002-03-08 08:26:40 -0500</bug_when>
            <thetext>Now trims the end of the window name (max out at 40 characters just like the 
MRU list of perspectives). Also, a number is assigned to each and the first 9 
are given mnumonics. Fix in build &gt; 2002-03-05</thetext>
          </long_desc>
      
      

    </bug>

</bugzilla>