<?xml version="1.0" encoding="UTF-8" standalone="yes" ?>


<bugzilla version="4.2.1"
          urlbase="https://bugs.eclipse.org/bugs/"
          
          maintainer="webmaster@eclipse.org"
>

    <bug>
          <bug_id>10019</bug_id>
          
          <creation_ts>2002-02-20 10:51:00 -0500</creation_ts>
          <short_desc>Right clicking in a list box should select before popping up menu</short_desc>
          <delta_ts>2002-10-01 16:54:34 -0400</delta_ts>
          <reporter_accessible>1</reporter_accessible>
          <cclist_accessible>1</cclist_accessible>
          <classification_id>2</classification_id>
          <classification>Eclipse</classification>
          <product>Platform</product>
          <component>SWT</component>
          <version>2.0</version>
          <rep_platform>PC</rep_platform>
          <op_sys>Linux-GTK</op_sys>
          <bug_status>RESOLVED</bug_status>
          <resolution>FIXED</resolution>
          
          
          <bug_file_loc></bug_file_loc>
          <status_whiteboard></status_whiteboard>
          <keywords></keywords>
          <priority>P3</priority>
          <bug_severity>normal</bug_severity>
          <target_milestone>---</target_milestone>
          
          
          <everconfirmed>1</everconfirmed>
          <reporter name="Johan Walles">johan.walles</reporter>
          <assigned_to name="Boris Shingarov">bshingar</assigned_to>
          
          
          <votes>0</votes>

      

      

      

          <long_desc isprivate="0">
            <commentid>27518</commentid>
            <who name="Johan Walles">johan.walles</who>
            <bug_when>2002-02-20 10:51:54 -0500</bug_when>
            <thetext>If I right click in a list box, I expect the item I click on to be selected
before the menu is popped up.  An example of a GTK+ app that does this is Mozilla.

Note that this is related to bug 7136, but it is not a duplicate as that one is
for Motif, this one is for GTK+.</thetext>
          </long_desc>
          <long_desc isprivate="0">
            <commentid>27877</commentid>
            <who name="Mike Wilson">Mike_Wilson</who>
            <bug_when>2002-02-25 14:00:04 -0500</bug_when>
            <thetext>We should match the expected GTK behavior.</thetext>
          </long_desc>
          <long_desc isprivate="0">
            <commentid>28143</commentid>
            <who name="Boris Shingarov">bshingar</who>
            <bug_when>2002-02-26 12:45:24 -0500</bug_when>
            <thetext>Here we are in the area of SWT-vs-GTK semantic subtleties.  This kind of 
problems is scheduled to be addressed in the 2.0 stream.</thetext>
          </long_desc>
          <long_desc isprivate="0">
            <commentid>90947</commentid>
            <who name="Veronika Irvine">veronika_irvine</who>
            <bug_when>2002-09-10 10:26:01 -0400</bug_when>
            <thetext>Post 2.0. Re-opening bug reports for review.</thetext>
          </long_desc>
          <long_desc isprivate="0">
            <commentid>95982</commentid>
            <who name="Boris Shingarov">bshingar</who>
            <bug_when>2002-10-01 16:54:34 -0400</bug_when>
            <thetext>Fixed in the GtkTreeView-based widgets.</thetext>
          </long_desc>
      
      

    </bug>

</bugzilla>