<?xml version="1.0" encoding="UTF-8" standalone="yes" ?>


<bugzilla version="4.2.1"
          urlbase="https://bugs.eclipse.org/bugs/"
          
          maintainer="webmaster@eclipse.org"
>

    <bug>
          <bug_id>10575</bug_id>
          
          <creation_ts>2002-03-01 08:52:00 -0500</creation_ts>
          <short_desc>Searching for available updates ignores bookmarked update sites</short_desc>
          <delta_ts>2002-04-13 22:14:02 -0400</delta_ts>
          <reporter_accessible>1</reporter_accessible>
          <cclist_accessible>1</cclist_accessible>
          <classification_id>2</classification_id>
          <classification>Eclipse</classification>
          <product>Platform</product>
          <component>Update  (deprecated - use RT&gt;Equinox&gt;p2)</component>
          <version>2.0</version>
          <rep_platform>PC</rep_platform>
          <op_sys>Windows 2000</op_sys>
          <bug_status>RESOLVED</bug_status>
          <resolution>FIXED</resolution>
          
          
          <bug_file_loc></bug_file_loc>
          <status_whiteboard></status_whiteboard>
          <keywords></keywords>
          <priority>P3</priority>
          <bug_severity>normal</bug_severity>
          <target_milestone>2.0 M5</target_milestone>
          
          
          <everconfirmed>1</everconfirmed>
          <reporter name="Vlad Klicnik">klicnik</reporter>
          <assigned_to name="Dejan Glozic">dejan</assigned_to>
          
          
          <votes>0</votes>

      

      

      

          <long_desc isprivate="0">
            <commentid>29419</commentid>
            <who name="Vlad Klicnik">klicnik</who>
            <bug_when>2002-03-01 08:52:57 -0500</bug_when>
            <thetext>20020226 Win2K

Search for available updates does not seem to look into my bookmarked sites 
(seems to only consider the explicitly declared site in the feature.xml and 
optionally MyComputer). We should have an option that allows me to search across 
other bookmarked sites as well. Ideally I should be able to select the bookmarks 
to search (via checkbox list in options)</thetext>
          </long_desc>
          <long_desc isprivate="0">
            <commentid>42322</commentid>
            <who name="Dejan Glozic">dejan</who>
            <bug_when>2002-04-13 22:14:02 -0400</bug_when>
            <thetext>For now, there are two checkboxes: Include &apos;PLaces to visit&apos; and Include Site 
Bookmarks. This should do for now. Fine grain selection is complicated because 
we now allow folders. Therefore, ideally we would need to allow checkbox tree 
view with the ability to include or exclude entire subtrees of bookmarks. It is 
so post-2.0 :-).</thetext>
          </long_desc>
      
      

    </bug>

</bugzilla>