<?xml version="1.0" encoding="UTF-8" standalone="yes" ?>


<bugzilla version="4.2.1"
          urlbase="https://bugs.eclipse.org/bugs/"
          
          maintainer="webmaster@eclipse.org"
>

    <bug>
          <bug_id>10570</bug_id>
          
          <creation_ts>2002-03-01 05:39:00 -0500</creation_ts>
          <short_desc>ast: CatchClause has incorrect startingPoint</short_desc>
          <delta_ts>2002-03-01 14:10:20 -0500</delta_ts>
          <reporter_accessible>1</reporter_accessible>
          <cclist_accessible>1</cclist_accessible>
          <classification_id>2</classification_id>
          <classification>Eclipse</classification>
          <product>JDT</product>
          <component>Core</component>
          <version>2.0</version>
          <rep_platform>PC</rep_platform>
          <op_sys>Windows 2000</op_sys>
          <bug_status>RESOLVED</bug_status>
          <resolution>FIXED</resolution>
          
          
          <bug_file_loc></bug_file_loc>
          <status_whiteboard></status_whiteboard>
          <keywords></keywords>
          <priority>P3</priority>
          <bug_severity>normal</bug_severity>
          <target_milestone>2.0 M4</target_milestone>
          
          
          <everconfirmed>1</everconfirmed>
          <reporter name="Adam Kiezun">akiezun</reporter>
          <assigned_to name="Olivier Thomann">Olivier_Thomann</assigned_to>
          
          
          <votes>0</votes>

      

      

      

          <long_desc isprivate="0">
            <commentid>29403</commentid>
            <who name="Adam Kiezun">akiezun</who>
            <bug_when>2002-03-01 05:39:42 -0500</bug_when>
            <thetext>CatchClause begins on the &apos;e&apos; temp here:

package p;
class A{
	void m(){
		try{
		} catch (Exception e){
			m();			
		}
	}
}</thetext>
          </long_desc>
          <long_desc isprivate="0">
            <commentid>29446</commentid>
            <who name="Olivier Thomann">Olivier_Thomann</who>
            <bug_when>2002-03-01 10:01:33 -0500</bug_when>
            <thetext>The problem comes from the fact that the position of the catch keyword in not stored. I will fix it 
with a manual scanning.
</thetext>
          </long_desc>
          <long_desc isprivate="0">
            <commentid>29522</commentid>
            <who name="Olivier Thomann">Olivier_Thomann</who>
            <bug_when>2002-03-01 14:10:20 -0500</bug_when>
            <thetext>Fixed and released in HEAD.</thetext>
          </long_desc>
      
      

    </bug>

</bugzilla>