<?xml version="1.0" encoding="UTF-8" standalone="yes" ?>


<bugzilla version="4.2.1"
          urlbase="https://bugs.eclipse.org/bugs/"
          
          maintainer="webmaster@eclipse.org"
>

    <bug>
          <bug_id>10384</bug_id>
          
          <creation_ts>2002-02-27 09:20:00 -0500</creation_ts>
          <short_desc>ability to generate inner classes without using contextmenu -&gt; New...</short_desc>
          <delta_ts>2002-05-11 15:21:55 -0400</delta_ts>
          <reporter_accessible>1</reporter_accessible>
          <cclist_accessible>1</cclist_accessible>
          <classification_id>2</classification_id>
          <classification>Eclipse</classification>
          <product>JDT</product>
          <component>UI</component>
          <version>2.0</version>
          <rep_platform>All</rep_platform>
          <op_sys>All</op_sys>
          <bug_status>RESOLVED</bug_status>
          <resolution>WONTFIX</resolution>
          
          
          <bug_file_loc></bug_file_loc>
          <status_whiteboard></status_whiteboard>
          <keywords></keywords>
          <priority>P3</priority>
          <bug_severity>enhancement</bug_severity>
          <target_milestone>---</target_milestone>
          
          
          <everconfirmed>1</everconfirmed>
          <reporter name="Leon J. Breedt">ljb</reporter>
          <assigned_to name="Erich Gamma">erich_gamma</assigned_to>
          
          
          <votes>0</votes>

      

      

      

          <long_desc isprivate="0">
            <commentid>28591</commentid>
            <who name="Leon J. Breedt">ljb</who>
            <bug_when>2002-02-27 09:20:25 -0500</bug_when>
            <thetext>would be nice to be have the same behaviour when defining an inner class inline 
manually and use completion, as one gets when one creates an anonymous inner 
class. i.e. have it generate the class skeleton for you.</thetext>
          </long_desc>
          <long_desc isprivate="0">
            <commentid>28596</commentid>
            <who name="Leon J. Breedt">ljb</who>
            <bug_when>2002-02-27 09:27:00 -0500</bug_when>
            <thetext>this won&apos;t work for inner classes that want to implement multiple interfaces, 
though.</thetext>
          </long_desc>
          <long_desc isprivate="0">
            <commentid>28620</commentid>
            <who name="Philippe Mulet">philippe_mulet</who>
            <bug_when>2002-02-27 09:54:19 -0500</bug_when>
            <thetext>I think it could add all interface methods for you, don&apos;t you think ?

</thetext>
          </long_desc>
          <long_desc isprivate="0">
            <commentid>28626</commentid>
            <who name="Philippe Mulet">philippe_mulet</who>
            <bug_when>2002-02-27 09:58:13 -0500</bug_when>
            <thetext>Oh, did you mean that at the point you suggested completions, then you did not 
get a chance to insert interfaces or superclass (could be abstract) ?

I think having to type &apos;class X implements SomeInterface { &lt;|&gt;&apos; is already
working, but suggests only one method at a time.

Maybe the UI could offer to popup the class creation wizard for you though.
Would this work ?</thetext>
          </long_desc>
          <long_desc isprivate="0">
            <commentid>29016</commentid>
            <who name="Leon J. Breedt">ljb</who>
            <bug_when>2002-02-28 03:05:22 -0500</bug_when>
            <thetext>Yes, this sounds like it could work well.</thetext>
          </long_desc>
          <long_desc isprivate="0">
            <commentid>48239</commentid>
            <who name="Martin Aeschlimann">martin_aeschlimann</who>
            <bug_when>2002-05-01 06:49:35 -0400</bug_when>
            <thetext>but can use directly the &apos;override methods&apos; wizard.</thetext>
          </long_desc>
          <long_desc isprivate="0">
            <commentid>52476</commentid>
            <who name="Erich Gamma">erich_gamma</who>
            <bug_when>2002-05-11 15:21:55 -0400</bug_when>
            <thetext>override wizard is the way to go - closing</thetext>
          </long_desc>
      
      

    </bug>

</bugzilla>