<?xml version="1.0" encoding="UTF-8" standalone="yes" ?>


<bugzilla version="4.2.1"
          urlbase="https://bugs.eclipse.org/bugs/"
          
          maintainer="webmaster@eclipse.org"
>

    <bug>
          <bug_id>10564</bug_id>
          
          <creation_ts>2002-03-01 05:09:00 -0500</creation_ts>
          <short_desc>Buttons on import dialog should not add to selection</short_desc>
          <delta_ts>2002-04-17 09:14:01 -0400</delta_ts>
          <reporter_accessible>1</reporter_accessible>
          <cclist_accessible>1</cclist_accessible>
          <classification_id>2</classification_id>
          <classification>Eclipse</classification>
          <product>PDE</product>
          <component>UI</component>
          <version>2.0</version>
          <rep_platform>PC</rep_platform>
          <op_sys>Windows NT</op_sys>
          <bug_status>CLOSED</bug_status>
          <resolution>WORKSFORME</resolution>
          
          
          <bug_file_loc></bug_file_loc>
          <status_whiteboard></status_whiteboard>
          <keywords></keywords>
          <priority>P3</priority>
          <bug_severity>normal</bug_severity>
          <target_milestone>---</target_milestone>
          
          
          <everconfirmed>1</everconfirmed>
          <reporter name="Dani Megert">daniel_megert</reporter>
          <assigned_to name="Dejan Glozic">dejan</assigned_to>
          
          
          <votes>0</votes>

      

      

      

          <long_desc isprivate="0">
            <commentid>29394</commentid>
            <who name="Dani Megert">daniel_megert</who>
            <bug_when>2002-03-01 05:09:12 -0500</bug_when>
            <thetext>The buttons which allow to select plug-ins in the plug-in import wizard are
adding the corresponding plug-ins to the existing selection. I would expect that
the selection consists only of those plug-ins that correspond to the button I
just pressed.

e.g. select non-binary plug-in A then press &quot;Binary Plug-ins&quot; ==&gt; A remains
selected.</thetext>
          </long_desc>
          <long_desc isprivate="0">
            <commentid>43260</commentid>
            <who name="Dejan Glozic">dejan</who>
            <bug_when>2002-04-16 16:52:17 -0400</bug_when>
            <thetext>Cannot reproduce in 0412. Checking the code confirms that the result of a 
button press always starts with the full list of plug-ins in the table and 
always replaces the current selection with a new selection.

This may be due to some code cleanup in the importer that fixed the problem as 
a side-effect.</thetext>
          </long_desc>
          <long_desc isprivate="0">
            <commentid>43395</commentid>
            <who name="Dani Megert">daniel_megert</who>
            <bug_when>2002-04-17 02:06:18 -0400</bug_when>
            <thetext>Confirmed. This works for a while now.</thetext>
          </long_desc>
          <long_desc isprivate="0">
            <commentid>43477</commentid>
            <who name="Dejan Glozic">dejan</who>
            <bug_when>2002-04-17 09:14:01 -0400</bug_when>
            <thetext>Closing</thetext>
          </long_desc>
      
      

    </bug>

</bugzilla>