<?xml version="1.0" encoding="UTF-8" standalone="yes" ?>


<bugzilla version="4.2.1"
          urlbase="https://bugs.eclipse.org/bugs/"
          
          maintainer="webmaster@eclipse.org"
>

    <bug>
          <bug_id>101</bug_id>
          
          <creation_ts>2001-10-10 21:36:00 -0400</creation_ts>
          <short_desc>Help contexts need to be added for wizards (1GENICJ)</short_desc>
          <delta_ts>2002-05-08 20:46:10 -0400</delta_ts>
          <reporter_accessible>1</reporter_accessible>
          <cclist_accessible>1</cclist_accessible>
          <classification_id>2</classification_id>
          <classification>Eclipse</classification>
          <product>Platform</product>
          <component>Team</component>
          <version>2.0</version>
          <rep_platform>All</rep_platform>
          <op_sys>All</op_sys>
          <bug_status>RESOLVED</bug_status>
          <resolution>FIXED</resolution>
          
          
          <bug_file_loc></bug_file_loc>
          <status_whiteboard></status_whiteboard>
          <keywords></keywords>
          <priority>P5</priority>
          <bug_severity>normal</bug_severity>
          <target_milestone>2.0 M6</target_milestone>
          
          
          <everconfirmed>1</everconfirmed>
          <reporter name="John Arthorne">john_arthorne</reporter>
          <assigned_to name="Jean-Michel Lemieux">jean-michel_lemieux</assigned_to>
          
          
          <votes>0</votes>

      

      

      

          <long_desc isprivate="0">
            <commentid>107</commentid>
            <who name="John Arthorne">john_arthorne</who>
            <bug_when>2001-10-10 21:36:27 -0400</bug_when>
            <thetext>merge wizard
new cvs connection
new team stream.

NOTES:

JEM (6/1/01 5:41:48 PM)
	Also ignore preference page.

JohnA (6/2/2001 3:04:42 PM)
	Added the code hook for the preference page.

JohnA (6/13/2001 1:06:19 PM)
	Moving to future.  Need to reconsider help for wizards when we have time.</thetext>
          </long_desc>
          <long_desc isprivate="0">
            <commentid>12759</commentid>
            <who name="Dennis">ddaniels</who>
            <bug_when>2001-11-24 06:50:33 -0500</bug_when>
            <thetext>JohnA (6/13/2001 1:06:19 PM)
	Moving to future.  Need to reconsider help for wizards when we have 
time.

I fully agree. The wizard help is very important! Make work easy for us! Let us 
record the clicks of a successful operation and then all the user would need to 
do is look at the click/action log!
cheers
Dennis</thetext>
          </long_desc>
          <long_desc isprivate="0">
            <commentid>39711</commentid>
            <who name="OTI Support">support</who>
            <bug_when>2002-04-08 19:02:28 -0400</bug_when>
            <thetext>Is there any activity on this issue?
Willthis make it into 2.0M4?</thetext>
          </long_desc>
          <long_desc isprivate="0">
            <commentid>39712</commentid>
            <who name="James Moody">James_Moody</who>
            <bug_when>2002-04-08 19:35:40 -0400</bug_when>
            <thetext>M4 has already come and gone long ago. If you mean M5 (tomorrow), this is not on
my list (see Target Milestone field in the bug report). Will investigate to see
what needs to be done.</thetext>
          </long_desc>
          <long_desc isprivate="0">
            <commentid>51407</commentid>
            <who name="Jean-Michel Lemieux">jean-michel_lemieux</who>
            <bug_when>2002-05-08 20:46:10 -0400</bug_when>
            <thetext>Fixed. We still have to incrementally add and improve the context help. The
mechanics are in place.</thetext>
          </long_desc>
      
      

    </bug>

</bugzilla>