<?xml version="1.0" encoding="UTF-8" standalone="yes" ?>


<bugzilla version="4.2.1"
          urlbase="https://bugs.eclipse.org/bugs/"
          
          maintainer="webmaster@eclipse.org"
>

    <bug>
          <bug_id>10619</bug_id>
          
          <creation_ts>2002-03-01 16:44:00 -0500</creation_ts>
          <short_desc>&quot;Remote&quot; vs. &quot;Repository&quot;</short_desc>
          <delta_ts>2002-03-01 17:00:35 -0500</delta_ts>
          <reporter_accessible>1</reporter_accessible>
          <cclist_accessible>1</cclist_accessible>
          <classification_id>2</classification_id>
          <classification>Eclipse</classification>
          <product>Platform</product>
          <component>Team</component>
          <version>2.0</version>
          <rep_platform>PC</rep_platform>
          <op_sys>All</op_sys>
          <bug_status>RESOLVED</bug_status>
          <resolution>FIXED</resolution>
          
          
          <bug_file_loc></bug_file_loc>
          <status_whiteboard></status_whiteboard>
          <keywords></keywords>
          <priority>P3</priority>
          <bug_severity>normal</bug_severity>
          <target_milestone>2.0 M4</target_milestone>
          
          
          <everconfirmed>1</everconfirmed>
          <reporter name="Kevin McGuire">Kevin_McGuire</reporter>
          <assigned_to name="James Moody">James_Moody</assigned_to>
          
          
          <votes>0</votes>

      

      

      

          <long_desc isprivate="0">
            <commentid>29567</commentid>
            <who name="Kevin McGuire">Kevin_McGuire</who>
            <bug_when>2002-03-01 16:44:11 -0500</bug_when>
            <thetext>You can
  &quot;Compare With-&gt;*Repository* Contents&quot;
but you
  &quot;Replace With-&gt;*Remote* Contents&quot;

They should both use the same term, perhaps Repository.
Or perhaps &quot;Branch Contents&quot;, which is closer to &quot;Stream Contents&quot;.</thetext>
          </long_desc>
          <long_desc isprivate="0">
            <commentid>29571</commentid>
            <who name="James Moody">James_Moody</who>
            <bug_when>2002-03-01 17:00:35 -0500</bug_when>
            <thetext>Fixed. (Used &quot;Latest From Repository&quot;)
</thetext>
          </long_desc>
      
      

    </bug>

</bugzilla>