<?xml version="1.0" encoding="UTF-8" standalone="yes" ?>


<bugzilla version="4.2.1"
          urlbase="https://bugs.eclipse.org/bugs/"
          
          maintainer="webmaster@eclipse.org"
>

    <bug>
          <bug_id>10401</bug_id>
          
          <creation_ts>2002-02-27 12:06:00 -0500</creation_ts>
          <short_desc>Feature for internal editor</short_desc>
          <delta_ts>2002-03-12 10:19:07 -0500</delta_ts>
          <reporter_accessible>1</reporter_accessible>
          <cclist_accessible>1</cclist_accessible>
          <classification_id>2</classification_id>
          <classification>Eclipse</classification>
          <product>Platform</product>
          <component>UI</component>
          <version>2.0</version>
          <rep_platform>All</rep_platform>
          <op_sys>All</op_sys>
          <bug_status>RESOLVED</bug_status>
          <resolution>FIXED</resolution>
          
          
          <bug_file_loc></bug_file_loc>
          <status_whiteboard></status_whiteboard>
          <keywords></keywords>
          <priority>P3</priority>
          <bug_severity>enhancement</bug_severity>
          <target_milestone>2.0 M4</target_milestone>
          
          
          <everconfirmed>1</everconfirmed>
          <reporter name="Christian Gschnell">gschnell</reporter>
          <assigned_to name="Kai-Uwe Maetzel">kai-uwe_maetzel</assigned_to>
          
          
          <votes>0</votes>

      

      

      

          <long_desc isprivate="0">
            <commentid>28742</commentid>
            <who name="Christian Gschnell">gschnell</who>
            <bug_when>2002-02-27 12:06:04 -0500</bug_when>
            <thetext>Feature &apos;change tabs to spaces&apos; for the internal editor is missing.</thetext>
          </long_desc>
          <long_desc isprivate="0">
            <commentid>32030</commentid>
            <who name="Kai-Uwe Maetzel">kai-uwe_maetzel</who>
            <bug_when>2002-03-12 10:19:07 -0500</bug_when>
            <thetext>First cut in 20020312.</thetext>
          </long_desc>
      
      

    </bug>

</bugzilla>