<?xml version="1.0" encoding="UTF-8" standalone="yes" ?>


<bugzilla version="4.2.1"
          urlbase="https://bugs.eclipse.org/bugs/"
          
          maintainer="webmaster@eclipse.org"
>

    <bug>
          <bug_id>10015</bug_id>
          
          <creation_ts>2002-02-20 08:50:00 -0500</creation_ts>
          <short_desc>Parsing of function declarations in stdio.h is broken.</short_desc>
          <delta_ts>2009-01-09 14:09:01 -0500</delta_ts>
          <reporter_accessible>1</reporter_accessible>
          <cclist_accessible>1</cclist_accessible>
          <classification_id>4</classification_id>
          <classification>Tools</classification>
          <product>CDT</product>
          <component>cdt-other</component>
          <version>1.0</version>
          <rep_platform>PC</rep_platform>
          <op_sys>Linux</op_sys>
          <bug_status>CLOSED</bug_status>
          <resolution>FIXED</resolution>
          
          
          <bug_file_loc></bug_file_loc>
          <status_whiteboard></status_whiteboard>
          <keywords></keywords>
          <priority>P1</priority>
          <bug_severity>critical</bug_severity>
          <target_milestone>1.0 - Release</target_milestone>
          
          
          <everconfirmed>1</everconfirmed>
          <reporter name="Jeff Turnham">turnham</reporter>
          <assigned_to name="Jeff Turnham">turnham</assigned_to>
          <cc>chanskw</cc>
    
    <cc>johan.walles</cc>
          
          <votes>0</votes>

      

      

      

          <long_desc isprivate="0">
            <commentid>27513</commentid>
            <who name="Jeff Turnham">turnham</who>
            <bug_when>2002-02-20 08:50:12 -0500</bug_when>
            <thetext>The parser is not parsing function declarations inside stdio.h properly.  Every
function definition that has the __THROW macro following the parameter list is
mistaken for a function definition with a variable __THROW in its body.  This
wouldn&apos;t be so bad if I properly &quot;closeScope&quot; after the __THROW. But I don&apos;t
since I never find a closing }, so every subsequent parse object is nested
within these problem functions.</thetext>
          </long_desc>
          <long_desc isprivate="0">
            <commentid>27873</commentid>
            <who name="Jeff Turnham">turnham</who>
            <bug_when>2002-02-25 13:34:04 -0500</bug_when>
            <thetext>*** Bug 10176 has been marked as a duplicate of this bug. ***</thetext>
          </long_desc>
          <long_desc isprivate="0">
            <commentid>29749</commentid>
            <who name="Jeff Turnham">turnham</who>
            <bug_when>2002-03-04 09:03:59 -0500</bug_when>
            <thetext>This is fixed as of 2002/03/04</thetext>
          </long_desc>
          <long_desc isprivate="0">
            <commentid>32540</commentid>
            <who name="Jeff Turnham">turnham</who>
            <bug_when>2002-03-13 16:28:45 -0500</bug_when>
            <thetext>Fixed</thetext>
          </long_desc>
      
      

    </bug>

</bugzilla>