<?xml version="1.0" encoding="UTF-8" standalone="yes" ?>


<bugzilla version="4.2.1"
          urlbase="https://bugs.eclipse.org/bugs/"
          
          maintainer="webmaster@eclipse.org"
>

    <bug>
          <bug_id>10411</bug_id>
          
          <creation_ts>2002-02-27 13:25:00 -0500</creation_ts>
          <short_desc>Autoconf: Facilitate linking to libraries through Makefile.am variables</short_desc>
          <delta_ts>2009-01-09 14:10:29 -0500</delta_ts>
          <reporter_accessible>1</reporter_accessible>
          <cclist_accessible>1</cclist_accessible>
          <classification_id>4</classification_id>
          <classification>Tools</classification>
          <product>CDT</product>
          <component>cdt-other</component>
          <version>1.0</version>
          <rep_platform>PC</rep_platform>
          <op_sys>All</op_sys>
          <bug_status>RESOLVED</bug_status>
          <resolution>WONTFIX</resolution>
          
          
          <bug_file_loc></bug_file_loc>
          <status_whiteboard></status_whiteboard>
          <keywords></keywords>
          <priority>P2</priority>
          <bug_severity>enhancement</bug_severity>
          <target_milestone>2.0 - Release</target_milestone>
          
          
          <everconfirmed>1</everconfirmed>
          <reporter name="Yasser Elmankabady">eyasser</reporter>
          <assigned_to name="Yasser Elmankabady">eyasser</assigned_to>
          
          
          <votes>0</votes>

      

      

      

          <long_desc isprivate="0">
            <commentid>28792</commentid>
            <who name="Yasser Elmankabady">eyasser</who>
            <bug_when>2002-02-27 13:25:25 -0500</bug_when>
            <thetext>Facilitate the process of linking to libraries in both the build and run times 
using Makefile.am variables.</thetext>
          </long_desc>
          <long_desc isprivate="0">
            <commentid>169234</commentid>
            <who name="Sebastien Marineau">sebastien</who>
            <bug_when>2003-06-25 18:57:47 -0400</bug_when>
            <thetext>Applies to old CDT codebase -- close as part of cleanup.</thetext>
          </long_desc>
      
      

    </bug>

</bugzilla>