<?xml version="1.0" encoding="UTF-8" standalone="yes" ?>


<bugzilla version="4.2.1"
          urlbase="https://bugs.eclipse.org/bugs/"
          
          maintainer="webmaster@eclipse.org"
>

    <bug>
          <bug_id>10323</bug_id>
          
          <creation_ts>2002-02-26 21:50:00 -0500</creation_ts>
          <short_desc>Uniform Integrated Environment Support across the CDT</short_desc>
          <delta_ts>2003-06-25 07:10:17 -0400</delta_ts>
          <reporter_accessible>1</reporter_accessible>
          <cclist_accessible>1</cclist_accessible>
          <classification_id>4</classification_id>
          <classification>Tools</classification>
          <product>CDT</product>
          <component>cdt-core</component>
          <version>2.0</version>
          <rep_platform>All</rep_platform>
          <op_sys>All</op_sys>
          <bug_status>RESOLVED</bug_status>
          <resolution>WONTFIX</resolution>
          
          
          <bug_file_loc></bug_file_loc>
          <status_whiteboard></status_whiteboard>
          <keywords></keywords>
          <priority>P4</priority>
          <bug_severity>enhancement</bug_severity>
          <target_milestone>Future</target_milestone>
          
          
          <everconfirmed>1</everconfirmed>
          <reporter name="Brian Thomson">thomson</reporter>
          <assigned_to name="Jeff Turnham">turnham</assigned_to>
          
          
          <votes>0</votes>

      

      

      

          <long_desc isprivate="0">
            <commentid>28387</commentid>
            <who name="Brian Thomson">thomson</who>
            <bug_when>2002-02-26 21:50:36 -0500</bug_when>
            <thetext>There is a need to be able to discretely apply a set of environment variables to
a Project, Command, or Debug Session.  This method should be uniform across the
CDT (and perhaps Eclipse at some point). 

One way is to create a type of object that is essentially a named environment. 
A Named Environment could then contain other Named Environments as well as
Environment Variables.  In various places in the UI would allow a user to chose
which Named Environment should be used for their command, debug session or
project.  This will require a thorough design discussion.</thetext>
          </long_desc>
          <long_desc isprivate="0">
            <commentid>169063</commentid>
            <who name="Sebastien Marineau">sebastien</who>
            <bug_when>2003-06-25 07:10:17 -0400</bug_when>
            <thetext>This applies to old CDT, closing as part of cleanup.</thetext>
          </long_desc>
      
      

    </bug>

</bugzilla>