<?xml version="1.0" encoding="UTF-8" standalone="yes" ?>


<bugzilla version="4.2.1"
          urlbase="https://bugs.eclipse.org/bugs/"
          
          maintainer="webmaster@eclipse.org"
>

    <bug>
          <bug_id>10233</bug_id>
          
          <creation_ts>2002-02-25 21:37:00 -0500</creation_ts>
          <short_desc>Accessibility problems in PDE Runtime Workbench launcher</short_desc>
          <delta_ts>2002-04-16 16:22:29 -0400</delta_ts>
          <reporter_accessible>1</reporter_accessible>
          <cclist_accessible>1</cclist_accessible>
          <classification_id>2</classification_id>
          <classification>Eclipse</classification>
          <product>PDE</product>
          <component>UI</component>
          <version>2.0</version>
          <rep_platform>PC</rep_platform>
          <op_sys>Windows 2000</op_sys>
          <bug_status>RESOLVED</bug_status>
          <resolution>FIXED</resolution>
          
          
          <bug_file_loc></bug_file_loc>
          <status_whiteboard></status_whiteboard>
          <keywords></keywords>
          <priority>P3</priority>
          <bug_severity>normal</bug_severity>
          <target_milestone>---</target_milestone>
          
          
          <everconfirmed>1</everconfirmed>
          <reporter name="Nick Edgar">nick_edgar</reporter>
          <assigned_to name="Dejan Glozic">dejan</assigned_to>
          
          
          <votes>0</votes>

      

      

      

          <long_desc isprivate="0">
            <commentid>27977</commentid>
            <who name="Nick Edgar">nick_edgar</who>
            <bug_when>2002-02-25 21:37:12 -0500</bug_when>
            <thetext>Build 20020215

The Runtime Workbench launcher has the following accessibility problems:
- first control does not have focus by default
- tab order is not top-down, left-to-right 
(need to group controls above first separator and controls between first and 
second separators in composites to get this right)
- could use B as mnemonic for Browse button, and A for Application name, since 
they&apos;re not taken (nice job otherwise on the mnemonics though)
- Clear workspace data flag is not remembered (this is a general usability 
bug, not an accessibility bug, but it&apos;s more annoying with the keyboard)</thetext>
          </long_desc>
          <long_desc isprivate="0">
            <commentid>28021</commentid>
            <who name="Dejan Glozic">dejan</who>
            <bug_when>2002-02-26 09:29:18 -0500</bug_when>
            <thetext>&apos;Clear workspace&apos; check is intentionally in the &apos;off&apos; state on startup. 
Clearing workspace is a drastic measure that is not used that often (typically 
for people that want to test function that can only be seen before the 
workbench persists its state). There is a danger that people would clear the 
workspace, relaunch, forget to uncheck the button and loose all the data. By 
not remembering the state, we have a substitute to the query dialog &quot;Do you 
really want to clear your workspace?&quot;.</thetext>
          </long_desc>
          <long_desc isprivate="0">
            <commentid>28040</commentid>
            <who name="Nick Edgar">nick_edgar</who>
            <bug_when>2002-02-26 10:44:31 -0500</bug_when>
            <thetext>A labeling change might just do the trick, indicating that it applies only to 
the current launch.</thetext>
          </long_desc>
          <long_desc isprivate="0">
            <commentid>43232</commentid>
            <who name="Dejan Glozic">dejan</who>
            <bug_when>2002-04-16 16:22:29 -0400</bug_when>
            <thetext>Clearing workspace is now preserved between invocations.</thetext>
          </long_desc>
      
      

    </bug>

</bugzilla>