<?xml version="1.0" encoding="UTF-8" standalone="yes" ?>


<bugzilla version="4.2.1"
          urlbase="https://bugs.eclipse.org/bugs/"
          
          maintainer="webmaster@eclipse.org"
>

    <bug>
          <bug_id>10218</bug_id>
          
          <creation_ts>2002-02-25 16:53:00 -0500</creation_ts>
          <short_desc>breakpoint change mechanism</short_desc>
          <delta_ts>2002-02-27 14:42:45 -0500</delta_ts>
          <reporter_accessible>1</reporter_accessible>
          <cclist_accessible>1</cclist_accessible>
          <classification_id>2</classification_id>
          <classification>Eclipse</classification>
          <product>Platform</product>
          <component>Debug</component>
          <version>2.0</version>
          <rep_platform>PC</rep_platform>
          <op_sys>Windows 2000</op_sys>
          <bug_status>VERIFIED</bug_status>
          <resolution>FIXED</resolution>
          
          
          <bug_file_loc></bug_file_loc>
          <status_whiteboard></status_whiteboard>
          <keywords></keywords>
          <priority>P1</priority>
          <bug_severity>normal</bug_severity>
          <target_milestone>2.0 M4</target_milestone>
          
          
          <everconfirmed>1</everconfirmed>
          <reporter name="Darin Wright">darin.eclipse</reporter>
          <assigned_to name="Darin Wright">darin.eclipse</assigned_to>
          
          
          <votes>0</votes>

      

      

      

          <long_desc isprivate="0">
            <commentid>27931</commentid>
            <who name="Darin Wright">darin.eclipse</who>
            <bug_when>2002-02-25 16:53:48 -0500</bug_when>
            <thetext>Add API to support firing of breakpoint change notification when the underlying 
marker has not changed. Clients should be able to ask the breakpoint manager to 
fire a breakpoint change event/notification. Update spec to note that marker 
deltas in change callbacks may be null.</thetext>
          </long_desc>
          <long_desc isprivate="0">
            <commentid>28065</commentid>
            <who name="Jared Burns">jared_burns</who>
            <bug_when>2002-02-26 11:17:10 -0500</bug_when>
            <thetext>Implemented.</thetext>
          </long_desc>
          <long_desc isprivate="0">
            <commentid>28067</commentid>
            <who name="Jared Burns">jared_burns</who>
            <bug_when>2002-02-26 11:18:02 -0500</bug_when>
            <thetext>Please verify.</thetext>
          </long_desc>
          <long_desc isprivate="0">
            <commentid>28831</commentid>
            <who name="Darin Wright">darin.eclipse</who>
            <bug_when>2002-02-27 14:42:45 -0500</bug_when>
            <thetext>Verified.</thetext>
          </long_desc>
      
      

    </bug>

</bugzilla>