<?xml version="1.0" encoding="UTF-8" standalone="yes" ?>


<bugzilla version="4.2.1"
          urlbase="https://bugs.eclipse.org/bugs/"
          
          maintainer="webmaster@eclipse.org"
>

    <bug>
          <bug_id>10506</bug_id>
          
          <creation_ts>2002-02-28 12:31:00 -0500</creation_ts>
          <short_desc>NPE in launch view</short_desc>
          <delta_ts>2002-03-05 09:43:23 -0500</delta_ts>
          <reporter_accessible>1</reporter_accessible>
          <cclist_accessible>1</cclist_accessible>
          <classification_id>2</classification_id>
          <classification>Eclipse</classification>
          <product>Platform</product>
          <component>Debug</component>
          <version>2.0</version>
          <rep_platform>PC</rep_platform>
          <op_sys>Windows 2000</op_sys>
          <bug_status>VERIFIED</bug_status>
          <resolution>FIXED</resolution>
          
          
          <bug_file_loc></bug_file_loc>
          <status_whiteboard></status_whiteboard>
          <keywords></keywords>
          <priority>P1</priority>
          <bug_severity>normal</bug_severity>
          <target_milestone>2.0 M4</target_milestone>
          
          
          <everconfirmed>1</everconfirmed>
          <reporter name="Darin Wright">darin.eclipse</reporter>
          <assigned_to name="Darin Wright">darin.eclipse</assigned_to>
          
          
          <votes>0</votes>

      

      

      

          <long_desc isprivate="0">
            <commentid>29188</commentid>
            <who name="Darin Wright">darin.eclipse</who>
            <bug_when>2002-02-28 12:31:30 -0500</bug_when>
            <thetext>Found this in my error log. do not know how it happenned:

java.lang.NullPointerException
	at org.eclipse.debug.internal.ui.views.LaunchView.pageActivated
(LaunchView.java:309)
	at org.eclipse.ui.internal.PageListenerList$1.run
(PageListenerList.java:37)
	at org.eclipse.core.internal.runtime.InternalPlatform.run
(InternalPlatform.java:817)
	at org.eclipse.core.runtime.Platform.run(Platform.java:395)
	at org.eclipse.ui.internal.PageListenerList.firePageActivated
(PageListenerList.java:35)
	at org.eclipse.ui.internal.WorkbenchWindow.firePageActivated
(WorkbenchWindow.java:466)
	at org.eclipse.ui.internal.WorkbenchWindow.access$9
(WorkbenchWindow.java:465)
	at org.eclipse.ui.internal.WorkbenchWindow$5.run
(WorkbenchWindow.java:921)
	at org.eclipse.swt.custom.BusyIndicator.showWhile(BusyIndicator.java:56)
	at org.eclipse.ui.internal.WorkbenchWindow.setActivePage
(WorkbenchWindow.java:907)
	at org.eclipse.ui.internal.SetPageAction.run(SetPageAction.java:39)
	at org.eclipse.jface.action.Action.runWithEvent(Action.java:452)
	at org.eclipse.jface.action.ActionContributionItem.handleWidgetSelection
(ActionContributionItem.java:407)
	at org.eclipse.jface.action.ActionContributionItem.handleWidgetEvent
(ActionContributionItem.java:361)
	at org.eclipse.jface.action.ActionContributionItem.access$0
(ActionContributionItem.java:352)
	at 
org.eclipse.jface.action.ActionContributionItem$ActionListener.handleEvent
(ActionContributionItem.java:47)
	at org.eclipse.swt.widgets.EventTable.sendEvent(EventTable.java:74)
	at org.eclipse.swt.widgets.Widget.notifyListeners(Widget.java:637)
	at org.eclipse.swt.widgets.Display.runDeferredEvents(Display.java:1420)
	at org.eclipse.swt.widgets.Display.readAndDispatch(Display.java:1208)
	at org.eclipse.ui.internal.Workbench.runEventLoop(Workbench.java:788)
	at org.eclipse.ui.internal.Workbench.run(Workbench.java:771)
	at org.eclipse.core.internal.boot.InternalBootLoader.run
(InternalBootLoader.java:777)
	at org.eclipse.core.boot.BootLoader.run(BootLoader.java:319)
	at java.lang.reflect.Method.invoke(Native Method)
	at org.eclipse.core.launcher.Main.basicRun(Main.java:151)
	at org.eclipse.core.launcher.Main.run(Main.java:502)
	at org.eclipse.core.launcher.UIMain.main(UIMain.java:52)</thetext>
          </long_desc>
          <long_desc isprivate="0">
            <commentid>30043</commentid>
            <who name="Darin Swanson">Darin_Swanson</who>
            <bug_when>2002-03-04 18:47:31 -0500</bug_when>
            <thetext>It is possible for the pageActivated call to be passed null.
Fixed all of our implementors of pageActivated.
Please verify.</thetext>
          </long_desc>
          <long_desc isprivate="0">
            <commentid>30154</commentid>
            <who name="Darin Wright">darin.eclipse</who>
            <bug_when>2002-03-05 09:43:23 -0500</bug_when>
            <thetext>Verified.</thetext>
          </long_desc>
      
      

    </bug>

</bugzilla>