<?xml version="1.0" encoding="UTF-8" standalone="yes" ?>


<bugzilla version="4.2.1"
          urlbase="https://bugs.eclipse.org/bugs/"
          
          maintainer="webmaster@eclipse.org"
>

    <bug>
          <bug_id>10057</bug_id>
          
          <creation_ts>2002-02-21 09:22:00 -0500</creation_ts>
          <short_desc>References To Hierarchy</short_desc>
          <delta_ts>2004-06-30 05:42:36 -0400</delta_ts>
          <reporter_accessible>1</reporter_accessible>
          <cclist_accessible>1</cclist_accessible>
          <classification_id>2</classification_id>
          <classification>Eclipse</classification>
          <product>JDT</product>
          <component>UI</component>
          <version>2.0</version>
          <rep_platform>PC</rep_platform>
          <op_sys>Windows 2000</op_sys>
          <bug_status>CLOSED</bug_status>
          <resolution>WORKSFORME</resolution>
          
          
          <bug_file_loc></bug_file_loc>
          <status_whiteboard></status_whiteboard>
          <keywords></keywords>
          <priority>P3</priority>
          <bug_severity>enhancement</bug_severity>
          <target_milestone>---</target_milestone>
          
          
          <everconfirmed>1</everconfirmed>
          <reporter name="Dani Megert">daniel_megert</reporter>
          <assigned_to name="JDT-UI-Inbox">jdt-ui-inbox</assigned_to>
          
          
          <votes>0</votes>

      

      

      

          <long_desc isprivate="0">
            <commentid>27581</commentid>
            <who name="Dani Megert">daniel_megert</who>
            <bug_when>2002-02-21 09:22:57 -0500</bug_when>
            <thetext>If a method T.m() is selected then &quot;Reference&quot; search reports only exact matches
to T.m(). This often results in 0 results (e.g. if T implements an interface I
or extends another type).

A new search (References to Hierarchy) should return all references to m() in
the hierarchy (including interfaces and subtypes) of T.</thetext>
          </long_desc>
          <long_desc isprivate="0">
            <commentid>187374</commentid>
            <who name="Dani Megert">daniel_megert</who>
            <bug_when>2003-09-19 03:42:53 -0400</bug_when>
            <thetext>Testing a link: see bug 10057, comment 0.
</thetext>
          </long_desc>
          <long_desc isprivate="0">
            <commentid>219841</commentid>
            <who name="Dani Megert">daniel_megert</who>
            <bug_when>2004-01-22 05:18:06 -0500</bug_when>
            <thetext>reassigning</thetext>
          </long_desc>
          <long_desc isprivate="0">
            <commentid>315809</commentid>
            <who name="Thomas  MÃ¤der">t.s.maeder</who>
            <bug_when>2004-06-29 11:36:48 -0400</bug_when>
            <thetext>I figure this is more complicated than it sounds. Still a good idea, though.</thetext>
          </long_desc>
          <long_desc isprivate="0">
            <commentid>316154</commentid>
            <who name="Dirk Baeumer">dirk_baeumer</who>
            <bug_when>2004-06-30 05:33:45 -0400</bug_when>
            <thetext>Daniel,

I did some testing and for me this works as expected:

public abstract class A {
	public abstract void foo();
}
public interface I {
	public void foo();
}
public class B extends A implements I {
	public void foo() {
	}
}
public class Ref {
	public void bar() {
		I i= null;
		A a= null;
		B b= null;
		
		i.foo();
		a.foo();
		b.foo();
	}
}

- searching for references to B#foo gives three matches
- searching for references to I#foo gives two matches
- searching for references to A#foo gives two matches

So the only problem I see is the marriage of convenience case.</thetext>
          </long_desc>
          <long_desc isprivate="0">
            <commentid>316156</commentid>
            <who name="Dani Megert">daniel_megert</who>
            <bug_when>2004-06-30 05:42:36 -0400</bug_when>
            <thetext>looks like this has been improved.</thetext>
          </long_desc>
      
      

    </bug>

</bugzilla>