<?xml version="1.0" encoding="UTF-8" standalone="yes" ?>


<bugzilla version="4.2.1"
          urlbase="https://bugs.eclipse.org/bugs/"
          
          maintainer="webmaster@eclipse.org"
>

    <bug>
          <bug_id>10133</bug_id>
          
          <creation_ts>2002-02-22 21:51:00 -0500</creation_ts>
          <short_desc>ArrayIndexOutOfBoundsException when trying to open &apos;class&apos; property (same as bug 9269</short_desc>
          <delta_ts>2002-02-22 21:54:42 -0500</delta_ts>
          <reporter_accessible>1</reporter_accessible>
          <cclist_accessible>1</cclist_accessible>
          <classification_id>2</classification_id>
          <classification>Eclipse</classification>
          <product>PDE</product>
          <component>UI</component>
          <version>2.0</version>
          <rep_platform>PC</rep_platform>
          <op_sys>Windows NT</op_sys>
          <bug_status>RESOLVED</bug_status>
          <resolution>DUPLICATE</resolution>
          <dup_id>10134</dup_id>
          
          <bug_file_loc></bug_file_loc>
          <status_whiteboard></status_whiteboard>
          <keywords></keywords>
          <priority>P3</priority>
          <bug_severity>normal</bug_severity>
          <target_milestone>---</target_milestone>
          
          
          <everconfirmed>1</everconfirmed>
          <reporter>eiman</reporter>
          <assigned_to name="Dejan Glozic">dejan</assigned_to>
          
          
          <votes>0</votes>

      

      

      

          <long_desc isprivate="0">
            <commentid>27727</commentid>
            <who name="">eiman</who>
            <bug_when>2002-02-22 21:51:23 -0500</bug_when>
            <thetext> </thetext>
          </long_desc>
          <long_desc isprivate="0">
            <commentid>27731</commentid>
            <who name="">eiman</who>
            <bug_when>2002-02-22 21:54:42 -0500</bug_when>
            <thetext>

*** This bug has been marked as a duplicate of 10134 ***</thetext>
          </long_desc>
      
      

    </bug>

</bugzilla>