<?xml version="1.0" encoding="UTF-8" standalone="yes" ?>


<bugzilla version="4.2.1"
          urlbase="https://bugs.eclipse.org/bugs/"
          
          maintainer="webmaster@eclipse.org"
>

    <bug>
          <bug_id>10164</bug_id>
          
          <creation_ts>2002-02-25 09:59:00 -0500</creation_ts>
          <short_desc>Option to show return type in outline view</short_desc>
          <delta_ts>2002-03-07 10:56:52 -0500</delta_ts>
          <reporter_accessible>1</reporter_accessible>
          <cclist_accessible>1</cclist_accessible>
          <classification_id>2</classification_id>
          <classification>Eclipse</classification>
          <product>JDT</product>
          <component>UI</component>
          <version>2.0</version>
          <rep_platform>PC</rep_platform>
          <op_sys>Windows 2000</op_sys>
          <bug_status>RESOLVED</bug_status>
          <resolution>FIXED</resolution>
          
          
          <bug_file_loc></bug_file_loc>
          <status_whiteboard></status_whiteboard>
          <keywords></keywords>
          <priority>P2</priority>
          <bug_severity>enhancement</bug_severity>
          <target_milestone>---</target_milestone>
          
          
          <everconfirmed>1</everconfirmed>
          <reporter name="Erich Gamma">erich_gamma</reporter>
          <assigned_to name="Martin Aeschlimann">martin_aeschlimann</assigned_to>
          
          
          <votes>0</votes>

      

      

      

          <long_desc isprivate="0">
            <commentid>27792</commentid>
            <who name="Erich Gamma">erich_gamma</who>
            <bug_when>2002-02-25 09:59:25 -0500</bug_when>
            <thetext>there is a user request to show return types in outline view.
We should provide this as a preference setting.</thetext>
          </long_desc>
          <long_desc isprivate="0">
            <commentid>29401</commentid>
            <who name="Erich Gamma">erich_gamma</who>
            <bug_when>2002-03-01 05:27:49 -0500</bug_when>
            <thetext>increased priority</thetext>
          </long_desc>
          <long_desc isprivate="0">
            <commentid>30910</commentid>
            <who name="Martin Aeschlimann">martin_aeschlimann</who>
            <bug_when>2002-03-07 10:56:52 -0500</bug_when>
            <thetext>in 20020305 for outliner
&gt; 20020305 in all other java views</thetext>
          </long_desc>
      
      

    </bug>

</bugzilla>