<?xml version="1.0" encoding="UTF-8" standalone="yes" ?>


<bugzilla version="4.2.1"
          urlbase="https://bugs.eclipse.org/bugs/"
          
          maintainer="webmaster@eclipse.org"
>

    <bug>
          <bug_id>10286</bug_id>
          
          <creation_ts>2002-02-26 13:15:00 -0500</creation_ts>
          <short_desc>New file created not shown in editor view</short_desc>
          <delta_ts>2009-01-09 16:55:48 -0500</delta_ts>
          <reporter_accessible>1</reporter_accessible>
          <cclist_accessible>1</cclist_accessible>
          <classification_id>4</classification_id>
          <classification>Tools</classification>
          <product>CDT</product>
          <component>cdt-core</component>
          <version>1.0</version>
          <rep_platform>PC</rep_platform>
          <op_sys>Linux</op_sys>
          <bug_status>RESOLVED</bug_status>
          <resolution>FIXED</resolution>
          
          
          <bug_file_loc></bug_file_loc>
          <status_whiteboard></status_whiteboard>
          <keywords></keywords>
          <priority>P3</priority>
          <bug_severity>minor</bug_severity>
          <target_milestone>---</target_milestone>
          
          
          <everconfirmed>1</everconfirmed>
          <reporter name="Samantha Chan">chanskw</reporter>
          <assigned_to name="David McKnight">dmcknigh</assigned_to>
          <cc>turnham</cc>
          
          <votes>0</votes>

      

      

      

          <long_desc isprivate="0">
            <commentid>28164</commentid>
            <who name="Samantha Chan">chanskw</who>
            <bug_when>2002-02-26 13:15:45 -0500</bug_when>
            <thetext>I created a new file in C/C++ Projects view by doing the following:
1.  select project
2.  RMC -&gt; new -&gt; file

(In navigator view, I can invoke the &quot;simple&quot; wizard.  In C/C++ Projects view, 
I can&apos;t.)

Nevertheless, according to the instructions in the workroom, I should see the 
newly created file in the editor view.  The file was created but not shown in 
the editor view.  If the file was created in the navigator view, I would see 
the file in the editor view.</thetext>
          </long_desc>
          <long_desc isprivate="0">
            <commentid>28166</commentid>
            <who name="Samantha Chan">chanskw</who>
            <bug_when>2002-02-26 13:17:32 -0500</bug_when>
            <thetext>I think the bug should really go to Cpp-Extensions?</thetext>
          </long_desc>
          <long_desc isprivate="0">
            <commentid>35639</commentid>
            <who name="David McKnight">dmcknigh</who>
            <bug_when>2002-03-22 14:16:26 -0500</bug_when>
            <thetext>This is a UI bug, unrelated to Cpp-Extensions.  The Filesystem Miner creates the 
file, but the UI handles the Eclipse part of it.  The UI part should further 
call openEditor() in order to be consistant.</thetext>
          </long_desc>
          <long_desc isprivate="0">
            <commentid>51334</commentid>
            <who name="David McKnight">dmcknigh</who>
            <bug_when>2002-05-08 16:28:11 -0400</bug_when>
            <thetext>*** Bug 15578 has been marked as a duplicate of this bug. ***</thetext>
          </long_desc>
          <long_desc isprivate="0">
            <commentid>52167</commentid>
            <who name="David McKnight">dmcknigh</who>
            <bug_when>2002-05-10 14:10:38 -0400</bug_when>
            <thetext>I&apos;ve added a custom action to the hosts plugin to handle this.    </thetext>
          </long_desc>
      
      

    </bug>

</bugzilla>