<?xml version="1.0" encoding="UTF-8" standalone="yes" ?>


<bugzilla version="4.2.1"
          urlbase="https://bugs.eclipse.org/bugs/"
          
          maintainer="webmaster@eclipse.org"
>

    <bug>
          <bug_id>10110</bug_id>
          
          <creation_ts>2002-02-22 13:25:00 -0500</creation_ts>
          <short_desc>Project not build since it was inconsistent</short_desc>
          <delta_ts>2002-02-26 11:26:57 -0500</delta_ts>
          <reporter_accessible>1</reporter_accessible>
          <cclist_accessible>1</cclist_accessible>
          <classification_id>2</classification_id>
          <classification>Eclipse</classification>
          <product>JDT</product>
          <component>Core</component>
          <version>2.0</version>
          <rep_platform>PC</rep_platform>
          <op_sys>Windows 2000</op_sys>
          <bug_status>RESOLVED</bug_status>
          <resolution>FIXED</resolution>
          
          
          <bug_file_loc></bug_file_loc>
          <status_whiteboard></status_whiteboard>
          <keywords></keywords>
          <priority>P1</priority>
          <bug_severity>critical</bug_severity>
          <target_milestone>2.0 M4</target_milestone>
          
          
          <everconfirmed>1</everconfirmed>
          <reporter name="IH">flyguy</reporter>
          <assigned_to name="Kent Johnson">kent_johnson</assigned_to>
          
          
          <votes>0</votes>

      

      

      

          <long_desc isprivate="0">
            <commentid>27689</commentid>
            <who name="IH">flyguy</who>
            <bug_when>2002-02-22 13:25:13 -0500</bug_when>
            <thetext>I can no longer build my project.  When I attempt to build it says &quot;The project 
was not build since it is inconsistant.  Refresh the project and then try 
rebuilding it&quot;.

I have refreshed from local serveral times and tried to build yeilding the same 
results.  I have closed eclipse, closed my project, opened my project, and 
drawn a pentegram on the floor in spilt chicken blood but nothing seems to let 
me get my project to rebuild. 

I am using eclipse 2002-02-14</thetext>
          </long_desc>
          <long_desc isprivate="0">
            <commentid>27701</commentid>
            <who name="IH">flyguy</who>
            <bug_when>2002-02-22 14:53:37 -0500</bug_when>
            <thetext>inconsistent spelled it wrong =)  Could prevent others from finding this bug.</thetext>
          </long_desc>
          <long_desc isprivate="0">
            <commentid>27713</commentid>
            <who name="IH">flyguy</who>
            <bug_when>2002-02-22 16:32:51 -0500</bug_when>
            <thetext>Quick fix is to just rename your project.  It seems that renaming my project 
created a new one with the new name but also removed this inconsistent build 
problem on the old one.  

</thetext>
          </long_desc>
          <long_desc isprivate="0">
            <commentid>27810</commentid>
            <who name="Kent Johnson">kent_johnson</who>
            <bug_when>2002-02-25 11:02:05 -0500</bug_when>
            <thetext>This is likely caused by a dosbox/explorer with its current directory inside 
the bin directory.

Do you know if you were browsing the output directory?</thetext>
          </long_desc>
          <long_desc isprivate="0">
            <commentid>27860</commentid>
            <who name="Kent Johnson">kent_johnson</who>
            <bug_when>2002-02-25 12:48:56 -0500</bug_when>
            <thetext>To give users a better idea why the project could be inconsistent, I&apos;ve changed 
the message to be:

The project was not built since it is inconsistent. Ensure no other tool is 
browsing the output directory, then refresh this project and try rebuilding it.</thetext>
          </long_desc>
          <long_desc isprivate="0">
            <commentid>27980</commentid>
            <who name="IH">flyguy</who>
            <bug_when>2002-02-25 22:32:03 -0500</bug_when>
            <thetext>It is quite possible that one of the other views within Eclipse was in my bin 
output directory.  </thetext>
          </long_desc>
          <long_desc isprivate="0">
            <commentid>28079</commentid>
            <who name="Kent Johnson">kent_johnson</who>
            <bug_when>2002-02-26 11:26:57 -0500</bug_when>
            <thetext>Closing... the message change should make users look around.</thetext>
          </long_desc>
      
      

    </bug>

</bugzilla>