<?xml version="1.0" encoding="UTF-8" standalone="yes" ?>


<bugzilla version="4.2.1"
          urlbase="https://bugs.eclipse.org/bugs/"
          
          maintainer="webmaster@eclipse.org"
>

    <bug>
          <bug_id>10357</bug_id>
          
          <creation_ts>2002-02-26 23:45:00 -0500</creation_ts>
          <short_desc>Update after GDB console commands</short_desc>
          <delta_ts>2003-06-25 06:56:55 -0400</delta_ts>
          <reporter_accessible>1</reporter_accessible>
          <cclist_accessible>1</cclist_accessible>
          <classification_id>4</classification_id>
          <classification>Tools</classification>
          <product>CDT</product>
          <component>cdt-debug</component>
          <version>2.0</version>
          <rep_platform>All</rep_platform>
          <op_sys>All</op_sys>
          <bug_status>RESOLVED</bug_status>
          <resolution>WONTFIX</resolution>
          
          
          <bug_file_loc></bug_file_loc>
          <status_whiteboard></status_whiteboard>
          <keywords></keywords>
          <priority>P3</priority>
          <bug_severity>enhancement</bug_severity>
          <target_milestone>Future</target_milestone>
          <dependson>17070</dependson>
          
          <everconfirmed>1</everconfirmed>
          <reporter name="Brian Thomson">thomson</reporter>
          <assigned_to name="Samantha Chan">chanskw</assigned_to>
          
          
          <votes>0</votes>

      

      

      

          <long_desc isprivate="0">
            <commentid>28422</commentid>
            <who name="Brian Thomson">thomson</who>
            <bug_when>2002-02-26 23:45:15 -0500</bug_when>
            <thetext>Update after GDB console commands.  GDB Console is provided for users to
interact with Gdb directly.  However, the UI is not currently updated properly
after commands are issued in GDB Console.  GdbPicl needs to re-query the
program&apos;s status and update UI accordingly after commands are issued in GDB
Console.</thetext>
          </long_desc>
          <long_desc isprivate="0">
            <commentid>57611</commentid>
            <who name="Samantha Chan">chanskw</who>
            <bug_when>2002-05-22 16:52:30 -0400</bug_when>
            <thetext>Generate change packets after commands in Debug Console.

Files changed:
GdbDebugSession.java

Source View, Breakpoints View and Monitors View are not updated properly after 
commands in Debug Console.

For Source View and Breakpoints View, two bugs are currently opened against 
com.ibm.debug.pdt because those view did not take reflect correct changes even 
though changes packets are sent in.

For Monitors View, GDB Picl does not generate corrent change packet for 
Monitors View.  I have a seperate bug opened for this problem.

</thetext>
          </long_desc>
          <long_desc isprivate="0">
            <commentid>57612</commentid>
            <who name="Samantha Chan">chanskw</who>
            <bug_when>2002-05-22 16:53:43 -0400</bug_when>
            <thetext>Change packet for Monitors View:

http://bugs.eclipse.org/bugs/show_bug.cgi?id=17070</thetext>
          </long_desc>
          <long_desc isprivate="0">
            <commentid>169037</commentid>
            <who name="Sebastien Marineau">sebastien</who>
            <bug_when>2003-06-25 06:56:55 -0400</bug_when>
            <thetext>This applies to old CDT, closing as part of cleanup.</thetext>
          </long_desc>
      
      

    </bug>

</bugzilla>