<?xml version="1.0" encoding="UTF-8" standalone="yes" ?>


<bugzilla version="4.2.1"
          urlbase="https://bugs.eclipse.org/bugs/"
          
          maintainer="webmaster@eclipse.org"
>

    <bug>
          <bug_id>10366</bug_id>
          
          <creation_ts>2002-02-26 23:52:00 -0500</creation_ts>
          <short_desc>Help using remote information</short_desc>
          <delta_ts>2002-06-06 15:13:10 -0400</delta_ts>
          <reporter_accessible>1</reporter_accessible>
          <cclist_accessible>1</cclist_accessible>
          <classification_id>4</classification_id>
          <classification>Tools</classification>
          <product>CDT</product>
          <component>cdt-doc</component>
          <version>2.0</version>
          <rep_platform>All</rep_platform>
          <op_sys>All</op_sys>
          <bug_status>RESOLVED</bug_status>
          <resolution>FIXED</resolution>
          
          
          <bug_file_loc></bug_file_loc>
          <status_whiteboard></status_whiteboard>
          <keywords></keywords>
          <priority>P2</priority>
          <bug_severity>enhancement</bug_severity>
          <target_milestone>2.0 - Release</target_milestone>
          
          <blocked>10365</blocked>
          <everconfirmed>1</everconfirmed>
          <reporter name="Brian Thomson">thomson</reporter>
          <assigned_to name="Enrique Varillas">enriquev</assigned_to>
          
          
          <votes>0</votes>

      

      

      

          <long_desc isprivate="0">
            <commentid>28431</commentid>
            <who name="Brian Thomson">thomson</who>
            <bug_when>2002-02-26 23:52:40 -0500</bug_when>
            <thetext>Help using remote information.   Currently, the access to help information is
meant for local projects only. Need to provide access to documentation that
resides on a remote machine.</thetext>
          </long_desc>
          <long_desc isprivate="0">
            <commentid>69929</commentid>
            <who name="Enrique Varillas">enriquev</who>
            <bug_when>2002-06-06 15:13:10 -0400</bug_when>
            <thetext>This should be working for local/remote</thetext>
          </long_desc>
      
      

    </bug>

</bugzilla>