<?xml version="1.0" encoding="UTF-8" standalone="yes" ?>


<bugzilla version="4.2.1"
          urlbase="https://bugs.eclipse.org/bugs/"
          
          maintainer="webmaster@eclipse.org"
>

    <bug>
          <bug_id>10348</bug_id>
          
          <creation_ts>2002-02-26 23:37:00 -0500</creation_ts>
          <short_desc>Update locals instead of add/remove</short_desc>
          <delta_ts>2002-02-27 23:24:44 -0500</delta_ts>
          <reporter_accessible>1</reporter_accessible>
          <cclist_accessible>1</cclist_accessible>
          <classification_id>4</classification_id>
          <classification>Tools</classification>
          <product>CDT</product>
          <component>cdt-debug</component>
          <version>1.0</version>
          <rep_platform>All</rep_platform>
          <op_sys>All</op_sys>
          <bug_status>RESOLVED</bug_status>
          <resolution>DUPLICATE</resolution>
          <dup_id>7645</dup_id>
          
          <bug_file_loc></bug_file_loc>
          <status_whiteboard></status_whiteboard>
          <keywords></keywords>
          <priority>P3</priority>
          <bug_severity>enhancement</bug_severity>
          <target_milestone>---</target_milestone>
          
          
          <everconfirmed>1</everconfirmed>
          <reporter name="Brian Thomson">thomson</reporter>
          <assigned_to name="Samantha Chan">chanskw</assigned_to>
          
          
          <votes>0</votes>

      

      

      

          <long_desc isprivate="0">
            <commentid>28413</commentid>
            <who name="Brian Thomson">thomson</who>
            <bug_when>2002-02-26 23:37:11 -0500</bug_when>
            <thetext>Update locals instead of add/remove.  Add implementation to book-keep local
variables.  Book-keeping local variables will improve performance as it
eliminates excessive processing from UI and reduces the amount of communication
between Debug UI and GdbPicl.</thetext>
          </long_desc>
          <long_desc isprivate="0">
            <commentid>28999</commentid>
            <who name="Samantha Chan">chanskw</who>
            <bug_when>2002-02-27 23:24:44 -0500</bug_when>
            <thetext>

*** This bug has been marked as a duplicate of 7645 ***</thetext>
          </long_desc>
      
      

    </bug>

</bugzilla>