<?xml version="1.0" encoding="UTF-8" standalone="yes" ?>


<bugzilla version="4.2.1"
          urlbase="https://bugs.eclipse.org/bugs/"
          
          maintainer="webmaster@eclipse.org"
>

    <bug>
          <bug_id>10435</bug_id>
          
          <creation_ts>2002-02-27 16:14:00 -0500</creation_ts>
          <short_desc>treat status object specially in XML com layer</short_desc>
          <delta_ts>2002-02-28 15:33:39 -0500</delta_ts>
          <reporter_accessible>1</reporter_accessible>
          <cclist_accessible>1</cclist_accessible>
          <classification_id>4</classification_id>
          <classification>Tools</classification>
          <product>CDT</product>
          <component>cdt-core</component>
          <version>2.0</version>
          <rep_platform>PC</rep_platform>
          <op_sys>All</op_sys>
          <bug_status>RESOLVED</bug_status>
          <resolution>FIXED</resolution>
          
          
          <bug_file_loc></bug_file_loc>
          <status_whiteboard></status_whiteboard>
          <keywords></keywords>
          <priority>P2</priority>
          <bug_severity>normal</bug_severity>
          <target_milestone>---</target_milestone>
          
          
          <everconfirmed>1</everconfirmed>
          <reporter name="David McKnight">dmcknigh</reporter>
          <assigned_to name="David McKnight">dmcknigh</assigned_to>
          
          
          <votes>0</votes>

      

      

      

          <long_desc isprivate="0">
            <commentid>28878</commentid>
            <who name="David McKnight">dmcknigh</who>
            <bug_when>2002-02-27 16:14:56 -0500</bug_when>
            <thetext>There are certain refresh issues that come up when status DataElements are used 
to indicate &quot;done&quot;.   This scenario came up from some discussion with Don 
Yantzi:

Client:                                  Server:
---------------------------------------------------------
1) send command to command miner</thetext>
          </long_desc>
          <long_desc isprivate="0">
            <commentid>28883</commentid>
            <who name="David McKnight">dmcknigh</who>
            <bug_when>2002-02-27 16:21:10 -0500</bug_when>
            <thetext>Somehow I managed to post this without finishing my description.

Anyway, the summary of the problem is that, when using the XML communication 
layer, it is possible for the status to be &quot;done&quot; before all it&apos;s children have 
been created.   Because of this, it&apos;s possible for the domain listener to 
receive a status done event before all the required information for the command 
is created.   In the case of AS400, they get the status done before they have 
all the information from a command that is needed to populate a view.

As a solution, we could treat status specially in the XML layer.  That&apos;s okay, 
because the status object IS special (it&apos;s what we always use for synchronized 
commands).  The XML parser can defer changing the property of the status object 
to &quot;done&quot; until after all of it&apos;s children are updated.</thetext>
          </long_desc>
          <long_desc isprivate="0">
            <commentid>29281</commentid>
            <who name="David McKnight">dmcknigh</who>
            <bug_when>2002-02-28 15:33:39 -0500</bug_when>
            <thetext>I&apos;ve changed the XML parser to delay changing the status to done until after 
it&apos;s children are created.</thetext>
          </long_desc>
      
      

    </bug>

</bugzilla>