<?xml version="1.0" encoding="UTF-8" standalone="yes" ?>


<bugzilla version="4.2.1"
          urlbase="https://bugs.eclipse.org/bugs/"
          
          maintainer="webmaster@eclipse.org"
>

    <bug>
          <bug_id>10359</bug_id>
          
          <creation_ts>2002-02-26 23:46:00 -0500</creation_ts>
          <short_desc>Exception rerun</short_desc>
          <delta_ts>2003-06-25 18:56:44 -0400</delta_ts>
          <reporter_accessible>1</reporter_accessible>
          <cclist_accessible>1</cclist_accessible>
          <classification_id>4</classification_id>
          <classification>Tools</classification>
          <product>CDT</product>
          <component>cdt-debug</component>
          <version>1.0</version>
          <rep_platform>All</rep_platform>
          <op_sys>All</op_sys>
          <bug_status>RESOLVED</bug_status>
          <resolution>WONTFIX</resolution>
          
          
          <bug_file_loc></bug_file_loc>
          <status_whiteboard></status_whiteboard>
          <keywords></keywords>
          <priority>P3</priority>
          <bug_severity>enhancement</bug_severity>
          <target_milestone>Future</target_milestone>
          
          
          <everconfirmed>1</everconfirmed>
          <reporter name="Brian Thomson">thomson</reporter>
          <assigned_to name="Samantha Chan">chanskw</assigned_to>
          
          
          <votes>0</votes>

      

      

      

          <long_desc isprivate="0">
            <commentid>28424</commentid>
            <who name="Brian Thomson">thomson</who>
            <bug_when>2002-02-26 23:46:12 -0500</bug_when>
            <thetext>Exception rerun.  Allow user to reset and rerun an exception when an exception
is raised.</thetext>
          </long_desc>
          <long_desc isprivate="0">
            <commentid>169231</commentid>
            <who name="Sebastien Marineau">sebastien</who>
            <bug_when>2003-06-25 18:56:44 -0400</bug_when>
            <thetext>Applies to old CDT codebase -- close as part of cleanup.</thetext>
          </long_desc>
      
      

    </bug>

</bugzilla>