<?xml version="1.0" encoding="UTF-8" standalone="yes" ?>


<bugzilla version="4.2.1"
          urlbase="https://bugs.eclipse.org/bugs/"
          
          maintainer="webmaster@eclipse.org"
>

    <bug>
          <bug_id>104</bug_id>
          
          <creation_ts>2001-10-10 21:36:00 -0400</creation_ts>
          <short_desc>User prompted for password when creating a new repository location that doesn&apos;t exist (1GELLO2)</short_desc>
          <delta_ts>2001-11-01 10:26:27 -0500</delta_ts>
          <reporter_accessible>1</reporter_accessible>
          <cclist_accessible>1</cclist_accessible>
          <classification_id>2</classification_id>
          <classification>Eclipse</classification>
          <product>Platform</product>
          <component>Team</component>
          <version>2.0</version>
          <rep_platform>All</rep_platform>
          <op_sys>Windows 2000</op_sys>
          <bug_status>VERIFIED</bug_status>
          <resolution>FIXED</resolution>
          
          
          <bug_file_loc></bug_file_loc>
          <status_whiteboard></status_whiteboard>
          <keywords></keywords>
          <priority>P3</priority>
          <bug_severity>normal</bug_severity>
          <target_milestone>---</target_milestone>
          
          
          <everconfirmed>1</everconfirmed>
          <reporter name="Jean-Michel Lemieux">jean-michel_lemieux</reporter>
          <assigned_to name="Michael Valenta">Michael_Valenta</assigned_to>
          
          
          <votes>0</votes>

      

      

      

          <long_desc isprivate="0">
            <commentid>110</commentid>
            <who name="Jean-Michel Lemieux">jean-michel_lemieux</who>
            <bug_when>2001-10-10 21:36:30 -0400</bug_when>
            <thetext>- Create a new CVS repository location
- Put anything in the fields of the wizard (e.g. &apos;a&apos;, &apos;a&apos;, &apos;a&apos;) and finish
- When trying to access the streams, you are prompted to enter a password. No password should be required
	as the connection will fail anyway.

It comes from the constructor of class Client in core.cvs. A user authentication is performed before creating the
	connection. We could first try to create a connection with no password to check that the location is valid.

NOTES:</thetext>
          </long_desc>
          <long_desc isprivate="0">
            <commentid>5876</commentid>
            <who name="Michael Valenta">Michael_Valenta</who>
            <bug_when>2001-10-18 16:23:06 -0400</bug_when>
            <thetext>This has been fixed as a side effect of updates to password authentication in 
build 205</thetext>
          </long_desc>
          <long_desc isprivate="0">
            <commentid>6417</commentid>
            <who name="DJ Houghton">dj_houghton</who>
            <bug_when>2001-10-23 23:43:02 -0400</bug_when>
            <thetext>PRODUCT VERSION:
0.114

</thetext>
          </long_desc>
          <long_desc isprivate="0">
            <commentid>7767</commentid>
            <who name="James Moody">James_Moody</who>
            <bug_when>2001-10-25 10:22:16 -0400</bug_when>
            <thetext>I still get this behaviour in the latest, not fixed.</thetext>
          </long_desc>
          <long_desc isprivate="0">
            <commentid>9776</commentid>
            <who name="Michael Valenta">Michael_Valenta</who>
            <bug_when>2001-10-31 15:27:19 -0500</bug_when>
            <thetext>[Fixed in v207]</thetext>
          </long_desc>
          <long_desc isprivate="0">
            <commentid>9863</commentid>
            <who name="James Moody">James_Moody</who>
            <bug_when>2001-11-01 10:26:27 -0500</bug_when>
            <thetext>Verified</thetext>
          </long_desc>
      
      

    </bug>

</bugzilla>