<?xml version="1.0" encoding="UTF-8" standalone="yes" ?>


<bugzilla version="4.2.1"
          urlbase="https://bugs.eclipse.org/bugs/"
          
          maintainer="webmaster@eclipse.org"
>

    <bug>
          <bug_id>10610</bug_id>
          
          <creation_ts>2002-03-01 14:55:00 -0500</creation_ts>
          <short_desc>Null exception when lauchviewer processing events on remove tree items</short_desc>
          <delta_ts>2002-03-25 09:22:08 -0500</delta_ts>
          <reporter_accessible>1</reporter_accessible>
          <cclist_accessible>1</cclist_accessible>
          <classification_id>2</classification_id>
          <classification>Eclipse</classification>
          <product>Platform</product>
          <component>Debug</component>
          <version>2.0</version>
          <rep_platform>PC</rep_platform>
          <op_sys>All</op_sys>
          <bug_status>VERIFIED</bug_status>
          <resolution>FIXED</resolution>
          
          
          <bug_file_loc></bug_file_loc>
          <status_whiteboard></status_whiteboard>
          <keywords></keywords>
          <priority>P2</priority>
          <bug_severity>major</bug_severity>
          <target_milestone>2.0 M4</target_milestone>
          
          
          <everconfirmed>1</everconfirmed>
          <reporter name="Alan Boxall">boxall</reporter>
          <assigned_to name="Darin Wright">darin.eclipse</assigned_to>
          
          
          <votes>0</votes>

      

      

      

          <long_desc isprivate="0">
            <commentid>29536</commentid>
            <who name="Alan Boxall">boxall</who>
            <bug_when>2002-03-01 14:55:17 -0500</bug_when>
            <thetext>This is a timing problem where events are processed for DebugElements that have 
already been cleaned up.

The specific case we have run into involved running a debuggee to completion.

This might be difficult to reproduce so the following is the sequence of events 
in chronological order:

1) user requests to resume the debuggee
2) DebugTarget sends a debug change event to update the &quot;state&quot; that appears in 
the debug view.
3) Thread(s) send resume events
4) The underlying debug engine resumes and the process comes to a completion 
BEFORE events in step 2 and 3 get a chance to be processed
5) The debug target cleans up all of the threads because the debugee process 
has ended.
6) Now the debug target change event gets processed.  This will cause a refresh 
of the tree that will call DebugTarget.getThreads().  This returns an emtpy 
array.   The viewer cleans up the tree items.
7) Next the Thread resume events are processed.  Technically the Threads are 
gone but the Debug Event has a reference to them.
8) The LaunchViewer.update for each item</thetext>
          </long_desc>
          <long_desc isprivate="0">
            <commentid>29537</commentid>
            <who name="Alan Boxall">boxall</who>
            <bug_when>2002-03-01 14:58:49 -0500</bug_when>
            <thetext>... pressed enter too quickly.

Picking up at Step 8
8) The LaunchViewer.updateStackFrameIcons() will attempt to get the widget for 
the tree items but because the refresh in step 6 has deleted them, there is a 
nullException processing the line:
		Item[] items= getItems((Item)parentItem);

It appears that this code must handle the case where the Widgets have been 
deleted.</thetext>
          </long_desc>
          <long_desc isprivate="0">
            <commentid>31348</commentid>
            <who name="Darin Swanson">Darin_Swanson</who>
            <bug_when>2002-03-08 12:43:44 -0500</bug_when>
            <thetext>Changes made to LaunchViewer to handle the null case.

As well changed from using doFindItem(Object) to findItem(Object) as the launch 
viewer is set to use hash lookup and this method takes advantage of that.

please verify.</thetext>
          </long_desc>
          <long_desc isprivate="0">
            <commentid>31649</commentid>
            <who name="Darin Wright">darin.eclipse</who>
            <bug_when>2002-03-11 10:15:35 -0500</bug_when>
            <thetext>Verified.</thetext>
          </long_desc>
          <long_desc isprivate="0">
            <commentid>36027</commentid>
            <who name="Alan Boxall">boxall</who>
            <bug_when>2002-03-25 09:22:08 -0500</bug_when>
            <thetext>Verified on 20020314 using com.ibm.debug plugin.</thetext>
          </long_desc>
      
      

    </bug>

</bugzilla>