<?xml version="1.0" encoding="UTF-8" standalone="yes" ?>


<bugzilla version="4.2.1"
          urlbase="https://bugs.eclipse.org/bugs/"
          
          maintainer="webmaster@eclipse.org"
>

    <bug>
          <bug_id>10199</bug_id>
          
          <creation_ts>2002-02-25 15:03:00 -0500</creation_ts>
          <short_desc>Option to disable HCR per launch</short_desc>
          <delta_ts>2009-08-30 02:43:19 -0400</delta_ts>
          <reporter_accessible>1</reporter_accessible>
          <cclist_accessible>1</cclist_accessible>
          <classification_id>2</classification_id>
          <classification>Eclipse</classification>
          <product>JDT</product>
          <component>Debug</component>
          <version>2.0</version>
          <rep_platform>Other</rep_platform>
          <op_sys>other</op_sys>
          <bug_status>CLOSED</bug_status>
          <resolution>WONTFIX</resolution>
          
          
          <bug_file_loc></bug_file_loc>
          <status_whiteboard></status_whiteboard>
          <keywords></keywords>
          <priority>P3</priority>
          <bug_severity>enhancement</bug_severity>
          <target_milestone>---</target_milestone>
          
          
          <everconfirmed>1</everconfirmed>
          <reporter name="Jared Burns">jared_burns</reporter>
          <assigned_to name="JDT-Debug-Inbox">jdt-debug-inbox</assigned_to>
          
          
          <votes>0</votes>

      

      

      

          <long_desc isprivate="0">
            <commentid>27887</commentid>
            <who name="Jared Burns">jared_burns</who>
            <bug_when>2002-02-25 15:03:21 -0500</bug_when>
            <thetext>We should provide an option in java launch configurations to disable HCR for a
launch. The option should be enabled by default.</thetext>
          </long_desc>
          <long_desc isprivate="0">
            <commentid>29241</commentid>
            <who name="Darin Wright">darin.eclipse</who>
            <bug_when>2002-02-28 13:37:38 -0500</bug_when>
            <thetext>Deferred</thetext>
          </long_desc>
          <long_desc isprivate="0">
            <commentid>327244</commentid>
            <who name="Darin Wright">darin.eclipse</who>
            <bug_when>2004-07-29 13:43:38 -0400</bug_when>
            <thetext>Jared, why do you want this? (Should this be closed?)</thetext>
          </long_desc>
          <long_desc isprivate="0">
            <commentid>327432</commentid>
            <who name="Jared Burns">jared_burns</who>
            <bug_when>2004-07-29 20:01:42 -0400</bug_when>
            <thetext>Don&apos;t recall. Don&apos;t know.</thetext>
          </long_desc>
          <long_desc isprivate="0">
            <commentid>328110</commentid>
            <who name="Darin Wright">darin.eclipse</who>
            <bug_when>2004-08-03 10:53:38 -0400</bug_when>
            <thetext>Closing.</thetext>
          </long_desc>
          <long_desc isprivate="0">
            <commentid>1586842</commentid>
            <who name="Eclipse Webmaster">webmaster</who>
            <bug_when>2009-08-30 02:43:19 -0400</bug_when>
            <thetext>As of now &apos;LATER&apos; and &apos;REMIND&apos; resolutions are no longer supported.
Please reopen this bug if it is still valid for you.</thetext>
          </long_desc>
      
      

    </bug>

</bugzilla>