<?xml version="1.0" encoding="UTF-8" standalone="yes" ?>


<bugzilla version="4.2.1"
          urlbase="https://bugs.eclipse.org/bugs/"
          
          maintainer="webmaster@eclipse.org"
>

    <bug>
          <bug_id>10069</bug_id>
          
          <creation_ts>2002-02-21 12:29:00 -0500</creation_ts>
          <short_desc>Variable&apos;s value field height is too short for editing</short_desc>
          <delta_ts>2002-02-21 14:56:17 -0500</delta_ts>
          <reporter_accessible>1</reporter_accessible>
          <cclist_accessible>1</cclist_accessible>
          <classification_id>4</classification_id>
          <classification>Tools</classification>
          <product>CDT</product>
          <component>cdt-debug</component>
          <version>1.0</version>
          <rep_platform>PC</rep_platform>
          <op_sys>Linux-Motif</op_sys>
          <bug_status>RESOLVED</bug_status>
          <resolution>WONTFIX</resolution>
          
          
          <bug_file_loc></bug_file_loc>
          <status_whiteboard></status_whiteboard>
          <keywords></keywords>
          <priority>P4</priority>
          <bug_severity>minor</bug_severity>
          <target_milestone>---</target_milestone>
          
          
          <everconfirmed>1</everconfirmed>
          <reporter name="Yasser Elmankabady">eyasser</reporter>
          <assigned_to name="Samantha Chan">chanskw</assigned_to>
          
          
          <votes>0</votes>

      

      

      

          <long_desc isprivate="0">
            <commentid>27595</commentid>
            <who name="Yasser Elmankabady">eyasser</who>
            <bug_when>2002-02-21 12:29:55 -0500</bug_when>
            <thetext>The variable&apos;s value field is not drawn correctly as it has a very short 
height  so that makes it uncomfortable for the user to edit and change the 
values.</thetext>
          </long_desc>
          <long_desc isprivate="0">
            <commentid>27612</commentid>
            <who name="Samantha Chan">chanskw</who>
            <bug_when>2002-02-21 14:56:17 -0500</bug_when>
            <thetext>This is an Eclipse limitation.
We can&apos;t fix it... I think there is already a feature request for Eclipse about 
this.</thetext>
          </long_desc>
      
      

    </bug>

</bugzilla>