<?xml version="1.0" encoding="UTF-8" standalone="yes" ?>


<bugzilla version="4.2.1"
          urlbase="https://bugs.eclipse.org/bugs/"
          
          maintainer="webmaster@eclipse.org"
>

    <bug>
          <bug_id>10432</bug_id>
          
          <creation_ts>2002-02-27 15:52:00 -0500</creation_ts>
          <short_desc>Deleting a resource wipes out launch configuration history</short_desc>
          <delta_ts>2002-02-28 10:55:50 -0500</delta_ts>
          <reporter_accessible>1</reporter_accessible>
          <cclist_accessible>1</cclist_accessible>
          <classification_id>2</classification_id>
          <classification>Eclipse</classification>
          <product>JDT</product>
          <component>Debug</component>
          <version>2.0</version>
          <rep_platform>Other</rep_platform>
          <op_sys>other</op_sys>
          <bug_status>VERIFIED</bug_status>
          <resolution>FIXED</resolution>
          
          
          <bug_file_loc></bug_file_loc>
          <status_whiteboard></status_whiteboard>
          <keywords></keywords>
          <priority>P3</priority>
          <bug_severity>normal</bug_severity>
          <target_milestone>---</target_milestone>
          
          
          <everconfirmed>1</everconfirmed>
          <reporter name="Joe Szurszewski">eclipse</reporter>
          <assigned_to name="Darin Wright">darin.eclipse</assigned_to>
          
          
          <votes>0</votes>

      

      

      

          <long_desc isprivate="0">
            <commentid>28866</commentid>
            <who name="Joe Szurszewski">eclipse</who>
            <bug_when>2002-02-27 15:52:13 -0500</bug_when>
            <thetext>- Set preference to use launch configurations.
- Launch something to create a history.
- Delete 
some resource other than the one just launched (create something &amp; delete it)
- Notice that 
entire launch history is erased</thetext>
          </long_desc>
          <long_desc isprivate="0">
            <commentid>28870</commentid>
            <who name="Joe Szurszewski">eclipse</who>
            <bug_when>2002-02-27 15:56:05 -0500</bug_when>
            <thetext>Fixed in DebugUIPlugin$ResourceDeletedVisitor#visit().  Added check to skip scan of 
histories if user has chosen configuration-style launching.</thetext>
          </long_desc>
          <long_desc isprivate="0">
            <commentid>28871</commentid>
            <who name="Joe Szurszewski">eclipse</who>
            <bug_when>2002-02-27 15:56:19 -0500</bug_when>
            <thetext>Please verify.</thetext>
          </long_desc>
          <long_desc isprivate="0">
            <commentid>29110</commentid>
            <who name="Darin Wright">darin.eclipse</who>
            <bug_when>2002-02-28 10:55:50 -0500</bug_when>
            <thetext>Verified.</thetext>
          </long_desc>
      
      

    </bug>

</bugzilla>