<?xml version="1.0" encoding="UTF-8" standalone="yes" ?>


<bugzilla version="4.2.1"
          urlbase="https://bugs.eclipse.org/bugs/"
          
          maintainer="webmaster@eclipse.org"
>

    <bug>
          <bug_id>10102</bug_id>
          
          <creation_ts>2002-02-22 10:09:00 -0500</creation_ts>
          <short_desc>R1:  gdbPicl does not handle template variables well</short_desc>
          <delta_ts>2002-03-01 19:57:58 -0500</delta_ts>
          <reporter_accessible>1</reporter_accessible>
          <cclist_accessible>1</cclist_accessible>
          <classification_id>4</classification_id>
          <classification>Tools</classification>
          <product>CDT</product>
          <component>cdt-debug</component>
          <version>1.0</version>
          <rep_platform>PC</rep_platform>
          <op_sys>Linux</op_sys>
          <bug_status>RESOLVED</bug_status>
          <resolution>FIXED</resolution>
          
          
          <bug_file_loc></bug_file_loc>
          <status_whiteboard></status_whiteboard>
          <keywords></keywords>
          <priority>P2</priority>
          <bug_severity>normal</bug_severity>
          <target_milestone>---</target_milestone>
          
          
          <everconfirmed>1</everconfirmed>
          <reporter name="Samantha Chan">chanskw</reporter>
          <assigned_to name="Samantha Chan">chanskw</assigned_to>
          
          
          <votes>0</votes>

      

      

      

          <long_desc isprivate="0">
            <commentid>27661</commentid>
            <who name="Samantha Chan">chanskw</who>
            <bug_when>2002-02-22 10:09:21 -0500</bug_when>
            <thetext>Testcase:  Artistic Style

Some template variables from the test case is not displayed correctly in the 
variables/monitors view.</thetext>
          </long_desc>
          <long_desc isprivate="0">
            <commentid>29590</commentid>
            <who name="Samantha Chan">chanskw</who>
            <bug_when>2002-03-01 19:57:58 -0500</bug_when>
            <thetext>Commas in templates &lt;&gt; are screwing up variable parsing.
I added code to replace all commas in &lt;&gt; with ^Z.  I will change those ^Z back 
to commas after parsing is completed.

Tested with payroll and astyle.</thetext>
          </long_desc>
      
      

    </bug>

</bugzilla>