<?xml version="1.0" encoding="UTF-8" standalone="yes" ?>


<bugzilla version="4.2.1"
          urlbase="https://bugs.eclipse.org/bugs/"
          
          maintainer="webmaster@eclipse.org"
>

    <bug>
          <bug_id>10254</bug_id>
          
          <creation_ts>2002-02-26 10:10:00 -0500</creation_ts>
          <short_desc>Wrong feature reconciliation if plugin already installed</short_desc>
          <delta_ts>2002-04-05 08:33:33 -0500</delta_ts>
          <reporter_accessible>1</reporter_accessible>
          <cclist_accessible>1</cclist_accessible>
          <classification_id>2</classification_id>
          <classification>Eclipse</classification>
          <product>Platform</product>
          <component>Update  (deprecated - use RT&gt;Equinox&gt;p2)</component>
          <version>2.0</version>
          <rep_platform>PC</rep_platform>
          <op_sys>Windows 2000</op_sys>
          <bug_status>RESOLVED</bug_status>
          <resolution>INVALID</resolution>
          
          
          <bug_file_loc></bug_file_loc>
          <status_whiteboard></status_whiteboard>
          <keywords></keywords>
          <priority>P3</priority>
          <bug_severity>normal</bug_severity>
          <target_milestone>2.0 M5</target_milestone>
          
          
          <everconfirmed>1</everconfirmed>
          <reporter name="Christophe Elek">celek</reporter>
          <assigned_to name="Christophe Elek">celek</assigned_to>
          
          
          <votes>0</votes>

      

      

      

          <long_desc isprivate="0">
            <commentid>28036</commentid>
            <who name="Christophe Elek">celek</who>
            <bug_when>2002-02-26 10:10:18 -0500</bug_when>
            <thetext>I had redot 1 and 2 plugins installed, no feature, no platform.cfg
I install redot1, restart, redot2 is available, redot1 is excluded in the
platform.cfg</thetext>
          </long_desc>
          <long_desc isprivate="0">
            <commentid>38944</commentid>
            <who name="Christophe Elek">celek</who>
            <bug_when>2002-04-05 08:33:33 -0500</bug_when>
            <thetext>It is valid for RedDot 2.0 to be active as it is an unmanaged plugin in an
EXCLUDE policy site

When RedDot 1 is installed, the redot one plugin is on teh path. Because the
RedDot 2plugins is not part of a feature it is considered unmanaged and thus
Install/Update doesn;t know about it

Close as invalid as it is expected behavior</thetext>
          </long_desc>
      
      

    </bug>

</bugzilla>