<?xml version="1.0" encoding="UTF-8" standalone="yes" ?>


<bugzilla version="4.2.1"
          urlbase="https://bugs.eclipse.org/bugs/"
          
          maintainer="webmaster@eclipse.org"
>

    <bug>
          <bug_id>10169</bug_id>
          
          <creation_ts>2002-02-25 10:59:00 -0500</creation_ts>
          <short_desc>Externalize strings doesn&apos;t persist all entered info</short_desc>
          <delta_ts>2002-04-25 13:19:25 -0400</delta_ts>
          <reporter_accessible>1</reporter_accessible>
          <cclist_accessible>1</cclist_accessible>
          <classification_id>2</classification_id>
          <classification>Eclipse</classification>
          <product>JDT</product>
          <component>UI</component>
          <version>1.0</version>
          <rep_platform>PC</rep_platform>
          <op_sys>Linux</op_sys>
          <bug_status>RESOLVED</bug_status>
          <resolution>FIXED</resolution>
          
          
          <bug_file_loc></bug_file_loc>
          <status_whiteboard></status_whiteboard>
          <keywords></keywords>
          <priority>P4</priority>
          <bug_severity>normal</bug_severity>
          <target_milestone>---</target_milestone>
          
          
          <everconfirmed>1</everconfirmed>
          <reporter name="James Moody">James_Moody</reporter>
          <assigned_to name="Adam Kiezun">akiezun</assigned_to>
          <cc>Claude_Knaus</cc>
    
    <cc>jeff_brown</cc>
          
          <votes>0</votes>

      

      

      

          <long_desc isprivate="0">
            <commentid>27807</commentid>
            <who name="James Moody">James_Moody</who>
            <bug_when>2002-02-25 10:59:28 -0500</bug_when>
            <thetext>Externalize strings dialog doesn&apos;t remember the substitution pattern I entered
between invocations. Most other information is persisted.</thetext>
          </long_desc>
          <long_desc isprivate="0">
            <commentid>38497</commentid>
            <who name="Adam Kiezun">akiezun</who>
            <bug_when>2002-04-04 03:39:24 -0500</bug_when>
            <thetext>deferred</thetext>
          </long_desc>
          <long_desc isprivate="0">
            <commentid>42925</commentid>
            <who name="Adam Kiezun">akiezun</who>
            <bug_when>2002-04-16 08:01:38 -0400</bug_when>
            <thetext>*** Bug 13827 has been marked as a duplicate of this bug. ***</thetext>
          </long_desc>
          <long_desc isprivate="0">
            <commentid>42983</commentid>
            <who name="Adam Kiezun">akiezun</who>
            <bug_when>2002-04-16 09:56:36 -0400</bug_when>
            <thetext>*** Bug 13881 has been marked as a duplicate of this bug. ***</thetext>
          </long_desc>
          <long_desc isprivate="0">
            <commentid>42985</commentid>
            <who name="Adam Kiezun">akiezun</who>
            <bug_when>2002-04-16 09:56:57 -0400</bug_when>
            <thetext>ok, ok - reopening</thetext>
          </long_desc>
          <long_desc isprivate="0">
            <commentid>46598</commentid>
            <who name="Adam Kiezun">akiezun</who>
            <bug_when>2002-04-25 13:19:25 -0400</bug_when>
            <thetext>fixed (was some weird interaction between fields - the info was actually stored 
on disk)</thetext>
          </long_desc>
      
      

    </bug>

</bugzilla>