<?xml version="1.0" encoding="UTF-8" standalone="yes" ?>


<bugzilla version="4.2.1"
          urlbase="https://bugs.eclipse.org/bugs/"
          
          maintainer="webmaster@eclipse.org"
>

    <bug>
          <bug_id>10623</bug_id>
          
          <creation_ts>2002-03-01 17:21:00 -0500</creation_ts>
          <short_desc>CDT should support multiple debuggers</short_desc>
          <delta_ts>2003-06-25 06:52:21 -0400</delta_ts>
          <reporter_accessible>1</reporter_accessible>
          <cclist_accessible>1</cclist_accessible>
          <classification_id>4</classification_id>
          <classification>Tools</classification>
          <product>CDT</product>
          <component>cdt-debug</component>
          <version>2.0</version>
          <rep_platform>All</rep_platform>
          <op_sys>All</op_sys>
          <bug_status>RESOLVED</bug_status>
          <resolution>WONTFIX</resolution>
          
          
          <bug_file_loc></bug_file_loc>
          <status_whiteboard></status_whiteboard>
          <keywords></keywords>
          <priority>P2</priority>
          <bug_severity>enhancement</bug_severity>
          <target_milestone>Future</target_milestone>
          
          
          <everconfirmed>1</everconfirmed>
          <reporter>lxie</reporter>
          <assigned_to name="Robert Weisz">weisz</assigned_to>
          <cc>weisz</cc>
          
          <votes>0</votes>

      

      

      

          <long_desc isprivate="0">
            <commentid>29576</commentid>
            <who name="">lxie</who>
            <bug_when>2002-03-01 17:21:45 -0500</bug_when>
            <thetext>A dialog window should be created in CDT to provide a list of supported 
debuggers for users to choose from.</thetext>
          </long_desc>
          <long_desc isprivate="0">
            <commentid>29692</commentid>
            <who name="Jeff Turnham">turnham</who>
            <bug_when>2002-03-04 02:44:03 -0500</bug_when>
            <thetext>There is probably both a UI and non-UI component to this feature, but for now 
I&apos;ll put in the debug component so that Samantha can take a look at it.</thetext>
          </long_desc>
          <long_desc isprivate="0">
            <commentid>29785</commentid>
            <who name="Samantha Chan">chanskw</who>
            <bug_when>2002-03-04 10:21:26 -0500</bug_when>
            <thetext>This is related to Linda&apos;s request to support additional picl.
She wants user to be able to choose from different debuggers from the launcher.
Instead of hard-coding the picl invocation, we need to make the invocation more 
generic and invoke appropriate picl based on user&apos;s preferences.
</thetext>
          </long_desc>
          <long_desc isprivate="0">
            <commentid>169024</commentid>
            <who name="Sebastien Marineau">sebastien</who>
            <bug_when>2003-06-25 06:52:21 -0400</bug_when>
            <thetext>This applies to old CDT, closing as part of cleanup.</thetext>
          </long_desc>
      
      

    </bug>

</bugzilla>