<?xml version="1.0" encoding="UTF-8" standalone="yes" ?>


<bugzilla version="4.2.1"
          urlbase="https://bugs.eclipse.org/bugs/"
          
          maintainer="webmaster@eclipse.org"
>

    <bug>
          <bug_id>10322</bug_id>
          
          <creation_ts>2002-02-26 21:47:00 -0500</creation_ts>
          <short_desc>Debugger detach.</short_desc>
          <delta_ts>2002-04-30 13:44:59 -0400</delta_ts>
          <reporter_accessible>1</reporter_accessible>
          <cclist_accessible>1</cclist_accessible>
          <classification_id>4</classification_id>
          <classification>Tools</classification>
          <product>CDT</product>
          <component>cdt-debug</component>
          <version>2.0</version>
          <rep_platform>All</rep_platform>
          <op_sys>All</op_sys>
          <bug_status>RESOLVED</bug_status>
          <resolution>FIXED</resolution>
          
          
          <bug_file_loc></bug_file_loc>
          <status_whiteboard></status_whiteboard>
          <keywords></keywords>
          <priority>P1</priority>
          <bug_severity>enhancement</bug_severity>
          <target_milestone>2.0 - Release</target_milestone>
          
          
          <everconfirmed>1</everconfirmed>
          <reporter name="Brian Thomson">thomson</reporter>
          <assigned_to name="Robert Weisz">weisz</assigned_to>
          <cc>weisz</cc>
          
          <votes>0</votes>

      

      

      

          <long_desc isprivate="0">
            <commentid>28386</commentid>
            <who name="Brian Thomson">thomson</who>
            <bug_when>2002-02-26 21:47:32 -0500</bug_when>
            <thetext>Eclipse 2.0 provides an additional button on the toolbar:  &quot;Disconnect&quot;.  In
order to support it/take advantage of it, there is need to change the current
behavior of the &quot;Terminate&quot; button - which is to detach in case the program was
attached originally. So the new behavior will be to Terminate if the &quot;Terminate&quot;
button was pushed, and to detach if the &quot;Disconnect&quot; button was pushed.</thetext>
          </long_desc>
          <long_desc isprivate="0">
            <commentid>28995</commentid>
            <who name="Samantha Chan">chanskw</who>
            <bug_when>2002-02-27 23:20:44 -0500</bug_when>
            <thetext>Robert, are we going to add support for this for R2 release?
If so, please mark this defect as P1 or P2.</thetext>
          </long_desc>
          <long_desc isprivate="0">
            <commentid>47990</commentid>
            <who name="Robert Weisz">weisz</who>
            <bug_when>2002-04-30 13:44:59 -0400</bug_when>
            <thetext>CmdInitializeDE.java modified to add bit FCT_PROCESS_DETACH_RELEASE which 
enables the Disconnect button on the UI side.
Modified code in GdbDebugSession.java terminateDebuggee() to terminate even
if previously attached.</thetext>
          </long_desc>
      
      

    </bug>

</bugzilla>