<?xml version="1.0" encoding="UTF-8" standalone="yes" ?>


<bugzilla version="4.2.1"
          urlbase="https://bugs.eclipse.org/bugs/"
          
          maintainer="webmaster@eclipse.org"
>

    <bug>
          <bug_id>10505</bug_id>
          
          <creation_ts>2002-02-28 12:25:00 -0500</creation_ts>
          <short_desc>Implement Verify listener for Combo on Photon</short_desc>
          <delta_ts>2005-04-27 08:31:09 -0400</delta_ts>
          <reporter_accessible>1</reporter_accessible>
          <cclist_accessible>1</cclist_accessible>
          <classification_id>2</classification_id>
          <classification>Eclipse</classification>
          <product>Platform</product>
          <component>SWT</component>
          <version>2.0</version>
          <rep_platform>All</rep_platform>
          <op_sys>QNX-Photon</op_sys>
          <bug_status>RESOLVED</bug_status>
          <resolution>FIXED</resolution>
          
          
          <bug_file_loc></bug_file_loc>
          <status_whiteboard></status_whiteboard>
          <keywords></keywords>
          <priority>P4</priority>
          <bug_severity>enhancement</bug_severity>
          <target_milestone>---</target_milestone>
          
          
          <everconfirmed>1</everconfirmed>
          <reporter name="Grant Gayed">grant_gayed</reporter>
          <assigned_to name="Steve Northover">steve_northover</assigned_to>
          <cc>colonel</cc>
          
          <votes>0</votes>

      

      

      

          <long_desc isprivate="0">
            <commentid>29186</commentid>
            <who name="Grant Gayed">grant_gayed</who>
            <bug_when>2002-02-28 12:25:21 -0500</bug_when>
            <thetext>On at least Win32 and Motif adding a Verify listener to a Combo does not result 
in Verify callbacks being fired when the user types in the Combo.  Test snippet:

import org.eclipse.swt.widgets.*;
import org.eclipse.swt.SWT;

public class G {
	public static void main(String[] args) {
		Display display = new Display();
		Shell shell = new Shell(display);
		Combo combo = new Combo(shell, SWT.BORDER);
		combo.pack();
		combo.addListener(SWT.Verify, new Listener() {
			public void handleEvent(Event event) {
				System.out.println(&quot;verify callback received&quot;);
			}
		});
		shell.open();
		while (!shell.isDisposed()) {
			if (!display.readAndDispatch())
				display.sleep();
		}
		display.dispose();
	}
}</thetext>
          </long_desc>
          <long_desc isprivate="0">
            <commentid>287265</commentid>
            <who name="Grant Gayed">grant_gayed</who>
            <bug_when>2004-05-25 12:47:06 -0400</bug_when>
            <thetext>*** Bug 63676 has been marked as a duplicate of this bug. ***</thetext>
          </long_desc>
          <long_desc isprivate="0">
            <commentid>348671</commentid>
            <who name="Felipe Heidrich">eclipse.felipe</who>
            <bug_when>2004-09-29 16:34:24 -0400</bug_when>
            <thetext>Fixed in head on Windows, Carbon, GTK, and Motif.</thetext>
          </long_desc>
          <long_desc isprivate="0">
            <commentid>348672</commentid>
            <who name="Felipe Heidrich">eclipse.felipe</who>
            <bug_when>2004-09-29 16:35:33 -0400</bug_when>
            <thetext>Renaming to reflect the new situation.</thetext>
          </long_desc>
          <long_desc isprivate="0">
            <commentid>348855</commentid>
            <who name="Steve Northover">steve_northover</who>
            <bug_when>2004-09-30 10:13:57 -0400</bug_when>
            <thetext>Fixed &gt; 20040930</thetext>
          </long_desc>
          <long_desc isprivate="0">
            <commentid>348857</commentid>
            <who name="Steve Northover">steve_northover</who>
            <bug_when>2004-09-30 10:14:49 -0400</bug_when>
            <thetext>Darn, closed this by mistake.  I&apos;ll open a new one for Photon.</thetext>
          </long_desc>
          <long_desc isprivate="0">
            <commentid>438761</commentid>
            <who name="Michael Seele">mseele</who>
            <bug_when>2005-04-27 04:11:38 -0400</bug_when>
            <thetext>why doesn&apos;t it work with swt3.0.2 on winxp???</thetext>
          </long_desc>
          <long_desc isprivate="0">
            <commentid>438852</commentid>
            <who name="Steve Northover">steve_northover</who>
            <bug_when>2005-04-27 08:31:09 -0400</bug_when>
            <thetext>Because the code isn&apos;t in any of the 3.0.x streams.</thetext>
          </long_desc>
      
      

    </bug>

</bugzilla>