<?xml version="1.0" encoding="UTF-8" standalone="yes" ?>


<bugzilla version="4.2.1"
          urlbase="https://bugs.eclipse.org/bugs/"
          
          maintainer="webmaster@eclipse.org"
>

    <bug>
          <bug_id>10607</bug_id>
          
          <creation_ts>2002-03-01 14:25:00 -0500</creation_ts>
          <short_desc>Code formatter should have option for not indending methods and fields</short_desc>
          <delta_ts>2002-07-30 13:48:01 -0400</delta_ts>
          <reporter_accessible>1</reporter_accessible>
          <cclist_accessible>1</cclist_accessible>
          <classification_id>2</classification_id>
          <classification>Eclipse</classification>
          <product>JDT</product>
          <component>Core</component>
          <version>2.0</version>
          <rep_platform>Other</rep_platform>
          <op_sys>other</op_sys>
          <bug_status>RESOLVED</bug_status>
          <resolution>DUPLICATE</resolution>
          <dup_id>3276</dup_id>
          
          <bug_file_loc></bug_file_loc>
          <status_whiteboard></status_whiteboard>
          <keywords></keywords>
          <priority>P3</priority>
          <bug_severity>normal</bug_severity>
          <target_milestone>2.1</target_milestone>
          
          
          <everconfirmed>1</everconfirmed>
          <reporter name="Nick Edgar">nick_edgar</reporter>
          <assigned_to name="Olivier Thomann">Olivier_Thomann</assigned_to>
          
          
          <votes>0</votes>

      

      

      

          <long_desc isprivate="0">
            <commentid>29527</commentid>
            <who name="Nick Edgar">nick_edgar</who>
            <bug_when>2002-03-01 14:25:47 -0500</bug_when>
            <thetext>Build 20020228

The code formatter should have an option to avoid indenting members of the 
outermost class (you would still want to indent members of nested classes).
This was raised as a feature request at the TC, and it&apos;s one I&apos;d also like to 
see.  (I couldn&apos;t find an existing PR for it.)</thetext>
          </long_desc>
          <long_desc isprivate="0">
            <commentid>29645</commentid>
            <who name="Erich Gamma">erich_gamma</who>
            <bug_when>2002-03-03 18:15:05 -0500</bug_when>
            <thetext>I agree that this would be useful when team is mostly using the single element 
mode. Moving to Java Core for consideration.</thetext>
          </long_desc>
          <long_desc isprivate="0">
            <commentid>31965</commentid>
            <who name="Philippe Mulet">philippe_mulet</who>
            <bug_when>2002-03-12 09:06:07 -0500</bug_when>
            <thetext>Will consider post 2.0</thetext>
          </long_desc>
          <long_desc isprivate="0">
            <commentid>81906</commentid>
            <who name="Philippe Mulet">philippe_mulet</who>
            <bug_when>2002-07-25 06:30:47 -0400</bug_when>
            <thetext>Resurrecting formatter issues in 2.1 stream.</thetext>
          </long_desc>
          <long_desc isprivate="0">
            <commentid>81946</commentid>
            <who name="Philippe Mulet">philippe_mulet</who>
            <bug_when>2002-07-25 06:32:36 -0400</bug_when>
            <thetext>Clearing resolution</thetext>
          </long_desc>
          <long_desc isprivate="0">
            <commentid>83240</commentid>
            <who name="Olivier Thomann">Olivier_Thomann</who>
            <bug_when>2002-07-30 13:48:01 -0400</bug_when>
            <thetext>

*** This bug has been marked as a duplicate of 3276 ***</thetext>
          </long_desc>
      
      

    </bug>

</bugzilla>