<?xml version="1.0" encoding="UTF-8" standalone="yes" ?>


<bugzilla version="4.2.1"
          urlbase="https://bugs.eclipse.org/bugs/"
          
          maintainer="webmaster@eclipse.org"
>

    <bug>
          <bug_id>10326</bug_id>
          
          <creation_ts>2002-02-26 22:04:00 -0500</creation_ts>
          <short_desc>Distinguish executable/non-exec files</short_desc>
          <delta_ts>2009-01-12 09:20:16 -0500</delta_ts>
          <reporter_accessible>1</reporter_accessible>
          <cclist_accessible>1</cclist_accessible>
          <classification_id>4</classification_id>
          <classification>Tools</classification>
          <product>CDT</product>
          <component>cdt-other</component>
          <version>2.0</version>
          <rep_platform>All</rep_platform>
          <op_sys>All</op_sys>
          <bug_status>RESOLVED</bug_status>
          <resolution>WONTFIX</resolution>
          
          
          <bug_file_loc></bug_file_loc>
          <status_whiteboard></status_whiteboard>
          <keywords></keywords>
          <priority>P2</priority>
          <bug_severity>enhancement</bug_severity>
          <target_milestone>Future</target_milestone>
          
          <blocked>10330</blocked>
          <everconfirmed>1</everconfirmed>
          <reporter name="Brian Thomson">thomson</reporter>
          <assigned_to name="Jeff Turnham">turnham</assigned_to>
          
          
          <votes>0</votes>

      

      

      

          <long_desc isprivate="0">
            <commentid>28390</commentid>
            <who name="Brian Thomson">thomson</who>
            <bug_when>2002-02-26 22:04:05 -0500</bug_when>
            <thetext>In the Filesystem Miner, add the ability to distinguish between executable and
non     executable files.   When a directory is queried, this distinction should
be made and the type of all executable files should be &quot;executable file&quot; instead
of &quot;file&quot;, which is more general.  This will allow the contribution of actions
specifically for executable files that surface themselves in the UI (ie. debug,
run, etc).</thetext>
          </long_desc>
          <long_desc isprivate="0">
            <commentid>28676</commentid>
            <who name="Jeff Turnham">turnham</who>
            <bug_when>2002-02-27 10:54:23 -0500</bug_when>
            <thetext>Investigation needs to be done to determine how much work this is, but we would 
like to get this in for R2.0.  </thetext>
          </long_desc>
          <long_desc isprivate="0">
            <commentid>169060</commentid>
            <who name="Sebastien Marineau">sebastien</who>
            <bug_when>2003-06-25 07:09:32 -0400</bug_when>
            <thetext>This applies to old CDT, closing as part of cleanup.</thetext>
          </long_desc>
      
      

    </bug>

</bugzilla>