<?xml version="1.0" encoding="UTF-8" standalone="yes" ?>


<bugzilla version="4.2.1"
          urlbase="https://bugs.eclipse.org/bugs/"
          
          maintainer="webmaster@eclipse.org"
>

    <bug>
          <bug_id>10352</bug_id>
          
          <creation_ts>2002-02-26 23:41:00 -0500</creation_ts>
          <short_desc>Tracepoints</short_desc>
          <delta_ts>2009-05-19 10:02:21 -0400</delta_ts>
          <reporter_accessible>1</reporter_accessible>
          <cclist_accessible>1</cclist_accessible>
          <classification_id>4</classification_id>
          <classification>Tools</classification>
          <product>CDT</product>
          <component>cdt-debug-cdi-gdb</component>
          <version>2.0</version>
          <rep_platform>All</rep_platform>
          <op_sys>All</op_sys>
          <bug_status>NEW</bug_status>
          <resolution></resolution>
          
          
          <bug_file_loc></bug_file_loc>
          <status_whiteboard></status_whiteboard>
          <keywords></keywords>
          <priority>P4</priority>
          <bug_severity>enhancement</bug_severity>
          <target_milestone>---</target_milestone>
          
          
          <everconfirmed>1</everconfirmed>
          <reporter name="Brian Thomson">thomson</reporter>
          <assigned_to name="cdt-debug-inbox@eclipse.org">cdt-debug-inbox</assigned_to>
          <cc>airvine</cc>
    
    <cc>ken.ryall</cc>
    
    <cc>ssridhar</cc>
          
          <votes>0</votes>

      

      

      

          <long_desc isprivate="0">
            <commentid>28417</commentid>
            <who name="Brian Thomson">thomson</who>
            <bug_when>2002-02-26 23:41:28 -0500</bug_when>
            <thetext>Tracepoints.  In some applications, it is not feasible for the debugger to
interrupt the program&apos;s execution as the program&apos;s correctness depends on its
real-time behavior.  Tracepoints are provided by Gdb to examine the program
without interrupting the program&apos;s execution. For each tracepoint, the user can
specify, in advance, some arbitrary set of data to collect as the program hits
the       tracepoints.</thetext>
          </long_desc>
          <long_desc isprivate="0">
            <commentid>169042</commentid>
            <who name="Sebastien Marineau">sebastien</who>
            <bug_when>2003-06-25 06:58:54 -0400</bug_when>
            <thetext>Move this feature request to apply to new CDT. Mikhail is working
on this for CDT 1.2.</thetext>
          </long_desc>
          <long_desc isprivate="0">
            <commentid>216086</commentid>
            <who name="Ramana Radhakrishnan">ramana.radhakrishnan</who>
            <bug_when>2004-01-07 01:43:49 -0500</bug_when>
            <thetext>gdb currently does not support tracepoints. So until that is finished there is
no way cdt can move ahead with Tracepoints</thetext>
          </long_desc>
          <long_desc isprivate="0">
            <commentid>519751</commentid>
            <who name="Andrew Irvine">airvine</who>
            <bug_when>2005-08-17 11:14:02 -0400</bug_when>
            <thetext>I believe that GDB supports tracepoints, I am reading the ninth edition
documentation (6.3.50.20050527).  Are there any plans to include this feature in
the next release? </thetext>
          </long_desc>
          <long_desc isprivate="0">
            <commentid>519769</commentid>
            <who name="Mikhail Khodjaiants">mikhailkhod</who>
            <bug_when>2005-08-17 11:37:54 -0400</bug_when>
            <thetext>This is an excerpt from the gdb documentation (ninth edition).
&quot;This functionality is implemented in the remote stub; however, none of the 
stubs distributed with GDB support tracepoints as of this writing.&quot;
</thetext>
          </long_desc>
          <long_desc isprivate="0">
            <commentid>529451</commentid>
            <who name="Mikhail Khodjaiants">mikhailkhod</who>
            <bug_when>2005-09-09 14:40:06 -0400</bug_when>
            <thetext>Reassigning to the pool.</thetext>
          </long_desc>
          <long_desc isprivate="0">
            <commentid>1048859</commentid>
            <who name="Doug Schaefer">dschaefer</who>
            <bug_when>2007-08-21 11:00:51 -0400</bug_when>
            <thetext>Future means you commit to fix it in the Future. Inboxes can&apos;t make committments. Moving to &apos;--&apos;.</thetext>
          </long_desc>
      
      

    </bug>

</bugzilla>