<?xml version="1.0" encoding="UTF-8" standalone="yes" ?>


<bugzilla version="4.2.1"
          urlbase="https://bugs.eclipse.org/bugs/"
          
          maintainer="webmaster@eclipse.org"
>

    <bug>
          <bug_id>10601</bug_id>
          
          <creation_ts>2002-03-01 13:07:00 -0500</creation_ts>
          <short_desc>Refactor should obey formatting rules</short_desc>
          <delta_ts>2002-03-05 11:20:36 -0500</delta_ts>
          <reporter_accessible>1</reporter_accessible>
          <cclist_accessible>1</cclist_accessible>
          <classification_id>2</classification_id>
          <classification>Eclipse</classification>
          <product>JDT</product>
          <component>UI</component>
          <version>2.0</version>
          <rep_platform>PC</rep_platform>
          <op_sys>Windows NT</op_sys>
          <bug_status>RESOLVED</bug_status>
          <resolution>FIXED</resolution>
          
          
          <bug_file_loc></bug_file_loc>
          <status_whiteboard></status_whiteboard>
          <keywords></keywords>
          <priority>P3</priority>
          <bug_severity>normal</bug_severity>
          <target_milestone>---</target_milestone>
          
          
          <everconfirmed>1</everconfirmed>
          <reporter name="Peter Burka">peter_burka</reporter>
          <assigned_to name="Adam Kiezun">akiezun</assigned_to>
          
          
          <votes>0</votes>

      

      

      

          <long_desc isprivate="0">
            <commentid>29512</commentid>
            <who name="Peter Burka">peter_burka</who>
            <bug_when>2002-03-01 13:07:07 -0500</bug_when>
            <thetext>Refactoring operations should:
 a) attempt to preserve the original formatting as much as possible
 b) when new code is being generated, obey the formatting rules set in the 
preferences page.

I have a specific example of Refactor disobeying the rules.  There may be more:

#1) ensure that your formatting rules are all set to default values.  In 
particular, &apos;Compact assignment&apos; should be turned off
#2) enter the following class:
package foo;

public class Bar {
	int getX() {
		return 0;
	}

	void foo() {
		int y = 0;
		System.out.println(getX());
		System.out.println(getX());
		System.out.println(getX());
	}
}

#3) format the class to verify that nothing changes
#4) select one of the calls to &quot;getX()&quot; and choose &apos;Refactor&apos;-&gt;&apos;Extract local 
variable&apos;
#5) call the variable x (couldn&apos;t refactor have guessed this name?) and 
hit &quot;Finish&quot;
#6) the resulting class looks like:
package foo;

public class Bar {
	int getX() {
		return 0;
	}

	void foo() {
		int y = 0;
		int x=getX();
		System.out.println(x);
		System.out.println(x);
		System.out.println(x);
	}
}

Note that the &quot;int x=getX();&quot; statement is compacted, even though we turned 
this option off.

#7) Reformat the class again:
package foo;

public class Bar {
	int getX() {
		return 0;
	}

	void foo() {
		int y = 0;
		int x = getX();
		System.out.println(x);
		System.out.println(x);
		System.out.println(x);
	}
}

#8) IMHO, After a Format and Refactor, an additional Format should have no 
effect.

(20020215 build)</thetext>
          </long_desc>
          <long_desc isprivate="0">
            <commentid>29648</commentid>
            <who name="Erich Gamma">erich_gamma</who>
            <bug_when>2002-03-03 18:19:57 -0500</bug_when>
            <thetext>refactoring is intended to obey the formatting rules, so this must be an 
oversight.</thetext>
          </long_desc>
          <long_desc isprivate="0">
            <commentid>30210</commentid>
            <who name="Adam Kiezun">akiezun</who>
            <bug_when>2002-03-05 10:56:37 -0500</bug_when>
            <thetext>will look into it
for a description of a more general problem with currecnt refactoring and code 
formatter see bug#9443
</thetext>
          </long_desc>
          <long_desc isprivate="0">
            <commentid>30250</commentid>
            <who name="Adam Kiezun">akiezun</who>
            <bug_when>2002-03-05 11:20:36 -0500</bug_when>
            <thetext>trival bug - i made a wrong assumption about what &apos;not compact&apos; assignment is.
closign this one - 9443 is more general</thetext>
          </long_desc>
      
      

    </bug>

</bugzilla>