<?xml version="1.0" encoding="UTF-8" standalone="yes" ?>


<bugzilla version="4.2.1"
          urlbase="https://bugs.eclipse.org/bugs/"
          
          maintainer="webmaster@eclipse.org"
>

    <bug>
          <bug_id>10508</bug_id>
          
          <creation_ts>2002-02-28 13:01:00 -0500</creation_ts>
          <short_desc>Code assist fails to select entry with enter key</short_desc>
          <delta_ts>2002-09-12 15:03:37 -0400</delta_ts>
          <reporter_accessible>1</reporter_accessible>
          <cclist_accessible>1</cclist_accessible>
          <classification_id>2</classification_id>
          <classification>Eclipse</classification>
          <product>Platform</product>
          <component>Text</component>
          <version>2.0</version>
          <rep_platform>PC</rep_platform>
          <op_sys>other</op_sys>
          <bug_status>RESOLVED</bug_status>
          <resolution>WORKSFORME</resolution>
          
          
          <bug_file_loc></bug_file_loc>
          <status_whiteboard></status_whiteboard>
          <keywords></keywords>
          <priority>P3</priority>
          <bug_severity>minor</bug_severity>
          <target_milestone>---</target_milestone>
          
          
          <everconfirmed>1</everconfirmed>
          <reporter name="Martin Möbius">m.moebius</reporter>
          <assigned_to name="Platform-Text-Inbox">platform-text-inbox</assigned_to>
          <cc>nitind</cc>
          
          <votes>0</votes>

      

      

      

          <long_desc isprivate="0">
            <commentid>29211</commentid>
            <who name="Martin Möbius">m.moebius</who>
            <bug_when>2002-02-28 13:01:54 -0500</bug_when>
            <thetext>I have a strange behaviour, wich i can&apos;t reproduce. Sometimes (2-3 times a 
week) the code assist seems not the have the focus . I activate it eg:
Jt(ctrl+space)
the list appears, i choose JTable with up/down keys and press enter. But
the enter action is passed to the editor and not to the code assist.
So the result is
Jt
&lt;empty line&gt;
If i reopen the editor all is fine again. If i use instead enter the left
mouse button it works, but the mouse gives the code assist window the
focus. Switching to perspectives or editors doesn&apos;t help at all.

I suspect it could be connected with external programms, as i see the focus 
disappering from a JTable cell as well. But it&apos;s only a thought...</thetext>
          </long_desc>
          <long_desc isprivate="0">
            <commentid>92070</commentid>
            <who name="Kai-Uwe Maetzel">kai-uwe_maetzel</who>
            <bug_when>2002-09-12 11:44:36 -0400</bug_when>
            <thetext>Have you seen this behavior resently? Is it OK to close this PR?</thetext>
          </long_desc>
          <long_desc isprivate="0">
            <commentid>92172</commentid>
            <who name="Martin Möbius">m.moebius</who>
            <bug_when>2002-09-12 15:03:37 -0400</bug_when>
            <thetext>Never seen again since the golden builds,
Works for me.</thetext>
          </long_desc>
      
      

    </bug>

</bugzilla>