<?xml version="1.0" encoding="UTF-8" standalone="yes" ?>


<bugzilla version="4.2.1"
          urlbase="https://bugs.eclipse.org/bugs/"
          
          maintainer="webmaster@eclipse.org"
>

    <bug>
          <bug_id>10455</bug_id>
          
          <creation_ts>2002-02-27 20:27:00 -0500</creation_ts>
          <short_desc>Java Browsing-alike UI enhancement [package explorer] [browsing]</short_desc>
          <delta_ts>2009-08-30 02:13:59 -0400</delta_ts>
          <reporter_accessible>1</reporter_accessible>
          <cclist_accessible>1</cclist_accessible>
          <classification_id>2</classification_id>
          <classification>Eclipse</classification>
          <product>JDT</product>
          <component>UI</component>
          <version>2.0</version>
          <rep_platform>PC</rep_platform>
          <op_sys>Windows 2000</op_sys>
          <bug_status>RESOLVED</bug_status>
          <resolution>WONTFIX</resolution>
          
          
          <bug_file_loc></bug_file_loc>
          <status_whiteboard></status_whiteboard>
          <keywords></keywords>
          <priority>P3</priority>
          <bug_severity>enhancement</bug_severity>
          <target_milestone>---</target_milestone>
          
          
          <everconfirmed>1</everconfirmed>
          <reporter name="Jeff Brown">jeff_brown</reporter>
          <assigned_to name="JDT-UI-Inbox">jdt-ui-inbox</assigned_to>
          
          
          <votes>0</votes>

      

      

      

          <long_desc isprivate="0">
            <commentid>28970</commentid>
            <who name="Jeff Brown">jeff_brown</who>
            <bug_when>2002-02-27 20:27:13 -0500</bug_when>
            <thetext>Just a thought about improving navigation of large Java projects...

The Java Browsing perspective (and associated views) are
great for browsing existing code, but not so hot for
writing new code that spans multiple projects.  The problem
is that the views drill down so deeply that it is difficult
to acquire adequate context for navigation.  Moreover,
non-Java resources are not displayed.

Conversely, it is often difficult to move from one project
to another while in the normal Packages view when many
tree nodes have been expanded since it can grow quite large.

What I would like is to link the Java Browsing Projects view
to the normal Packages view, so that selecting a project in
the former focuses the Packages view on that project so that
only its contents are shown (as if I did Go Into on it).

While I could use the existing Go Into support on the
normal Packages view to alleviate the problem of huge trees,
I find it unnatural -- it requires too many clicks to switch
projects.</thetext>
          </long_desc>
          <long_desc isprivate="0">
            <commentid>29670</commentid>
            <who name="Erich Gamma">erich_gamma</who>
            <bug_when>2002-03-03 19:28:22 -0500</bug_when>
            <thetext>This is a good suggestion, we but we can only consider this for after 2.0</thetext>
          </long_desc>
          <long_desc isprivate="0">
            <commentid>86298</commentid>
            <who name="Dani Megert">daniel_megert</who>
            <bug_when>2002-08-19 10:07:36 -0400</bug_when>
            <thetext>Tipp:
Try to work with the Java Browsing perspective but replace the Projects view
with the Package Explorer. In the Package Explorer enable the filter which hides
all Java files.
==&gt; you will then be able to see the resources
</thetext>
          </long_desc>
          <long_desc isprivate="0">
            <commentid>157802</commentid>
            <who name="Dirk Baeumer">dirk_baeumer</who>
            <bug_when>2003-04-28 06:02:27 -0400</bug_when>
            <thetext>Chaning state from assigned later to resolved later. Assigned later got 
introduced by the last bug conversion and is not a supported Eclipse bug state.</thetext>
          </long_desc>
          <long_desc isprivate="0">
            <commentid>1583190</commentid>
            <who name="Denis Roy">denis.roy</who>
            <bug_when>2009-08-30 02:13:59 -0400</bug_when>
            <thetext>As of now &apos;LATER&apos; and &apos;REMIND&apos; resolutions are no longer supported.
Please reopen this bug if it is still valid for you.</thetext>
          </long_desc>
      
      

    </bug>

</bugzilla>