<?xml version="1.0" encoding="UTF-8" standalone="yes" ?>


<bugzilla version="4.2.1"
          urlbase="https://bugs.eclipse.org/bugs/"
          
          maintainer="webmaster@eclipse.org"
>

    <bug>
          <bug_id>10492</bug_id>
          
          <creation_ts>2002-02-28 11:34:00 -0500</creation_ts>
          <short_desc>No feedback when setting wrong path for external Javadoc directory</short_desc>
          <delta_ts>2005-01-18 16:45:41 -0500</delta_ts>
          <reporter_accessible>1</reporter_accessible>
          <cclist_accessible>1</cclist_accessible>
          <classification_id>2</classification_id>
          <classification>Eclipse</classification>
          <product>JDT</product>
          <component>UI</component>
          <version>2.0</version>
          <rep_platform>PC</rep_platform>
          <op_sys>Windows NT</op_sys>
          <bug_status>RESOLVED</bug_status>
          <resolution>FIXED</resolution>
          
          
          <bug_file_loc></bug_file_loc>
          <status_whiteboard></status_whiteboard>
          <keywords></keywords>
          <priority>P3</priority>
          <bug_severity>normal</bug_severity>
          <target_milestone>---</target_milestone>
          
          
          <everconfirmed>1</everconfirmed>
          <reporter name="Dani Megert">daniel_megert</reporter>
          <assigned_to name="Unknown User">unknown</assigned_to>
          
          
          <votes>0</votes>

      

      

      

          <long_desc isprivate="0">
            <commentid>29148</commentid>
            <who name="Dani Megert">daniel_megert</who>
            <bug_when>2002-02-28 11:34:07 -0500</bug_when>
            <thetext>1. Select a JAR
2. Properties
3. Set the directory for external Javadoc

==&gt; no validation is done</thetext>
          </long_desc>
          <long_desc isprivate="0">
            <commentid>29149</commentid>
            <who name="Dani Megert">daniel_megert</who>
            <bug_when>2002-02-28 11:34:19 -0500</bug_when>
            <thetext>build 20020226</thetext>
          </long_desc>
          <long_desc isprivate="0">
            <commentid>45098</commentid>
            <who name="Martin Aeschlimann">martin_aeschlimann</who>
            <bug_when>2002-04-22 10:54:07 -0400</bug_when>
            <thetext>we should add a validate button that tries to open the index.html file.

moving to JRT</thetext>
          </long_desc>
          <long_desc isprivate="0">
            <commentid>45469</commentid>
            <who name="Unknown User">unknown676</who>
            <bug_when>2002-04-23 05:34:09 -0400</bug_when>
            <thetext>will add validation button. JRT.</thetext>
          </long_desc>
          <long_desc isprivate="0">
            <commentid>46919</commentid>
            <who name="Unknown User">unknown676</who>
            <bug_when>2002-04-26 10:13:28 -0400</bug_when>
            <thetext>Added. fixed. JRT.</thetext>
          </long_desc>
      
      

    </bug>

</bugzilla>