<?xml version="1.0" encoding="UTF-8" standalone="yes" ?>


<bugzilla version="4.2.1"
          urlbase="https://bugs.eclipse.org/bugs/"
          
          maintainer="webmaster@eclipse.org"
>

    <bug>
          <bug_id>10485</bug_id>
          
          <creation_ts>2002-02-28 11:03:00 -0500</creation_ts>
          <short_desc>No SWT_MIN and SWT_MAX on Parented Shells in ControlExpl</short_desc>
          <delta_ts>2002-03-04 15:36:46 -0500</delta_ts>
          <reporter_accessible>1</reporter_accessible>
          <cclist_accessible>1</cclist_accessible>
          <classification_id>2</classification_id>
          <classification>Eclipse</classification>
          <product>Platform</product>
          <component>SWT</component>
          <version>2.0</version>
          <rep_platform>Sun</rep_platform>
          <op_sys>Solaris</op_sys>
          <bug_status>RESOLVED</bug_status>
          <resolution>WORKSFORME</resolution>
          
          
          <bug_file_loc></bug_file_loc>
          <status_whiteboard></status_whiteboard>
          <keywords></keywords>
          <priority>P4</priority>
          <bug_severity>minor</bug_severity>
          <target_milestone>---</target_milestone>
          
          
          <everconfirmed>1</everconfirmed>
          <reporter name="Justin Noel">justin</reporter>
          <assigned_to name="Grant Gayed">grant_gayed</assigned_to>
          
          
          <votes>0</votes>

      

      

      

          <long_desc isprivate="0">
            <commentid>29120</commentid>
            <who name="Justin Noel">justin</who>
            <bug_when>2002-02-28 11:03:23 -0500</bug_when>
            <thetext>Eclipse Drop: December 19th Stable
OS: Solaris 2.7 w/ Sun Recommended Patches
HW: Sun Ultra 60
JRE: Sun 1.3.1
Motif: 2.1
CDE: 1.3

To Reproduce:
Run Control Example
Choose Shell Tab
Choose Parent
Choose SWT_MIN and SWT_MAX
Choose &quot;Create Shell&quot;
Failure
Notice the new shell has neither Min nor Max buttons in the Title bar

Consistant behavior under Linux-Motif</thetext>
          </long_desc>
          <long_desc isprivate="0">
            <commentid>29134</commentid>
            <who name="Mike Wilson">Mike_Wilson</who>
            <bug_when>2002-02-28 11:21:11 -0500</bug_when>
            <thetext>Because the window manager has ultimate control over the appearance of shells 
on X systems, all of those style bits need to be considered to be HINTS.

GG to make sure that there is nothing unexpected about the current behavior.</thetext>
          </long_desc>
          <long_desc isprivate="0">
            <commentid>29965</commentid>
            <who name="Grant Gayed">grant_gayed</who>
            <bug_when>2002-03-04 15:36:46 -0500</bug_when>
            <thetext>Yes, these behaviours are a result of the utilized window manager.  Running the 
ControlExample in Linux-Gnome gives the expected MIN &amp; MAX behaviours, so we 
are providing the style bits to Motif appropriately.
</thetext>
          </long_desc>
      
      

    </bug>

</bugzilla>