<?xml version="1.0" encoding="UTF-8" standalone="yes" ?>


<bugzilla version="4.2.1"
          urlbase="https://bugs.eclipse.org/bugs/"
          
          maintainer="webmaster@eclipse.org"
>

    <bug>
          <bug_id>10500</bug_id>
          
          <creation_ts>2002-02-28 12:05:00 -0500</creation_ts>
          <short_desc>Shouldn&apos;t ignore inherited method with wrong argument types</short_desc>
          <delta_ts>2002-03-05 11:06:00 -0500</delta_ts>
          <reporter_accessible>1</reporter_accessible>
          <cclist_accessible>1</cclist_accessible>
          <classification_id>2</classification_id>
          <classification>Eclipse</classification>
          <product>JDT</product>
          <component>Core</component>
          <version>2.0</version>
          <rep_platform>PC</rep_platform>
          <op_sys>Windows 2000</op_sys>
          <bug_status>RESOLVED</bug_status>
          <resolution>FIXED</resolution>
          
          
          <bug_file_loc></bug_file_loc>
          <status_whiteboard></status_whiteboard>
          <keywords></keywords>
          <priority>P2</priority>
          <bug_severity>normal</bug_severity>
          <target_milestone>2.0 M4</target_milestone>
          
          
          <everconfirmed>1</everconfirmed>
          <reporter name="Philippe Mulet">philippe_mulet</reporter>
          <assigned_to name="Kent Johnson">kent_johnson</assigned_to>
          
          
          <votes>0</votes>

      

      

      

          <long_desc isprivate="0">
            <commentid>29171</commentid>
            <who name="Philippe Mulet">philippe_mulet</who>
            <bug_when>2002-02-28 12:05:25 -0500</bug_when>
            <thetext>Build 20020226

We should reject the following code in 1.3 compliance mode (default):

class T {
      void foo(boolean b) {}
}

public class X {
      void foo(int i) {}
      void bar() {
            new T() {
                  {
                        foo(0); // should say that foo(boolean) isn&apos;t applicable
                  }
            };
      }
}</thetext>
          </long_desc>
          <long_desc isprivate="0">
            <commentid>29179</commentid>
            <who name="Philippe Mulet">philippe_mulet</who>
            <bug_when>2002-02-28 12:15:30 -0500</bug_when>
            <thetext>Here is its friend scenario which we should also reject:

class T {
      void foo(boolean b) {}
}

public class X {
      void foo(int i) {}
      void bar() {
            new T() {
                  {
                        foo(false); // should complain ambiguity
                  }
            };
      }
} </thetext>
          </long_desc>
          <long_desc isprivate="0">
            <commentid>30229</commentid>
            <who name="Philippe Mulet">philippe_mulet</who>
            <bug_when>2002-03-05 11:06:00 -0500</bug_when>
            <thetext>Tuned the #getImplicitMethod behavior to match 1.3 behavior.

Kent - please double check my fix candidate (released inside HEAD, post v_230).

Fixed</thetext>
          </long_desc>
      
      

    </bug>

</bugzilla>