<?xml version="1.0" encoding="UTF-8" standalone="yes" ?>


<bugzilla version="4.2.1"
          urlbase="https://bugs.eclipse.org/bugs/"
          
          maintainer="webmaster@eclipse.org"
>

    <bug>
          <bug_id>10123</bug_id>
          
          <creation_ts>2002-02-22 17:07:00 -0500</creation_ts>
          <short_desc>macros should not have contents</short_desc>
          <delta_ts>2009-01-09 14:09:09 -0500</delta_ts>
          <reporter_accessible>1</reporter_accessible>
          <cclist_accessible>1</cclist_accessible>
          <classification_id>4</classification_id>
          <classification>Tools</classification>
          <product>CDT</product>
          <component>cdt-other</component>
          <version>1.0</version>
          <rep_platform>PC</rep_platform>
          <op_sys>All</op_sys>
          <bug_status>CLOSED</bug_status>
          <resolution>FIXED</resolution>
          
          
          <bug_file_loc></bug_file_loc>
          <status_whiteboard></status_whiteboard>
          <keywords></keywords>
          <priority>P3</priority>
          <bug_severity>major</bug_severity>
          <target_milestone>1.0 - Release</target_milestone>
          
          
          <everconfirmed>1</everconfirmed>
          <reporter name="David McKnight">dmcknigh</reporter>
          <assigned_to name="Jeff Turnham">turnham</assigned_to>
          
          
          <votes>0</votes>

      

      

      

          <long_desc isprivate="0">
            <commentid>27715</commentid>
            <who name="David McKnight">dmcknigh</who>
            <bug_when>2002-02-22 17:07:26 -0500</bug_when>
            <thetext>I don&apos;t think macros should have &quot;contents&quot; relationships... or should they?  If 
I&apos;m wrong, return this.</thetext>
          </long_desc>
          <long_desc isprivate="0">
            <commentid>35738</commentid>
            <who name="Jeff Turnham">turnham</who>
            <bug_when>2002-03-22 16:38:04 -0500</bug_when>
            <thetext>This appears fixed by the fix to 12164</thetext>
          </long_desc>
          <long_desc isprivate="0">
            <commentid>35739</commentid>
            <who name="Jeff Turnham">turnham</who>
            <bug_when>2002-03-22 16:38:35 -0500</bug_when>
            <thetext>Closing</thetext>
          </long_desc>
      
      

    </bug>

</bugzilla>