<?xml version="1.0" encoding="UTF-8" standalone="yes" ?>


<bugzilla version="4.2.1"
          urlbase="https://bugs.eclipse.org/bugs/"
          
          maintainer="webmaster@eclipse.org"
>

    <bug>
          <bug_id>10584</bug_id>
          
          <creation_ts>2002-03-01 10:30:00 -0500</creation_ts>
          <short_desc>Merge needs progress</short_desc>
          <delta_ts>2002-03-04 14:47:59 -0500</delta_ts>
          <reporter_accessible>1</reporter_accessible>
          <cclist_accessible>1</cclist_accessible>
          <classification_id>2</classification_id>
          <classification>Eclipse</classification>
          <product>Platform</product>
          <component>Team</component>
          <version>2.0</version>
          <rep_platform>PC</rep_platform>
          <op_sys>Windows 2000</op_sys>
          <bug_status>RESOLVED</bug_status>
          <resolution>FIXED</resolution>
          
          
          <bug_file_loc></bug_file_loc>
          <status_whiteboard></status_whiteboard>
          <keywords></keywords>
          <priority>P3</priority>
          <bug_severity>normal</bug_severity>
          <target_milestone>2.0 M4</target_milestone>
          
          
          <everconfirmed>1</everconfirmed>
          <reporter name="Jean-Michel Lemieux">jean-michel_lemieux</reporter>
          <assigned_to name="Michael Valenta">Michael_Valenta</assigned_to>
          
          
          <votes>0</votes>

      

      

      

          <long_desc isprivate="0">
            <commentid>29458</commentid>
            <who name="Jean-Michel Lemieux">jean-michel_lemieux</who>
            <bug_when>2002-03-01 10:30:07 -0500</bug_when>
            <thetext>Starting a merges causes round trips to the server, but only the hourglass is
shown. It looked like it was hung for a while, until I realized what it was 
doing. It would be nice to have a progress dialog explaing what the merge is
doing.</thetext>
          </long_desc>
          <long_desc isprivate="0">
            <commentid>29546</commentid>
            <who name="Kevin McGuire">Kevin_McGuire</who>
            <bug_when>2002-03-01 15:21:23 -0500</bug_when>
            <thetext>Progress monitor needed.</thetext>
          </long_desc>
          <long_desc isprivate="0">
            <commentid>29844</commentid>
            <who name="Michael Valenta">Michael_Valenta</who>
            <bug_when>2002-03-04 11:48:02 -0500</bug_when>
            <thetext>work completed in branch branch-9023</thetext>
          </long_desc>
          <long_desc isprivate="0">
            <commentid>29938</commentid>
            <who name="Michael Valenta">Michael_Valenta</who>
            <bug_when>2002-03-04 14:47:59 -0500</bug_when>
            <thetext>Fixed</thetext>
          </long_desc>
      
      

    </bug>

</bugzilla>