<?xml version="1.0" encoding="UTF-8" standalone="yes" ?>


<bugzilla version="4.2.1"
          urlbase="https://bugs.eclipse.org/bugs/"
          
          maintainer="webmaster@eclipse.org"
>

    <bug>
          <bug_id>10410</bug_id>
          
          <creation_ts>2002-02-27 13:23:00 -0500</creation_ts>
          <short_desc>Launch configurations are not editable</short_desc>
          <delta_ts>2002-02-27 13:46:12 -0500</delta_ts>
          <reporter_accessible>1</reporter_accessible>
          <cclist_accessible>1</cclist_accessible>
          <classification_id>2</classification_id>
          <classification>Eclipse</classification>
          <product>JDT</product>
          <component>Debug</component>
          <version>2.0</version>
          <rep_platform>Other</rep_platform>
          <op_sys>other</op_sys>
          <bug_status>RESOLVED</bug_status>
          <resolution>DUPLICATE</resolution>
          <dup_id>9678</dup_id>
          
          <bug_file_loc></bug_file_loc>
          <status_whiteboard></status_whiteboard>
          <keywords></keywords>
          <priority>P3</priority>
          <bug_severity>normal</bug_severity>
          <target_milestone>---</target_milestone>
          
          
          <everconfirmed>1</everconfirmed>
          <reporter name="Jared Burns">jared_burns</reporter>
          <assigned_to name="Darin Wright">darin.eclipse</assigned_to>
          
          
          <votes>0</votes>

      

      

      

          <long_desc isprivate="0">
            <commentid>28791</commentid>
            <who name="Jared Burns">jared_burns</who>
            <bug_when>2002-02-27 13:23:38 -0500</bug_when>
            <thetext>1. Open an existing launch configuration in the config dialog
2. Edit a field (switch JREs, for instance)
3. Save

The launch configuration vanishes</thetext>
          </long_desc>
          <long_desc isprivate="0">
            <commentid>28800</commentid>
            <who name="Darin Wright">darin.eclipse</who>
            <bug_when>2002-02-27 13:46:12 -0500</bug_when>
            <thetext>

*** This bug has been marked as a duplicate of 9678 ***</thetext>
          </long_desc>
      
      

    </bug>

</bugzilla>