<?xml version="1.0" encoding="UTF-8" standalone="yes" ?>


<bugzilla version="4.2.1"
          urlbase="https://bugs.eclipse.org/bugs/"
          
          maintainer="webmaster@eclipse.org"
>

    <bug>
          <bug_id>10158</bug_id>
          
          <creation_ts>2002-02-25 09:20:00 -0500</creation_ts>
          <short_desc>[hovering] Report protection in hover-help</short_desc>
          <delta_ts>2008-06-18 06:04:27 -0400</delta_ts>
          <reporter_accessible>1</reporter_accessible>
          <cclist_accessible>1</cclist_accessible>
          <classification_id>2</classification_id>
          <classification>Eclipse</classification>
          <product>JDT</product>
          <component>Text</component>
          <version>2.0</version>
          <rep_platform>Other</rep_platform>
          <op_sys>other</op_sys>
          <bug_status>RESOLVED</bug_status>
          <resolution>FIXED</resolution>
          
          
          <bug_file_loc></bug_file_loc>
          <status_whiteboard></status_whiteboard>
          <keywords></keywords>
          <priority>P4</priority>
          <bug_severity>enhancement</bug_severity>
          <target_milestone>3.4</target_milestone>
          
          
          <everconfirmed>1</everconfirmed>
          <reporter name="Jared Burns">jared_burns</reporter>
          <assigned_to name="JDT-Text-Inbox">jdt-text-inbox</assigned_to>
          <cc>daniel_megert</cc>
          
          <votes>0</votes>

      

      

      

          <long_desc isprivate="0">
            <commentid>27783</commentid>
            <who name="Jared Burns">jared_burns</who>
            <bug_when>2002-02-25 09:20:35 -0500</bug_when>
            <thetext>1. Hover the mouse over a method call in the JavaEditor
2. When the hover-help pops up note that it contains the method signature and
JavaDoc, but not the method&apos;s protection

The protection information is also useful to potential callers of that method
and should be reported with the signature.</thetext>
          </long_desc>
          <long_desc isprivate="0">
            <commentid>437244</commentid>
            <who name="Martin Aeschlimann">martin_aeschlimann</who>
            <bug_when>2005-04-25 10:57:08 -0400</bug_when>
            <thetext>hover is now in jdt.text.

what might be nice is if the hover window would contain the Java element image
that would show visibility, modifiers and type kind (enum, interface ect.)</thetext>
          </long_desc>
          <long_desc isprivate="0">
            <commentid>437255</commentid>
            <who name="Dani Megert">daniel_megert</who>
            <bug_when>2005-04-25 11:02:02 -0400</bug_when>
            <thetext>We could show the image once whe use the Browser widget for hovers as well.
</thetext>
          </long_desc>
          <long_desc isprivate="0">
            <commentid>641504</commentid>
            <who name="Dani Megert">daniel_megert</who>
            <bug_when>2006-03-14 03:15:14 -0500</bug_when>
            <thetext>Side note: we now show Javadoc in the Browser widget where possible.</thetext>
          </long_desc>
          <long_desc isprivate="0">
            <commentid>1273219</commentid>
            <who name="Dani Megert">daniel_megert</who>
            <bug_when>2008-06-18 06:04:27 -0400</bug_when>
            <thetext>This feature is in 3.4.</thetext>
          </long_desc>
      
      

    </bug>

</bugzilla>