<?xml version="1.0" encoding="UTF-8" standalone="yes" ?>


<bugzilla version="4.2.1"
          urlbase="https://bugs.eclipse.org/bugs/"
          
          maintainer="webmaster@eclipse.org"
>

    <bug>
          <bug_id>10559</bug_id>
          
          <creation_ts>2002-03-01 04:09:00 -0500</creation_ts>
          <short_desc>CVS status bars are useless</short_desc>
          <delta_ts>2002-03-05 21:45:40 -0500</delta_ts>
          <reporter_accessible>1</reporter_accessible>
          <cclist_accessible>1</cclist_accessible>
          <classification_id>2</classification_id>
          <classification>Eclipse</classification>
          <product>Platform</product>
          <component>Team</component>
          <version>2.0</version>
          <rep_platform>PC</rep_platform>
          <op_sys>Windows XP</op_sys>
          <bug_status>RESOLVED</bug_status>
          <resolution>FIXED</resolution>
          
          
          <bug_file_loc></bug_file_loc>
          <status_whiteboard></status_whiteboard>
          <keywords></keywords>
          <priority>P3</priority>
          <bug_severity>minor</bug_severity>
          <target_milestone>---</target_milestone>
          
          
          <everconfirmed>1</everconfirmed>
          <reporter name="Riyad Kalla">rkalla</reporter>
          <assigned_to name="James Moody">James_Moody</assigned_to>
          
          
          <votes>0</votes>

      

      

      

          <long_desc isprivate="0">
            <commentid>29386</commentid>
            <who name="Riyad Kalla">rkalla</who>
            <bug_when>2002-03-01 04:09:32 -0500</bug_when>
            <thetext>The status bars for CVS actions are absolutely useless. When synchronizing with 
the stream, the status bar will ALWAYS draw to about the 5th box or so, then 
stop, and the update text keeps changing &quot;Computing differences&quot; and all that 
good stuff, but the status bar NEVER updates after that. There is no 
correlation between the status bar on the CVS actions (all of them, compare, 
syncronize, catch up, release, etc.) and how far along the actions are to 
completing. Its almost like the functionality was never implemented.</thetext>
          </long_desc>
          <long_desc isprivate="0">
            <commentid>29461</commentid>
            <who name="James Moody">James_Moody</who>
            <bug_when>2002-03-01 10:34:32 -0500</bug_when>
            <thetext>Progress monitoring has been improved lately; the improvements are in HEAD and
will be in the next build. I am closing this PR.

Progress monitoring is done on an individual action basis; therefore if
particular actions do not work as you expect, please open individual bugs
describing the steps you took. A blanket statement that they are all broken is
not as useful.

Also, are you using the new 2.0 team codebase or the VCM codebase? (If you don&apos;t
know, you&apos;re probably using the old VCM codebase). We are not currently making
any code changes to the VCM plugins, all of our attention is focused on the team
codebase which will be available soon.</thetext>
          </long_desc>
          <long_desc isprivate="0">
            <commentid>30417</commentid>
            <who name="Kevin McGuire">Kevin_McGuire</who>
            <bug_when>2002-03-05 21:45:40 -0500</bug_when>
            <thetext>Closing PR as per James&apos; comments.
If individual operations require progress monitor IMPROVEMENT then INDIVIDUAL 
bugs should be logged.</thetext>
          </long_desc>
      
      

    </bug>

</bugzilla>