<?xml version="1.0" encoding="UTF-8" standalone="yes" ?>


<bugzilla version="4.2.1"
          urlbase="https://bugs.eclipse.org/bugs/"
          
          maintainer="webmaster@eclipse.org"
>

    <bug>
          <bug_id>10068</bug_id>
          
          <creation_ts>2002-02-21 11:56:00 -0500</creation_ts>
          <short_desc>Debug UI:  Adding a monitor from the Monitor&apos;s view local toolbar action is not working remotely</short_desc>
          <delta_ts>2003-09-10 09:02:29 -0400</delta_ts>
          <reporter_accessible>1</reporter_accessible>
          <cclist_accessible>1</cclist_accessible>
          <classification_id>4</classification_id>
          <classification>Tools</classification>
          <product>CDT</product>
          <component>cdt-debug</component>
          <version>1.0</version>
          <rep_platform>PC</rep_platform>
          <op_sys>Linux-Motif</op_sys>
          <bug_status>CLOSED</bug_status>
          <resolution>INVALID</resolution>
          
          
          <bug_file_loc></bug_file_loc>
          <status_whiteboard></status_whiteboard>
          <keywords></keywords>
          <priority>P2</priority>
          <bug_severity>major</bug_severity>
          <target_milestone>---</target_milestone>
          
          <blocked>10072</blocked>
          <everconfirmed>1</everconfirmed>
          <reporter name="Yasser Elmankabady">eyasser</reporter>
          <assigned_to name="Samantha Chan">chanskw</assigned_to>
          
          
          <votes>0</votes>

      

      

      

          <long_desc isprivate="0">
            <commentid>27593</commentid>
            <who name="Yasser Elmankabady">eyasser</who>
            <bug_when>2002-02-21 11:56:35 -0500</bug_when>
            <thetext>Using the local tool bar action to add a new monitor to the Monitor&apos;s view is 
not working in the remote scenario. From the &quot;Monitor expression&quot; popup dialog 
type the variable name then click OK. as a result, no new monitors will be 
updated in the monitors&apos; view.</thetext>
          </long_desc>
          <long_desc isprivate="0">
            <commentid>27609</commentid>
            <who name="Samantha Chan">chanskw</who>
            <bug_when>2002-02-21 14:07:26 -0500</bug_when>
            <thetext>Debug UI problem - not taking the OK action.
Transfer bug to Debug UI</thetext>
          </long_desc>
          <long_desc isprivate="0">
            <commentid>27624</commentid>
            <who name="Samantha Chan">chanskw</who>
            <bug_when>2002-02-21 16:30:18 -0500</bug_when>
            <thetext>Bug 40 from frogger.</thetext>
          </long_desc>
          <long_desc isprivate="0">
            <commentid>28982</commentid>
            <who name="Samantha Chan">chanskw</who>
            <bug_when>2002-02-27 22:32:03 -0500</bug_when>
            <thetext>keep track in UI bug</thetext>
          </long_desc>
          <long_desc isprivate="0">
            <commentid>28984</commentid>
            <who name="Samantha Chan">chanskw</who>
            <bug_when>2002-02-27 22:32:33 -0500</bug_when>
            <thetext>*** Bug 10072 has been marked as a duplicate of this bug. ***</thetext>
          </long_desc>
          <long_desc isprivate="0">
            <commentid>185107</commentid>
            <who name="Sebastien Marineau">sebastien</who>
            <bug_when>2003-09-10 09:02:29 -0400</bug_when>
            <thetext>Closing</thetext>
          </long_desc>
      
      

    </bug>

</bugzilla>