<?xml version="1.0" encoding="UTF-8" standalone="yes" ?>


<bugzilla version="4.2.1"
          urlbase="https://bugs.eclipse.org/bugs/"
          
          maintainer="webmaster@eclipse.org"
>

    <bug>
          <bug_id>10315</bug_id>
          
          <creation_ts>2002-02-26 17:30:00 -0500</creation_ts>
          <short_desc>Syntax highlighting glitch</short_desc>
          <delta_ts>2002-03-20 09:36:28 -0500</delta_ts>
          <reporter_accessible>1</reporter_accessible>
          <cclist_accessible>1</cclist_accessible>
          <classification_id>2</classification_id>
          <classification>Eclipse</classification>
          <product>JDT</product>
          <component>UI</component>
          <version>2.0</version>
          <rep_platform>PC</rep_platform>
          <op_sys>Windows 2000</op_sys>
          <bug_status>VERIFIED</bug_status>
          <resolution>FIXED</resolution>
          
          
          <bug_file_loc></bug_file_loc>
          <status_whiteboard></status_whiteboard>
          <keywords></keywords>
          <priority>P3</priority>
          <bug_severity>normal</bug_severity>
          <target_milestone>2.0 M4</target_milestone>
          
          
          <everconfirmed>1</everconfirmed>
          <reporter name="Jeff Brown">jeff_brown</reporter>
          <assigned_to name="Kai-Uwe Maetzel">kai-uwe_maetzel</assigned_to>
          
          
          <votes>0</votes>

      

      

      

          <long_desc isprivate="0">
            <commentid>28373</commentid>
            <who name="Jeff Brown">jeff_brown</who>
            <bug_when>2002-02-26 17:30:52 -0500</bug_when>
            <thetext>Create a class called Foo with the following contents:

public class Foo {
    public static void main(String[] args) {
        System.out.println(&quot;bar&quot;); // notice this will stay blue
    }
}

Insert a &apos;&quot;&apos; before &quot;bar&quot; so that the line reads:
  System.out.println(&quot;&quot;bar&quot;); // notice this will stay blue

Notice that everything to the right of &apos;bar&apos; turns blue.  Good.

Remove the &apos;&quot;&apos; you just inserted.
Notice that everything to the right of &apos;bar&apos; is still blue.  Bad.
The problem fixes itself if you insert/remove nearby characters.</thetext>
          </long_desc>
          <long_desc isprivate="0">
            <commentid>30181</commentid>
            <who name="Kai-Uwe Maetzel">kai-uwe_maetzel</who>
            <bug_when>2002-03-05 10:17:03 -0500</bug_when>
            <thetext>Build 20020305.</thetext>
          </long_desc>
          <long_desc isprivate="0">
            <commentid>32821</commentid>
            <who name="Jeff Brown">jeff_brown</who>
            <bug_when>2002-03-14 14:24:16 -0500</bug_when>
            <thetext>Are you sure this is fixed correctly?
I&apos;ve been seeing other similar weird syntax highlighting
glitches that I had never seen before this but I have not
come up with simple reproducible cases yet.

The most common glitch I&apos;ve been seeing (or at least
one that has caught my eye) is &quot;public&quot; being syntax
highlighted with the first three letters black and not
bold, and the last three in bold red.  Strange!
</thetext>
          </long_desc>
          <long_desc isprivate="0">
            <commentid>34357</commentid>
            <who name="Claude Knaus">Claude_Knaus</who>
            <bug_when>2002-03-20 09:36:15 -0500</bug_when>
            <thetext>verified in 20020319-I</thetext>
          </long_desc>
          <long_desc isprivate="0">
            <commentid>34358</commentid>
            <who name="Claude Knaus">Claude_Knaus</who>
            <bug_when>2002-03-20 09:36:28 -0500</bug_when>
            <thetext>verified in 20020319-I</thetext>
          </long_desc>
      
      

    </bug>

</bugzilla>