<?xml version="1.0" encoding="UTF-8" standalone="yes" ?>


<bugzilla version="4.2.1"
          urlbase="https://bugs.eclipse.org/bugs/"
          
          maintainer="webmaster@eclipse.org"
>

    <bug>
          <bug_id>10642</bug_id>
          
          <creation_ts>2002-03-03 15:07:00 -0500</creation_ts>
          <short_desc>preprocess null pointer exception when using autoparse</short_desc>
          <delta_ts>2009-01-09 14:09:20 -0500</delta_ts>
          <reporter_accessible>1</reporter_accessible>
          <cclist_accessible>1</cclist_accessible>
          <classification_id>4</classification_id>
          <classification>Tools</classification>
          <product>CDT</product>
          <component>cdt-other</component>
          <version>2.0</version>
          <rep_platform>PC</rep_platform>
          <op_sys>All</op_sys>
          <bug_status>CLOSED</bug_status>
          <resolution>FIXED</resolution>
          
          
          <bug_file_loc></bug_file_loc>
          <status_whiteboard></status_whiteboard>
          <keywords></keywords>
          <priority>P3</priority>
          <bug_severity>major</bug_severity>
          <target_milestone>2.0 - Release</target_milestone>
          
          
          <everconfirmed>1</everconfirmed>
          <reporter name="David McKnight">dmcknigh</reporter>
          <assigned_to name="Jeff Turnham">turnham</assigned_to>
          
          
          <votes>0</votes>

      

      

      

          <long_desc isprivate="0">
            <commentid>29626</commentid>
            <who name="David McKnight">dmcknigh</who>
            <bug_when>2002-03-03 15:07:05 -0500</bug_when>
            <thetext>If autoparse is on, we end up putting the project on the parse file queue when 
there is a refresh.  This can happen before _cppExtensions has been created.  
The exception is below:

java.lang.NullPointerException
	at 
org.eclipse.cdt.cpp.miners.parser.invocation.PreprocessWorker.isCorCPPFile(Prepr
ocessWorker.java:221)
	at 
org.eclipse.cdt.cpp.miners.parser.invocation.PreprocessWorker.preprocessFile(Pre
processWorker.java:60)
	at 
org.eclipse.cdt.cpp.miners.parser.invocation.PreprocessWorker.getFileFromQueue(P
reprocessWorker.java:208)
	at 
org.eclipse.cdt.cpp.miners.parser.invocation.PreprocessWorker.preprocessFilesFro
mQueue(PreprocessWorker.java:117)
	at 
org.eclipse.cdt.cpp.miners.parser.invocation.PreprocessWorker.run(PreprocessWork
er.java:83)</thetext>
          </long_desc>
          <long_desc isprivate="0">
            <commentid>61799</commentid>
            <who name="Jeff Turnham">turnham</who>
            <bug_when>2002-05-28 13:26:37 -0400</bug_when>
            <thetext>In the newest parser, this shouldn&apos;t happen.</thetext>
          </long_desc>
          <long_desc isprivate="0">
            <commentid>61800</commentid>
            <who name="Jeff Turnham">turnham</who>
            <bug_when>2002-05-28 13:26:48 -0400</bug_when>
            <thetext>Closing</thetext>
          </long_desc>
      
      

    </bug>

</bugzilla>