<?xml version="1.0" encoding="UTF-8" standalone="yes" ?>


<bugzilla version="4.2.1"
          urlbase="https://bugs.eclipse.org/bugs/"
          
          maintainer="webmaster@eclipse.org"
>

    <bug>
          <bug_id>10291</bug_id>
          
          <creation_ts>2002-02-26 13:44:00 -0500</creation_ts>
          <short_desc>R1:  Variables and monitors view not updated after storage is modified</short_desc>
          <delta_ts>2002-03-07 16:00:12 -0500</delta_ts>
          <reporter_accessible>1</reporter_accessible>
          <cclist_accessible>1</cclist_accessible>
          <classification_id>4</classification_id>
          <classification>Tools</classification>
          <product>CDT</product>
          <component>cdt-debug</component>
          <version>1.0</version>
          <rep_platform>PC</rep_platform>
          <op_sys>Linux</op_sys>
          <bug_status>RESOLVED</bug_status>
          <resolution>FIXED</resolution>
          
          
          <bug_file_loc></bug_file_loc>
          <status_whiteboard></status_whiteboard>
          <keywords></keywords>
          <priority>P2</priority>
          <bug_severity>normal</bug_severity>
          <target_milestone>1.0 - Release</target_milestone>
          
          
          <everconfirmed>1</everconfirmed>
          <reporter name="Samantha Chan">chanskw</reporter>
          <assigned_to name="Samantha Chan">chanskw</assigned_to>
          
          
          <votes>0</votes>

      

      

      

          <long_desc isprivate="0">
            <commentid>28180</commentid>
            <who name="Samantha Chan">chanskw</who>
            <bug_when>2002-02-26 13:44:46 -0500</bug_when>
            <thetext>The variable in variables and monitors vew is not updated after its storage is
being modified.  I had to perform a step to bring those values up-to-date.  The
picl should check for changes in variables after completing a storage
modification request.</thetext>
          </long_desc>
          <long_desc isprivate="0">
            <commentid>31062</commentid>
            <who name="Samantha Chan">chanskw</who>
            <bug_when>2002-03-07 16:00:12 -0500</bug_when>
            <thetext>Fixed in GdbVariableMonitorManager.java and StorageManager.java
Call update monitors update after editing storage monitor.</thetext>
          </long_desc>
      
      

    </bug>

</bugzilla>