<?xml version="1.0" encoding="UTF-8" standalone="yes" ?>


<bugzilla version="4.2.1"
          urlbase="https://bugs.eclipse.org/bugs/"
          
          maintainer="webmaster@eclipse.org"
>

    <bug>
          <bug_id>10448</bug_id>
          
          <creation_ts>2002-02-27 17:36:00 -0500</creation_ts>
          <short_desc>IExpressionManager#hasExpressions, IBreakpointManager#hasBreakpoints, etc</short_desc>
          <delta_ts>2002-03-25 11:39:18 -0500</delta_ts>
          <reporter_accessible>1</reporter_accessible>
          <cclist_accessible>1</cclist_accessible>
          <classification_id>2</classification_id>
          <classification>Eclipse</classification>
          <product>Platform</product>
          <component>Debug</component>
          <version>2.0</version>
          <rep_platform>PC</rep_platform>
          <op_sys>other</op_sys>
          <bug_status>VERIFIED</bug_status>
          <resolution>FIXED</resolution>
          
          
          <bug_file_loc></bug_file_loc>
          <status_whiteboard></status_whiteboard>
          <keywords></keywords>
          <priority>P3</priority>
          <bug_severity>normal</bug_severity>
          <target_milestone>2.0 M6</target_milestone>
          
          
          <everconfirmed>1</everconfirmed>
          <reporter name="Darin Swanson">Darin_Swanson</reporter>
          <assigned_to name="Darin Swanson">Darin_Swanson</assigned_to>
          
          
          <votes>0</votes>

      

      

      

          <long_desc isprivate="0">
            <commentid>28931</commentid>
            <who name="Darin Swanson">Darin_Swanson</who>
            <bug_when>2002-02-27 17:36:21 -0500</bug_when>
            <thetext>I have found places in code where we really are interested if there are 
expressions or breakpoints.  Currently the only way to do this is to 
getBreakpoints or getExpressions.  With the underlying implementation, this is 
doing a lot of copying vectors into arrays.
Being able to directly query would speed things up and not create as much 
garbage.</thetext>
          </long_desc>
          <long_desc isprivate="0">
            <commentid>28945</commentid>
            <who name="Darin Wright">darin.eclipse</who>
            <bug_when>2002-02-27 18:14:05 -0500</bug_when>
            <thetext>If possible, I would rather improve our implementation of #get* rather than add 
new API.</thetext>
          </long_desc>
          <long_desc isprivate="0">
            <commentid>33690</commentid>
            <who name="Darin Wright">darin.eclipse</who>
            <bug_when>2002-03-18 17:55:29 -0500</bug_when>
            <thetext>Fixed. Added new API.</thetext>
          </long_desc>
          <long_desc isprivate="0">
            <commentid>33691</commentid>
            <who name="Darin Wright">darin.eclipse</who>
            <bug_when>2002-03-18 17:55:45 -0500</bug_when>
            <thetext>Please verify</thetext>
          </long_desc>
          <long_desc isprivate="0">
            <commentid>36152</commentid>
            <who name="Darin Swanson">Darin_Swanson</who>
            <bug_when>2002-03-25 11:39:18 -0500</bug_when>
            <thetext>Verified.</thetext>
          </long_desc>
      
      

    </bug>

</bugzilla>