<?xml version="1.0" encoding="UTF-8" standalone="yes" ?>


<bugzilla version="4.2.1"
          urlbase="https://bugs.eclipse.org/bugs/"
          
          maintainer="webmaster@eclipse.org"
>

    <bug>
          <bug_id>10298</bug_id>
          
          <creation_ts>2002-02-26 14:35:00 -0500</creation_ts>
          <short_desc>command specification wizard problems</short_desc>
          <delta_ts>2009-01-12 09:17:36 -0500</delta_ts>
          <reporter_accessible>1</reporter_accessible>
          <cclist_accessible>1</cclist_accessible>
          <classification_id>4</classification_id>
          <classification>Tools</classification>
          <product>CDT</product>
          <component>cdt-core</component>
          <version>1.0</version>
          <rep_platform>PC</rep_platform>
          <op_sys>All</op_sys>
          <bug_status>RESOLVED</bug_status>
          <resolution>WONTFIX</resolution>
          
          
          <bug_file_loc></bug_file_loc>
          <status_whiteboard></status_whiteboard>
          <keywords></keywords>
          <priority>P3</priority>
          <bug_severity>minor</bug_severity>
          <target_milestone>1.2</target_milestone>
          
          
          <everconfirmed>1</everconfirmed>
          <reporter name="David McKnight">dmcknigh</reporter>
          <assigned_to name="Yasser Elmankabady">eyasser</assigned_to>
          <cc>enriquev</cc>
          
          <votes>0</votes>

      

      

      

          <long_desc isprivate="0">
            <commentid>28234</commentid>
            <who name="David McKnight">dmcknigh</who>
            <bug_when>2002-02-26 14:35:04 -0500</bug_when>
            <thetext>I&apos;ve noticed a couple minor problems with the command specification wizard:
1. It doesn&apos;t have a window title.
2. If you specify the name and invocation before selecting the container, the 
&quot;finish&quot; button will remain disabled until another change is made to the name or 
invocation fields.</thetext>
          </long_desc>
          <long_desc isprivate="0">
            <commentid>36392</commentid>
            <who name="Yasser Elmankabady">eyasser</who>
            <bug_when>2002-03-26 06:40:35 -0500</bug_when>
            <thetext>*** Bug 8419 has been marked as a duplicate of this bug. ***</thetext>
          </long_desc>
          <long_desc isprivate="0">
            <commentid>36393</commentid>
            <who name="Yasser Elmankabady">eyasser</who>
            <bug_when>2002-03-26 06:53:27 -0500</bug_when>
            <thetext>Part one of this bug has been fixed - I have added the window title</thetext>
          </long_desc>
          <long_desc isprivate="0">
            <commentid>169238</commentid>
            <who name="Sebastien Marineau">sebastien</who>
            <bug_when>2003-06-25 18:59:16 -0400</bug_when>
            <thetext>Applies to old CDT codebase -- close as part of cleanup.</thetext>
          </long_desc>
      
      

    </bug>

</bugzilla>