<?xml version="1.0" encoding="UTF-8" standalone="yes" ?>


<bugzilla version="4.2.1"
          urlbase="https://bugs.eclipse.org/bugs/"
          
          maintainer="webmaster@eclipse.org"
>

    <bug>
          <bug_id>10163</bug_id>
          
          <creation_ts>2002-02-25 09:56:00 -0500</creation_ts>
          <short_desc>Need a menu action for Show in Task view</short_desc>
          <delta_ts>2009-08-30 02:23:35 -0400</delta_ts>
          <reporter_accessible>1</reporter_accessible>
          <cclist_accessible>1</cclist_accessible>
          <classification_id>2</classification_id>
          <classification>Eclipse</classification>
          <product>JDT</product>
          <component>UI</component>
          <version>2.0</version>
          <rep_platform>PC</rep_platform>
          <op_sys>Windows 2000</op_sys>
          <bug_status>RESOLVED</bug_status>
          <resolution>WONTFIX</resolution>
          
          
          <bug_file_loc></bug_file_loc>
          <status_whiteboard></status_whiteboard>
          <keywords></keywords>
          <priority>P3</priority>
          <bug_severity>normal</bug_severity>
          <target_milestone>---</target_milestone>
          
          
          <everconfirmed>1</everconfirmed>
          <reporter name="Erich Gamma">erich_gamma</reporter>
          <assigned_to name="JDT-UI-Inbox">jdt-ui-inbox</assigned_to>
          
          
          <votes>0</votes>

      

      

      

          <long_desc isprivate="0">
            <commentid>27791</commentid>
            <who name="Erich Gamma">erich_gamma</who>
            <bug_when>2002-02-25 09:56:36 -0500</bug_when>
            <thetext>There is now support for double-click on error marker in the source editor and 
have it show the corresponding error in the Tasks view.

The double click is a short-cut only, there should a corresponding menu action 
in the vertical ruler menu for this purpose.</thetext>
          </long_desc>
          <long_desc isprivate="0">
            <commentid>68896</commentid>
            <who name="Kai-Uwe Maetzel">kai-uwe_maetzel</who>
            <bug_when>2002-06-05 14:04:48 -0400</bug_when>
            <thetext>No action for 2.0
Workaround: use Next, Previous which updates the task list.</thetext>
          </long_desc>
          <long_desc isprivate="0">
            <commentid>1585044</commentid>
            <who name="Denis Roy">denis.roy</who>
            <bug_when>2009-08-30 02:23:35 -0400</bug_when>
            <thetext>As of now &apos;LATER&apos; and &apos;REMIND&apos; resolutions are no longer supported.
Please reopen this bug if it is still valid for you.</thetext>
          </long_desc>
      
      

    </bug>

</bugzilla>