<?xml version="1.0" encoding="UTF-8" standalone="yes" ?>


<bugzilla version="4.2.1"
          urlbase="https://bugs.eclipse.org/bugs/"
          
          maintainer="webmaster@eclipse.org"
>

    <bug>
          <bug_id>10438</bug_id>
          
          <creation_ts>2002-02-27 16:35:00 -0500</creation_ts>
          <short_desc>Incoming deletions don&apos;t show up</short_desc>
          <delta_ts>2002-03-20 16:57:50 -0500</delta_ts>
          <reporter_accessible>1</reporter_accessible>
          <cclist_accessible>1</cclist_accessible>
          <classification_id>2</classification_id>
          <classification>Eclipse</classification>
          <product>Platform</product>
          <component>Team</component>
          <version>1.0</version>
          <rep_platform>PC</rep_platform>
          <op_sys>All</op_sys>
          <bug_status>RESOLVED</bug_status>
          <resolution>FIXED</resolution>
          
          
          <bug_file_loc></bug_file_loc>
          <status_whiteboard></status_whiteboard>
          <keywords></keywords>
          <priority>P1</priority>
          <bug_severity>normal</bug_severity>
          <target_milestone>2.0 M4</target_milestone>
          
          
          <everconfirmed>1</everconfirmed>
          <reporter name="James Moody">James_Moody</reporter>
          <assigned_to name="Michael Valenta">Michael_Valenta</assigned_to>
          <cc>lynne_kues</cc>
    
    <cc>nick_edgar</cc>
          
          <votes>0</votes>

      

      

      

          <long_desc isprivate="0">
            <commentid>28885</commentid>
            <who name="James Moody">James_Moody</who>
            <bug_when>2002-02-27 16:35:32 -0500</bug_when>
            <thetext>When there is a space in a folder name, incoming deletions in that folder don&apos;t
show up or, even worse, show up as incorrect incoming deletions in other folders.</thetext>
          </long_desc>
          <long_desc isprivate="0">
            <commentid>28908</commentid>
            <who name="Michael Valenta">Michael_Valenta</who>
            <bug_when>2002-02-27 17:03:44 -0500</bug_when>
            <thetext>Fixed</thetext>
          </long_desc>
          <long_desc isprivate="0">
            <commentid>31399</commentid>
            <who name="Michael Valenta">Michael_Valenta</who>
            <bug_when>2002-03-08 15:31:32 -0500</bug_when>
            <thetext>*** Bug 10517 has been marked as a duplicate of this bug. ***</thetext>
          </long_desc>
          <long_desc isprivate="0">
            <commentid>34810</commentid>
            <who name="Kevin McGuire">Kevin_McGuire</who>
            <bug_when>2002-03-20 16:57:50 -0500</bug_when>
            <thetext>fixed in M4</thetext>
          </long_desc>
      
      

    </bug>

</bugzilla>