<?xml version="1.0" encoding="UTF-8" standalone="yes" ?>


<bugzilla version="4.2.1"
          urlbase="https://bugs.eclipse.org/bugs/"
          
          maintainer="webmaster@eclipse.org"
>

    <bug>
          <bug_id>10416</bug_id>
          
          <creation_ts>2002-02-27 14:13:00 -0500</creation_ts>
          <short_desc>Improved workflow for &quot;Delete&quot;</short_desc>
          <delta_ts>2002-04-09 14:22:16 -0400</delta_ts>
          <reporter_accessible>1</reporter_accessible>
          <cclist_accessible>1</cclist_accessible>
          <classification_id>2</classification_id>
          <classification>Eclipse</classification>
          <product>Platform</product>
          <component>Team</component>
          <version>2.0</version>
          <rep_platform>PC</rep_platform>
          <op_sys>All</op_sys>
          <bug_status>VERIFIED</bug_status>
          <resolution>FIXED</resolution>
          
          
          <bug_file_loc></bug_file_loc>
          <status_whiteboard></status_whiteboard>
          <keywords></keywords>
          <priority>P5</priority>
          <bug_severity>normal</bug_severity>
          <target_milestone>2.0 M5</target_milestone>
          
          <blocked>9324</blocked>
          <everconfirmed>1</everconfirmed>
          <reporter name="Kevin McGuire">Kevin_McGuire</reporter>
          <assigned_to name="Michael Valenta">Michael_Valenta</assigned_to>
          <cc>James_Moody</cc>
    
    <cc>Michael_Valenta</cc>
          
          <votes>0</votes>

      

      

      

          <long_desc isprivate="0">
            <commentid>28819</commentid>
            <who name="Kevin McGuire">Kevin_McGuire</who>
            <bug_when>2002-02-27 14:13:08 -0500</bug_when>
            <thetext>- we should watch for resource deltas
- we should create a task which is &quot;resource was deleted, remember to tell 
server&quot;
- either by using &quot;Fix it&quot; or a custom task action, we can allow the user a 
place to later say &quot;tell the server about the deletion&quot;
- if the user commits the parent (eg. in the sync view) we&apos;ll need to watch for 
that and remove the task</thetext>
          </long_desc>
          <long_desc isprivate="0">
            <commentid>29125</commentid>
            <who name="Michael Valenta">Michael_Valenta</who>
            <bug_when>2002-02-28 11:08:25 -0500</bug_when>
            <thetext>I&apos;ve added code to listen for the delete delta. It currently marks the sync 
info as a deletion.</thetext>
          </long_desc>
          <long_desc isprivate="0">
            <commentid>37913</commentid>
            <who name="Michael Valenta">Michael_Valenta</who>
            <bug_when>2002-04-02 09:55:45 -0500</bug_when>
            <thetext>Here are the changes related to deletions

1) The user will be prompted with a warning on deletion of files to indicate 
that the file will be marked as an outgoing deletion. An information marker 
will appear in the task view which indicates this. The user can use the Auto 
Fix item in the task&apos;s context menu to restore the file (from the server or 
local history) or commit the deletion. The user can also commit the deletion as 
before (Commit on ancestor in Team menu or Sync view) as well.

2) A similar warning will appear for folder deletions. However, the folders 
themselves will not be deleted and files in the folders will appear as outgoing 
deletions. On commit, any empty folders that contained outgoing deletions will 
be pruned.

3) When files are added to a folder shared with CVS, an information marker will 
appear in the task view until the file is either added to CVS control or 
ignored (Autofix items are available for this).

Options are available in the CVS preferences page to disable both the prompting 
and markers.</thetext>
          </long_desc>
          <long_desc isprivate="0">
            <commentid>40062</commentid>
            <who name="James Moody">James_Moody</who>
            <bug_when>2002-04-09 14:22:16 -0400</bug_when>
            <thetext>Verified.</thetext>
          </long_desc>
      
      

    </bug>

</bugzilla>