<?xml version="1.0" encoding="UTF-8" standalone="yes" ?>


<bugzilla version="4.2.1"
          urlbase="https://bugs.eclipse.org/bugs/"
          
          maintainer="webmaster@eclipse.org"
>

    <bug>
          <bug_id>10288</bug_id>
          
          <creation_ts>2002-02-26 13:28:00 -0500</creation_ts>
          <short_desc>[PropertiesView] Need a way to tab between property values</short_desc>
          <delta_ts>2002-09-11 17:23:08 -0400</delta_ts>
          <reporter_accessible>1</reporter_accessible>
          <cclist_accessible>1</cclist_accessible>
          <classification_id>2</classification_id>
          <classification>Eclipse</classification>
          <product>Platform</product>
          <component>UI</component>
          <version>2.0</version>
          <rep_platform>All</rep_platform>
          <op_sys>All</op_sys>
          <bug_status>RESOLVED</bug_status>
          <resolution>FIXED</resolution>
          
          
          <bug_file_loc></bug_file_loc>
          <status_whiteboard></status_whiteboard>
          <keywords>usability</keywords>
          <priority>P2</priority>
          <bug_severity>normal</bug_severity>
          <target_milestone>---</target_milestone>
          
          
          <everconfirmed>1</everconfirmed>
          <reporter name="Jim Amsden">jamsden</reporter>
          <assigned_to name="Chris McLaren">csmclaren</assigned_to>
          
          
          <votes>0</votes>

      

      

      

          <long_desc isprivate="0">
            <commentid>28172</commentid>
            <who name="Jim Amsden">jamsden</who>
            <bug_when>2002-02-26 13:28:54 -0500</bug_when>
            <thetext>In the properties view, there&apos;s no way to move from value to value using the 
keyboard. Tab, shift-tab, or up and down arrow keys should move to the next or 
previous value.</thetext>
          </long_desc>
          <long_desc isprivate="0">
            <commentid>31147</commentid>
            <who name="Kevin Haaland">Kevin_Haaland</who>
            <bug_when>2002-03-07 23:06:33 -0500</bug_when>
            <thetext>This is an accessibility issue. </thetext>
          </long_desc>
          <long_desc isprivate="0">
            <commentid>31827</commentid>
            <who name="Nick Edgar">nick_edgar</who>
            <bug_when>2002-03-11 15:45:52 -0500</bug_when>
            <thetext>The following should work:
- up/down arrow to go to next/prev property
- F2 to edit current property (this is very common in Windows)
- Enter to accept edit
- Esc to cancel edit
- Tab to go to next property

Using arrows or tab should accept any current edit.
</thetext>
          </long_desc>
          <long_desc isprivate="0">
            <commentid>32796</commentid>
            <who name="Tod Creasey">Tod_Creasey</who>
            <bug_when>2002-03-14 13:29:30 -0500</bug_when>
            <thetext>Usability rather than accessibility issue as you can get to it via the keyboard</thetext>
          </long_desc>
          <long_desc isprivate="0">
            <commentid>91765</commentid>
            <who name="Chris McLaren">csmclaren</who>
            <bug_when>2002-09-11 17:23:08 -0400</bug_when>
            <thetext>in eclipse 2.0 tab and shift-tab are used to navigate into and out of the property tree view. 
up and down navigate properties correctly.</thetext>
          </long_desc>
      
      

    </bug>

</bugzilla>