<?xml version="1.0" encoding="UTF-8" standalone="yes" ?>


<bugzilla version="4.2.1"
          urlbase="https://bugs.eclipse.org/bugs/"
          
          maintainer="webmaster@eclipse.org"
>

    <bug>
          <bug_id>10116</bug_id>
          
          <creation_ts>2002-02-22 15:01:00 -0500</creation_ts>
          <short_desc>NL: Rollup 2 WSWD French problems</short_desc>
          <delta_ts>2002-11-18 16:57:11 -0500</delta_ts>
          <reporter_accessible>1</reporter_accessible>
          <cclist_accessible>1</cclist_accessible>
          <classification_id>2</classification_id>
          <classification>Eclipse</classification>
          <product>Platform</product>
          <component>Releng</component>
          <version>2.0</version>
          <rep_platform>PC</rep_platform>
          <op_sys>Windows 2000</op_sys>
          <bug_status>CLOSED</bug_status>
          <resolution>FIXED</resolution>
          
          
          <bug_file_loc></bug_file_loc>
          <status_whiteboard></status_whiteboard>
          <keywords></keywords>
          <priority>P3</priority>
          <bug_severity>normal</bug_severity>
          <target_milestone>---</target_milestone>
          
          
          <everconfirmed>1</everconfirmed>
          <reporter name="Tod Creasey">Tod_Creasey</reporter>
          <assigned_to name="Cam-Thu Le">camle</assigned_to>
          <cc>Kevin_Haaland</cc>
          
          <votes>0</votes>

      

      

      

          <long_desc isprivate="0">
            <commentid>27702</commentid>
            <who name="Tod Creasey">Tod_Creasey</who>
            <bug_when>2002-02-22 15:01:21 -0500</bug_when>
            <thetext>The following actions have the word Shift in the accelerator when they should 
use Maj in French

Previous Error
Add Import 
Organize Imports
Open Type</thetext>
          </long_desc>
          <long_desc isprivate="0">
            <commentid>27703</commentid>
            <who name="Tod Creasey">Tod_Creasey</who>
            <bug_when>2002-02-22 15:04:45 -0500</bug_when>
            <thetext>There is also a mismatch for Next and Previous perspective.

The jface properties file defines these as 

AcceleratorKeys.ArrowUp=FLECHE_HAUT
AcceleratorKeys.ArrowDown=FLECHE_BAS

Yet the next and previous have accelerators 

of Flèche vers le haut 
and Flèche vers le bas

Both of these currently work however but this should be checked
</thetext>
          </long_desc>
          <long_desc isprivate="0">
            <commentid>82972</commentid>
            <who name="Tod Creasey">Tod_Creasey</who>
            <bug_when>2002-07-29 14:30:49 -0400</bug_when>
            <thetext>Verified correct in R2.0 translations</thetext>
          </long_desc>
          <long_desc isprivate="0">
            <commentid>106268</commentid>
            <who name="Cam-Thu Le">camle</who>
            <bug_when>2002-11-18 16:57:11 -0500</bug_when>
            <thetext>Problem closed.</thetext>
          </long_desc>
      
      

    </bug>

</bugzilla>