<?xml version="1.0" encoding="UTF-8" standalone="yes" ?>


<bugzilla version="4.2.1"
          urlbase="https://bugs.eclipse.org/bugs/"
          
          maintainer="webmaster@eclipse.org"
>

    <bug>
          <bug_id>10309</bug_id>
          
          <creation_ts>2002-02-26 16:22:00 -0500</creation_ts>
          <short_desc>Copied class files can&apos;t be opened</short_desc>
          <delta_ts>2002-06-05 13:58:50 -0400</delta_ts>
          <reporter_accessible>1</reporter_accessible>
          <cclist_accessible>1</cclist_accessible>
          <classification_id>2</classification_id>
          <classification>Eclipse</classification>
          <product>JDT</product>
          <component>UI</component>
          <version>2.0</version>
          <rep_platform>PC</rep_platform>
          <op_sys>Windows 2000</op_sys>
          <bug_status>RESOLVED</bug_status>
          <resolution>FIXED</resolution>
          
          
          <bug_file_loc></bug_file_loc>
          <status_whiteboard></status_whiteboard>
          <keywords></keywords>
          <priority>P3</priority>
          <bug_severity>normal</bug_severity>
          <target_milestone>---</target_milestone>
          
          
          <everconfirmed>1</everconfirmed>
          <reporter name="Eduardo Pereira">eduardo_pereira</reporter>
          <assigned_to name="Kai-Uwe Maetzel">kai-uwe_maetzel</assigned_to>
          
          
          <votes>0</votes>

      

      

      

          <long_desc isprivate="0">
            <commentid>28360</commentid>
            <who name="Eduardo Pereira">eduardo_pereira</who>
            <bug_when>2002-02-26 16:22:16 -0500</bug_when>
            <thetext>Build 20020214

- create a X.java file
- build
- it creates a X.class file
- copy it to the same folder
- it gets called &quot;Copy of X.class&quot;
- try to open it
- you get an error dialog: &quot;Invalid resource type for Invalid input for Class 
File Viewer&quot;
- it looks like it&apos;s actually trying to compose two error messages here (it&apos;s 
not english)</thetext>
          </long_desc>
          <long_desc isprivate="0">
            <commentid>28361</commentid>
            <who name="Eduardo Pereira">eduardo_pereira</who>
            <bug_when>2002-02-26 16:22:29 -0500</bug_when>
            <thetext>(Actually filed by Nick)</thetext>
          </long_desc>
          <long_desc isprivate="0">
            <commentid>68885</commentid>
            <who name="Kai-Uwe Maetzel">kai-uwe_maetzel</who>
            <bug_when>2002-06-05 13:58:50 -0400</bug_when>
            <thetext>Build F2.</thetext>
          </long_desc>
      
      

    </bug>

</bugzilla>