<?xml version="1.0" encoding="UTF-8" standalone="yes" ?>


<bugzilla version="4.2.1"
          urlbase="https://bugs.eclipse.org/bugs/"
          
          maintainer="webmaster@eclipse.org"
>

    <bug>
          <bug_id>10647</bug_id>
          
          <creation_ts>2002-03-03 15:21:00 -0500</creation_ts>
          <short_desc>Changing from shared to local flashes tree on launch configurations</short_desc>
          <delta_ts>2009-08-30 02:34:38 -0400</delta_ts>
          <reporter_accessible>1</reporter_accessible>
          <cclist_accessible>1</cclist_accessible>
          <classification_id>2</classification_id>
          <classification>Eclipse</classification>
          <product>JDT</product>
          <component>Debug</component>
          <version>2.0</version>
          <rep_platform>Other</rep_platform>
          <op_sys>other</op_sys>
          <bug_status>CLOSED</bug_status>
          <resolution>WONTFIX</resolution>
          
          
          <bug_file_loc></bug_file_loc>
          <status_whiteboard></status_whiteboard>
          <keywords></keywords>
          <priority>P3</priority>
          <bug_severity>normal</bug_severity>
          <target_milestone>---</target_milestone>
          
          
          <everconfirmed>1</everconfirmed>
          <reporter name="Darin Swanson">Darin_Swanson</reporter>
          <assigned_to name="JDT-Debug-Inbox">jdt-debug-inbox</assigned_to>
          
          
          <votes>0</votes>

      

      

      

          <long_desc isprivate="0">
            <commentid>29631</commentid>
            <who name="Darin Swanson">Darin_Swanson</who>
            <bug_when>2002-03-03 15:21:31 -0500</bug_when>
            <thetext>Set a launch configuration to be shared
Set it back to be local

The tree on the left flashes...looks like something is quickly added and 
removed.</thetext>
          </long_desc>
          <long_desc isprivate="0">
            <commentid>31877</commentid>
            <who name="Darin Swanson">Darin_Swanson</who>
            <bug_when>2002-03-11 17:27:16 -0500</bug_when>
            <thetext>No longer a problem</thetext>
          </long_desc>
          <long_desc isprivate="0">
            <commentid>31878</commentid>
            <who name="Darin Wright">darin.eclipse</who>
            <bug_when>2002-03-11 17:39:30 -0500</bug_when>
            <thetext>I still see a flicker - the problem is that we get an add &amp; delete notification 
pair.</thetext>
          </long_desc>
          <long_desc isprivate="0">
            <commentid>33883</commentid>
            <who name="Joe Szurszewski">eclipse</who>
            <bug_when>2002-03-19 12:17:54 -0500</bug_when>
            <thetext>Reconsider later.</thetext>
          </long_desc>
          <long_desc isprivate="0">
            <commentid>335735</commentid>
            <who name="Darin Wright">darin.eclipse</who>
            <bug_when>2004-08-26 09:50:59 -0400</bug_when>
            <thetext>Closing</thetext>
          </long_desc>
          <long_desc isprivate="0">
            <commentid>1585693</commentid>
            <who name="Eclipse Webmaster">webmaster</who>
            <bug_when>2009-08-30 02:34:38 -0400</bug_when>
            <thetext>As of now &apos;LATER&apos; and &apos;REMIND&apos; resolutions are no longer supported.
Please reopen this bug if it is still valid for you.</thetext>
          </long_desc>
      
      

    </bug>

</bugzilla>