<?xml version="1.0" encoding="UTF-8" standalone="yes" ?>


<bugzilla version="4.2.1"
          urlbase="https://bugs.eclipse.org/bugs/"
          
          maintainer="webmaster@eclipse.org"
>

    <bug>
          <bug_id>10493</bug_id>
          
          <creation_ts>2002-02-28 11:35:00 -0500</creation_ts>
          <short_desc>Image Analyzer SWT Example has no Print Dialog</short_desc>
          <delta_ts>2002-02-28 13:12:02 -0500</delta_ts>
          <reporter_accessible>1</reporter_accessible>
          <cclist_accessible>1</cclist_accessible>
          <classification_id>2</classification_id>
          <classification>Eclipse</classification>
          <product>Platform</product>
          <component>SWT</component>
          <version>2.0</version>
          <rep_platform>Sun</rep_platform>
          <op_sys>Solaris</op_sys>
          <bug_status>RESOLVED</bug_status>
          <resolution>WORKSFORME</resolution>
          
          
          <bug_file_loc></bug_file_loc>
          <status_whiteboard></status_whiteboard>
          <keywords></keywords>
          <priority>P3</priority>
          <bug_severity>normal</bug_severity>
          <target_milestone>---</target_milestone>
          
          
          <everconfirmed>1</everconfirmed>
          <reporter name="Justin Noel">justin</reporter>
          <assigned_to name="Mike Wilson">Mike_Wilson</assigned_to>
          
          
          <votes>0</votes>

      

      

      

          <long_desc isprivate="0">
            <commentid>29151</commentid>
            <who name="Justin Noel">justin</who>
            <bug_when>2002-02-28 11:35:40 -0500</bug_when>
            <thetext>Eclipse Drop: December 19th Stable
OS: Solaris 2.7 w/ Sun Recommended Patches
HW: Sun Ultra 60
JRE: Sun 1.3.1
Motif: 2.1
CDE: 1.3

To Reproduce:
Run ImageAnalyzer SWT Example
Open an Image
File -&gt; Print
Failure
Nothing Happens</thetext>
          </long_desc>
          <long_desc isprivate="0">
            <commentid>29220</commentid>
            <who name="Mike Wilson">Mike_Wilson</who>
            <bug_when>2002-02-28 13:12:02 -0500</bug_when>
            <thetext>Printing hasn&apos;t been implemented on Solaris.

The example could presumably gray out the menu item, but it currently just 
silently does nothing when there is no printing support, so the code is 
behaving &quot;correctly&quot;.</thetext>
          </long_desc>
      
      

    </bug>

</bugzilla>