<?xml version="1.0" encoding="UTF-8" standalone="yes" ?>


<bugzilla version="4.2.1"
          urlbase="https://bugs.eclipse.org/bugs/"
          
          maintainer="webmaster@eclipse.org"
>

    <bug>
          <bug_id>10191</bug_id>
          
          <creation_ts>2002-02-25 12:31:00 -0500</creation_ts>
          <short_desc>[Perspectives] Save Perspective As Dialog needs group for list widget</short_desc>
          <delta_ts>2002-11-05 14:25:11 -0500</delta_ts>
          <reporter_accessible>1</reporter_accessible>
          <cclist_accessible>1</cclist_accessible>
          <classification_id>2</classification_id>
          <classification>Eclipse</classification>
          <product>Platform</product>
          <component>UI</component>
          <version>2.0</version>
          <rep_platform>PC</rep_platform>
          <op_sys>Windows 2000</op_sys>
          <bug_status>RESOLVED</bug_status>
          <resolution>WONTFIX</resolution>
          
          
          <bug_file_loc></bug_file_loc>
          <status_whiteboard></status_whiteboard>
          <keywords>accessibility, investigate</keywords>
          <priority>P2</priority>
          <bug_severity>normal</bug_severity>
          <target_milestone>---</target_milestone>
          <dependson>10760</dependson>
          
          <everconfirmed>1</everconfirmed>
          <reporter name="Tod Creasey">Tod_Creasey</reporter>
          <assigned_to name="Eduardo Pereira">eduardo_pereira</assigned_to>
          <cc>nick_edgar</cc>
          
          <votes>0</votes>

      

      

      

          <long_desc isprivate="0">
            <commentid>27855</commentid>
            <who name="Tod Creasey">Tod_Creasey</who>
            <bug_when>2002-02-25 12:31:41 -0500</bug_when>
            <thetext>The title for the List Widget in the Save Perspective As dialog should be a 
group so that JAWS reads it.</thetext>
          </long_desc>
          <long_desc isprivate="0">
            <commentid>30535</commentid>
            <who name="Tod Creasey">Tod_Creasey</who>
            <bug_when>2002-03-06 10:31:01 -0500</bug_when>
            <thetext>No - just needs the Tree labelling to work</thetext>
          </long_desc>
          <long_desc isprivate="0">
            <commentid>30634</commentid>
            <who name="Nick Edgar">nick_edgar</who>
            <bug_when>2002-03-06 13:59:27 -0500</bug_when>
            <thetext>Table labeling?</thetext>
          </long_desc>
          <long_desc isprivate="0">
            <commentid>30639</commentid>
            <who name="Tod Creasey">Tod_Creasey</who>
            <bug_when>2002-03-06 14:05:27 -0500</bug_when>
            <thetext>Right - Tree and Table labelling are both being addressed by SWT</thetext>
          </long_desc>
          <long_desc isprivate="0">
            <commentid>32795</commentid>
            <who name="Tod Creasey">Tod_Creasey</who>
            <bug_when>2002-03-14 13:28:50 -0500</bug_when>
            <thetext>Defer. Works as OS.</thetext>
          </long_desc>
          <long_desc isprivate="0">
            <commentid>85119</commentid>
            <who name="Randy Giffen">Randy_Giffen</who>
            <bug_when>2002-08-09 12:57:50 -0400</bug_when>
            <thetext>Reopen to investigate</thetext>
          </long_desc>
          <long_desc isprivate="0">
            <commentid>102510</commentid>
            <who name="Nick Edgar">nick_edgar</who>
            <bug_when>2002-11-05 14:25:11 -0500</bug_when>
            <thetext>Don&apos;t want to use a group for tables or lists.</thetext>
          </long_desc>
      
      

    </bug>

</bugzilla>