<?xml version="1.0" encoding="UTF-8" standalone="yes" ?>


<bugzilla version="4.2.1"
          urlbase="https://bugs.eclipse.org/bugs/"
          
          maintainer="webmaster@eclipse.org"
>

    <bug>
          <bug_id>10127</bug_id>
          
          <creation_ts>2002-02-22 19:13:00 -0500</creation_ts>
          <short_desc>Key bindings don&apos;t work when stopped at first breakpoint</short_desc>
          <delta_ts>2002-02-26 15:43:31 -0500</delta_ts>
          <reporter_accessible>1</reporter_accessible>
          <cclist_accessible>1</cclist_accessible>
          <classification_id>2</classification_id>
          <classification>Eclipse</classification>
          <product>Platform</product>
          <component>Debug</component>
          <version>2.0</version>
          <rep_platform>PC</rep_platform>
          <op_sys>Windows 2000</op_sys>
          <bug_status>RESOLVED</bug_status>
          <resolution>DUPLICATE</resolution>
          <dup_id>7507</dup_id>
          
          <bug_file_loc></bug_file_loc>
          <status_whiteboard></status_whiteboard>
          <keywords></keywords>
          <priority>P3</priority>
          <bug_severity>normal</bug_severity>
          <target_milestone>---</target_milestone>
          
          
          <everconfirmed>1</everconfirmed>
          <reporter name="Bob Foster">bob</reporter>
          <assigned_to name="Darin Wright">darin.eclipse</assigned_to>
          
          
          <votes>0</votes>

      

      

      

          <long_desc isprivate="0">
            <commentid>27721</commentid>
            <who name="Bob Foster">bob</who>
            <bug_when>2002-02-22 19:13:54 -0500</bug_when>
            <thetext>When debugger stops at first breakpoint, the keyboard shortcuts for Step Over, 
etc. don&apos;t work. One has to use the menu to advance. After that, they start 
working.</thetext>
          </long_desc>
          <long_desc isprivate="0">
            <commentid>28344</commentid>
            <who name="Darin Wright">darin.eclipse</who>
            <bug_when>2002-02-26 15:43:31 -0500</bug_when>
            <thetext>

*** This bug has been marked as a duplicate of 7507 ***</thetext>
          </long_desc>
      
      

    </bug>

</bugzilla>