<?xml version="1.0" encoding="UTF-8" standalone="yes" ?>


<bugzilla version="4.2.1"
          urlbase="https://bugs.eclipse.org/bugs/"
          
          maintainer="webmaster@eclipse.org"
>

    <bug>
          <bug_id>10231</bug_id>
          
          <creation_ts>2002-02-25 21:09:00 -0500</creation_ts>
          <short_desc>Canceling checkout hangs eclipse</short_desc>
          <delta_ts>2002-04-08 16:52:40 -0400</delta_ts>
          <reporter_accessible>1</reporter_accessible>
          <cclist_accessible>1</cclist_accessible>
          <classification_id>2</classification_id>
          <classification>Eclipse</classification>
          <product>Platform</product>
          <component>Team</component>
          <version>2.0</version>
          <rep_platform>PC</rep_platform>
          <op_sys>Windows XP</op_sys>
          <bug_status>RESOLVED</bug_status>
          <resolution>FIXED</resolution>
          
          
          <bug_file_loc></bug_file_loc>
          <status_whiteboard></status_whiteboard>
          <keywords></keywords>
          <priority>P1</priority>
          <bug_severity>major</bug_severity>
          <target_milestone>2.0 M5</target_milestone>
          
          
          <everconfirmed>1</everconfirmed>
          <reporter name="Nick Edgar">nick_edgar</reporter>
          <assigned_to name="Jeff Brown">jeff_brown</assigned_to>
          <cc>lynne_kues</cc>
    
    <cc>Michael_Valenta</cc>
          
          <votes>0</votes>

      

      

      

          <long_desc isprivate="0">
            <commentid>27973</commentid>
            <who name="Nick Edgar">nick_edgar</who>
            <bug_when>2002-02-25 21:09:31 -0500</bug_when>
            <thetext>Build 20020214

- new workspace
- new repository connection
- load org.eclipse.ui
- in the middle, before autobuild, cancel it
- it hangs (I killed Eclipse after 30 secs)</thetext>
          </long_desc>
          <long_desc isprivate="0">
            <commentid>27974</commentid>
            <who name="Nick Edgar">nick_edgar</who>
            <bug_when>2002-02-25 21:10:07 -0500</bug_when>
            <thetext>This was working from home, over DSL.</thetext>
          </long_desc>
          <long_desc isprivate="0">
            <commentid>30424</commentid>
            <who name="Kevin McGuire">Kevin_McGuire</who>
            <bug_when>2002-03-05 22:07:55 -0500</bug_when>
            <thetext>Reassigned to Mike to investigate since JM busy.
Although this was reported against VCM 1.0 we should ensure we work right for 
Team 2.0.</thetext>
          </long_desc>
          <long_desc isprivate="0">
            <commentid>30707</commentid>
            <who name="Michael Valenta">Michael_Valenta</who>
            <bug_when>2002-03-06 17:12:07 -0500</bug_when>
            <thetext>I have had similar behavior over bad connections. The connection timeout is 60 
seconds and during that time, cancel has no effect since our thread is blocked 
on the read. Were you experiencing long communication delays when this happend?</thetext>
          </long_desc>
          <long_desc isprivate="0">
            <commentid>31301</commentid>
            <who name="Nick Edgar">nick_edgar</who>
            <bug_when>2002-03-08 10:23:39 -0500</bug_when>
            <thetext>I was working from home over Sympatico High Speed (1 Mbps), but the connection 
to eclipse.org was good.
We shouldn&apos;t be talking to the repository in the UI thread anyway.
It would be best to talk to the repository in a non-UI thread, and have a 
periodic timer thread check the cancel status.
</thetext>
          </long_desc>
          <long_desc isprivate="0">
            <commentid>34077</commentid>
            <who name="Kevin McGuire">Kevin_McGuire</who>
            <bug_when>2002-03-19 17:14:44 -0500</bug_when>
            <thetext>Agreed, doing too much work in UI thread is bad on our part.</thetext>
          </long_desc>
          <long_desc isprivate="0">
            <commentid>37728</commentid>
            <who name="Michael Valenta">Michael_Valenta</who>
            <bug_when>2002-04-01 21:49:19 -0500</bug_when>
            <thetext>*** Bug 6607 has been marked as a duplicate of this bug. ***</thetext>
          </long_desc>
          <long_desc isprivate="0">
            <commentid>39655</commentid>
            <who name="Jeff Brown">jeff_brown</who>
            <bug_when>2002-04-08 16:52:40 -0400</bug_when>
            <thetext>Fixed.  Added low-level polling for cancellation.</thetext>
          </long_desc>
      
      

    </bug>

</bugzilla>