<?xml version="1.0" encoding="UTF-8" standalone="yes" ?>


<bugzilla version="4.2.1"
          urlbase="https://bugs.eclipse.org/bugs/"
          
          maintainer="webmaster@eclipse.org"
>

    <bug>
          <bug_id>10246</bug_id>
          
          <creation_ts>2002-02-26 07:49:00 -0500</creation_ts>
          <short_desc>Java Search - Implementors checkbox never enabled</short_desc>
          <delta_ts>2002-02-26 07:52:30 -0500</delta_ts>
          <reporter_accessible>1</reporter_accessible>
          <cclist_accessible>1</cclist_accessible>
          <classification_id>2</classification_id>
          <classification>Eclipse</classification>
          <product>JDT</product>
          <component>UI</component>
          <version>2.0</version>
          <rep_platform>PC</rep_platform>
          <op_sys>Windows 2000</op_sys>
          <bug_status>RESOLVED</bug_status>
          <resolution>DUPLICATE</resolution>
          <dup_id>5279</dup_id>
          
          <bug_file_loc></bug_file_loc>
          <status_whiteboard></status_whiteboard>
          <keywords></keywords>
          <priority>P3</priority>
          <bug_severity>normal</bug_severity>
          <target_milestone>---</target_milestone>
          
          
          <everconfirmed>1</everconfirmed>
          <reporter name="Leon J. Breedt">ljb</reporter>
          <assigned_to name="Erich Gamma">erich_gamma</assigned_to>
          
          
          <votes>0</votes>

      

      

      

          <long_desc isprivate="0">
            <commentid>28007</commentid>
            <who name="Leon J. Breedt">ljb</who>
            <bug_when>2002-02-26 07:49:54 -0500</bug_when>
            <thetext>Build: 20020214

One can never search for classes which implement a specific interface, since 
Implementors is never available to be checked.</thetext>
          </long_desc>
          <long_desc isprivate="0">
            <commentid>28008</commentid>
            <who name="Leon J. Breedt">ljb</who>
            <bug_when>2002-02-26 07:52:30 -0500</bug_when>
            <thetext>

*** This bug has been marked as a duplicate of 5279 ***</thetext>
          </long_desc>
      
      

    </bug>

</bugzilla>