<?xml version="1.0" encoding="UTF-8" standalone="yes" ?>


<bugzilla version="4.2.1"
          urlbase="https://bugs.eclipse.org/bugs/"
          
          maintainer="webmaster@eclipse.org"
>

    <bug>
          <bug_id>10056</bug_id>
          
          <creation_ts>2002-02-21 09:12:00 -0500</creation_ts>
          <short_desc>Pointer declaration treated as statement</short_desc>
          <delta_ts>2009-01-09 14:09:04 -0500</delta_ts>
          <reporter_accessible>1</reporter_accessible>
          <cclist_accessible>1</cclist_accessible>
          <classification_id>4</classification_id>
          <classification>Tools</classification>
          <product>CDT</product>
          <component>cdt-other</component>
          <version>1.0</version>
          <rep_platform>Other</rep_platform>
          <op_sys>other</op_sys>
          <bug_status>CLOSED</bug_status>
          <resolution>FIXED</resolution>
          
          
          <bug_file_loc></bug_file_loc>
          <status_whiteboard></status_whiteboard>
          <keywords></keywords>
          <priority>P3</priority>
          <bug_severity>normal</bug_severity>
          <target_milestone>2.0 - Release</target_milestone>
          
          
          <everconfirmed>1</everconfirmed>
          <reporter name="Jeff Turnham">turnham</reporter>
          <assigned_to name="Jeff Turnham">turnham</assigned_to>
          
          
          <votes>0</votes>

      

      

      

          <long_desc isprivate="0">
            <commentid>27580</commentid>
            <who name="Jeff Turnham">turnham</who>
            <bug_when>2002-02-21 09:12:10 -0500</bug_when>
            <thetext>int foo()
{
 A* b;
}

The line &quot;A* b;&quot; is treated as a statement instead of a declaration of b.</thetext>
          </long_desc>
          <long_desc isprivate="0">
            <commentid>61778</commentid>
            <who name="Jeff Turnham">turnham</who>
            <bug_when>2002-05-28 13:16:53 -0400</bug_when>
            <thetext>No longer an issue under the new parser design</thetext>
          </long_desc>
          <long_desc isprivate="0">
            <commentid>61779</commentid>
            <who name="Jeff Turnham">turnham</who>
            <bug_when>2002-05-28 13:17:07 -0400</bug_when>
            <thetext>Closing</thetext>
          </long_desc>
      
      

    </bug>

</bugzilla>