<?xml version="1.0" encoding="UTF-8" standalone="yes" ?>


<bugzilla version="4.2.1"
          urlbase="https://bugs.eclipse.org/bugs/"
          
          maintainer="webmaster@eclipse.org"
>

    <bug>
          <bug_id>10429</bug_id>
          
          <creation_ts>2002-02-27 15:26:00 -0500</creation_ts>
          <short_desc>Plugin Manifest Editor thinks it&apos;s read-only</short_desc>
          <delta_ts>2002-10-04 13:35:43 -0400</delta_ts>
          <reporter_accessible>1</reporter_accessible>
          <cclist_accessible>1</cclist_accessible>
          <classification_id>2</classification_id>
          <classification>Eclipse</classification>
          <product>PDE</product>
          <component>UI</component>
          <version>2.0</version>
          <rep_platform>PC</rep_platform>
          <op_sys>Windows NT</op_sys>
          <bug_status>RESOLVED</bug_status>
          <resolution>WORKSFORME</resolution>
          
          
          <bug_file_loc></bug_file_loc>
          <status_whiteboard></status_whiteboard>
          <keywords></keywords>
          <priority>P3</priority>
          <bug_severity>normal</bug_severity>
          <target_milestone>---</target_milestone>
          
          
          <everconfirmed>1</everconfirmed>
          <reporter name="Peter Burka">peter_burka</reporter>
          <assigned_to name="Wassim Melhem">wassim.melhem</assigned_to>
          
          
          <votes>0</votes>

      

      

      

          <long_desc isprivate="0">
            <commentid>28858</commentid>
            <who name="Peter Burka">peter_burka</who>
            <bug_when>2002-02-27 15:26:21 -0500</bug_when>
            <thetext>For some reason, the Plugin Manifest Editor thinks that one of my plugin.xml 
files is read-only.

This has exposed two problems:

#1 - there&apos;s no apparent reason for it to think that this file is read-only.  I 
can edit the file with the text editor, it&apos;s property sheet says that it is 
editable, and the project is not read-only.

#2 - on the &apos;Dependencies&apos; page, the &apos;New...&apos; (required plug-in) button is 
grayed out, but I can still select &apos;New...&apos; from the Required Plug-ins list&apos;s 
context menu.  However if I try to add a new dependency from the dialog I get 
an error dialog saying: &apos;Illegal attempt to change read-only plug-in manifest 
model&apos;.  Several of the other items on the context menu are also enabled and 
result in the same error message.

(20020215 stable build)</thetext>
          </long_desc>
          <long_desc isprivate="0">
            <commentid>43176</commentid>
            <who name="Dejan Glozic">dejan</who>
            <bug_when>2002-04-16 14:48:44 -0400</bug_when>
            <thetext>Peter, did this every happen again?</thetext>
          </long_desc>
          <long_desc isprivate="0">
            <commentid>43181</commentid>
            <who name="Peter Burka">peter_burka</who>
            <bug_when>2002-04-16 14:54:53 -0400</bug_when>
            <thetext>I don&apos;t remember if it happened again, or if it just stayed around for a long 
time.

I eventually &apos;fixed&apos; it by deleting the pluxin.xml file and creating a new 
file with the same content.

Note that exiting and restarting Eclipse did not fix the problem.  I had to 
delete the file.</thetext>
          </long_desc>
          <long_desc isprivate="0">
            <commentid>43214</commentid>
            <who name="Dejan Glozic">dejan</who>
            <bug_when>2002-04-16 15:58:12 -0400</bug_when>
            <thetext>Maybe the file WAS read-only (in the file system)?</thetext>
          </long_desc>
          <long_desc isprivate="0">
            <commentid>43219</commentid>
            <who name="Peter Burka">peter_burka</who>
            <bug_when>2002-04-16 16:04:28 -0400</bug_when>
            <thetext>Unlikely.  When I used the generic text editor I was able to edit the 
plugin.xml file.  Only the PDE Manifest Editor thought that the file was read-
only.

Is it possible that the plugin.xml file was read-only at some point and the 
the PDE cached this information and never updated it when the file became read-
write again?
</thetext>
          </long_desc>
          <long_desc isprivate="0">
            <commentid>96652</commentid>
            <who name="Wassim Melhem">wassim.melhem</who>
            <bug_when>2002-10-04 13:35:43 -0400</bug_when>
            <thetext>Closing...Please re-open if it happened ever again.</thetext>
          </long_desc>
      
      

    </bug>

</bugzilla>