<?xml version="1.0" encoding="UTF-8" standalone="yes" ?>


<bugzilla version="4.2.1"
          urlbase="https://bugs.eclipse.org/bugs/"
          
          maintainer="webmaster@eclipse.org"
>

    <bug>
          <bug_id>10343</bug_id>
          
          <creation_ts>2002-02-26 23:33:00 -0500</creation_ts>
          <short_desc>Pragma directives</short_desc>
          <delta_ts>2008-02-13 08:06:10 -0500</delta_ts>
          <reporter_accessible>1</reporter_accessible>
          <cclist_accessible>1</cclist_accessible>
          <classification_id>4</classification_id>
          <classification>Tools</classification>
          <product>CDT</product>
          <component>cdt-core</component>
          <version>2.0</version>
          <rep_platform>All</rep_platform>
          <op_sys>All</op_sys>
          <bug_status>RESOLVED</bug_status>
          <resolution>FIXED</resolution>
          
          
          <bug_file_loc></bug_file_loc>
          <status_whiteboard></status_whiteboard>
          <keywords></keywords>
          <priority>P4</priority>
          <bug_severity>enhancement</bug_severity>
          <target_milestone>---</target_milestone>
          
          
          <everconfirmed>1</everconfirmed>
          <reporter name="Brian Thomson">thomson</reporter>
          <assigned_to name="John Camelon">jcamelon</assigned_to>
          <cc>johan.walles</cc>
          
          <votes>0</votes>

      

      

      

          <long_desc isprivate="0">
            <commentid>28408</commentid>
            <who name="Brian Thomson">thomson</who>
            <bug_when>2002-02-26 23:33:56 -0500</bug_when>
            <thetext>Pragma directives. Investigation needs to be done to determine if any compiler
pragmas should be supported by the parser.</thetext>
          </long_desc>
          <long_desc isprivate="0">
            <commentid>169048</commentid>
            <who name="Sebastien Marineau">sebastien</who>
            <bug_when>2003-06-25 07:03:28 -0400</bug_when>
            <thetext>Moving this to Doug/John to determine if this is relevant to the new
CDT and new parser.</thetext>
          </long_desc>
          <long_desc isprivate="0">
            <commentid>197403</commentid>
            <who name="John Camelon">jcamelon</who>
            <bug_when>2003-10-23 20:50:15 -0400</bug_when>
            <thetext>Doug, you can assign this to me, I&apos;m revisiting preprocessor/pragmas this 
month. </thetext>
          </long_desc>
          <long_desc isprivate="0">
            <commentid>197737</commentid>
            <who name="John Camelon">jcamelon</who>
            <bug_when>2003-10-26 02:45:23 -0500</bug_when>
            <thetext>Out of interest, what would you want us to do with pragmas? 
We could add it to the callback if clients are interested in them, but I am 
not sure what current clients would want the information for.  </thetext>
          </long_desc>
          <long_desc isprivate="0">
            <commentid>225994</commentid>
            <who name="John Camelon">jcamelon</who>
            <bug_when>2004-02-11 20:16:14 -0500</bug_when>
            <thetext>Without a purpose to such a change, this enhancement request has no bearing on 
2.0.  </thetext>
          </long_desc>
          <long_desc isprivate="0">
            <commentid>1007953</commentid>
            <who name="Doug Schaefer">dschaefer</who>
            <bug_when>2007-06-22 12:56:13 -0400</bug_when>
            <thetext>LATER/REMIND are deprecated. Changing to reopened milestone &apos;--&apos;</thetext>
          </long_desc>
          <long_desc isprivate="0">
            <commentid>1155844</commentid>
            <who name="Markus Schorn">markus.schorn</who>
            <bug_when>2008-02-13 08:06:10 -0500</bug_when>
            <thetext>Pragma directives have been part of the AST for a while.</thetext>
          </long_desc>
      
      

    </bug>

</bugzilla>