<?xml version="1.0" encoding="UTF-8" standalone="yes" ?>


<bugzilla version="4.2.1"
          urlbase="https://bugs.eclipse.org/bugs/"
          
          maintainer="webmaster@eclipse.org"
>

    <bug>
          <bug_id>10211</bug_id>
          
          <creation_ts>2002-02-25 16:16:00 -0500</creation_ts>
          <short_desc>Workspace title doesn&apos;t reveal Workspace location</short_desc>
          <delta_ts>2002-04-22 14:07:51 -0400</delta_ts>
          <reporter_accessible>1</reporter_accessible>
          <cclist_accessible>1</cclist_accessible>
          <classification_id>2</classification_id>
          <classification>Eclipse</classification>
          <product>Platform</product>
          <component>UI</component>
          <version>1.0</version>
          <rep_platform>All</rep_platform>
          <op_sys>All</op_sys>
          <bug_status>RESOLVED</bug_status>
          <resolution>FIXED</resolution>
          
          
          <bug_file_loc></bug_file_loc>
          <status_whiteboard></status_whiteboard>
          <keywords></keywords>
          <priority>P3</priority>
          <bug_severity>enhancement</bug_severity>
          <target_milestone>---</target_milestone>
          
          
          <everconfirmed>1</everconfirmed>
          <reporter name="OTI Support">support</reporter>
          <assigned_to name="Kevin Haaland">Kevin_Haaland</assigned_to>
          <cc>jon_eschinger</cc>
    
    <cc>judy_mullins</cc>
          
          <votes>0</votes>

      

      

      

          <long_desc isprivate="0">
            <commentid>27916</commentid>
            <who name="OTI Support">support</who>
            <bug_when>2002-02-25 16:16:18 -0500</bug_when>
            <thetext>Request to have the workbench title reveal the workspace location.  How else can 
we know which workspace we have open?</thetext>
          </long_desc>
          <long_desc isprivate="0">
            <commentid>32589</commentid>
            <who name="Jane Fung">jcyfung</who>
            <bug_when>2002-03-13 18:39:52 -0500</bug_when>
            <thetext>Hi,  I poked around the code a bit.  Here is how we can fix this problem.

In org.eclipse.ui.internal.WorkbenchWindow Class,
Add the import line 
	import org.eclipse.core.runtime.Platform;

Change the line for defining String title in  updateTitle() method to the 
following:
	FROM
		String title = workbench.getProductInfo().getName();
	TO
		String title =Platform.getLocation().toOSString();

Thanks, Jane</thetext>
          </long_desc>
          <long_desc isprivate="0">
            <commentid>38129</commentid>
            <who name="OTI Support">support</who>
            <bug_when>2002-04-02 18:15:29 -0500</bug_when>
            <thetext>A temporary fix was verified and delivered.   
This functionality may not be preserved in the 2.0 release.

The current e-fix puts &quot;(workspace path)&quot; in the title bar if 
the product was launched with a -data argument.  The efix file 
provided is workbench.jar and prequisites rollup2....the file 
is to be placed in the org.eclipse.ui_1.0.2 directory.</thetext>
          </long_desc>
          <long_desc isprivate="0">
            <commentid>45224</commentid>
            <who name="OTI Support">support</who>
            <bug_when>2002-04-22 14:07:51 -0400</bug_when>
            <thetext>Will this change be implemented into v2.0 or is there some
equivalent planned?</thetext>
          </long_desc>
      
      

    </bug>

</bugzilla>