<?xml version="1.0" encoding="UTF-8" standalone="yes" ?>


<bugzilla version="4.2.1"
          urlbase="https://bugs.eclipse.org/bugs/"
          
          maintainer="webmaster@eclipse.org"
>

    <bug>
          <bug_id>10093</bug_id>
          
          <creation_ts>2002-02-22 02:25:00 -0500</creation_ts>
          <short_desc>[Cell Editors] CellEditor problem with keyboard</short_desc>
          <delta_ts>2002-11-13 08:00:11 -0500</delta_ts>
          <reporter_accessible>1</reporter_accessible>
          <cclist_accessible>1</cclist_accessible>
          <classification_id>2</classification_id>
          <classification>Eclipse</classification>
          <product>Platform</product>
          <component>UI</component>
          <version>2.0</version>
          <rep_platform>PC</rep_platform>
          <op_sys>Windows 2000</op_sys>
          <bug_status>CLOSED</bug_status>
          <resolution>FIXED</resolution>
          
          
          <bug_file_loc></bug_file_loc>
          <status_whiteboard></status_whiteboard>
          <keywords></keywords>
          <priority>P3</priority>
          <bug_severity>normal</bug_severity>
          <target_milestone>---</target_milestone>
          
          
          <everconfirmed>1</everconfirmed>
          <reporter name="Naomi Miyamoto">nmiya</reporter>
          <assigned_to name="Andrew Irvine">airvine</assigned_to>
          
          
          <votes>0</votes>

      

      

      

          <long_desc isprivate="0">
            <commentid>27643</commentid>
            <who name="Naomi Miyamoto">nmiya</who>
            <bug_when>2002-02-22 02:25:48 -0500</bug_when>
            <thetext>I have Table which uses CellEditor and &quot;Add&quot; button on my Dialog.
In widgetSelected handler of &quot;Add&quot; button, I create new item then activate 
CellEditor. It works well when I push &quot;Add&quot; button with mouse. But it has 
problem with keyboard operation.

[Operation]
1. Move focus to &quot;Add&quot; button with [Tab] key.
2. Press [Enter] key.
[Result]
    Item is added but, CellEditor is not activated.
[Expected Result]
    Item is added, CellEditor is activated.

Note:
  If I remain [Enter] key down at Operation 2., I can see CellEditor is 
activated, and CellEditor exits edit mode at KEY_UP.</thetext>
          </long_desc>
          <long_desc isprivate="0">
            <commentid>28047</commentid>
            <who name="Veronika Irvine">veronika_irvine</who>
            <bug_when>2002-02-26 10:56:33 -0500</bug_when>
            <thetext>CellEditor is an abstract class - can you specify which subclass you are using?

CellEditor is a JFace extension using TableEditor so I am reassigning this 
report to the Platform UI team.

I am guessing that the ENTER key up event is being used to close the editor.  
When the editor is activated, it gets focus and the subsequent key up event 
gets sent to the editor which immediately closes it.</thetext>
          </long_desc>
          <long_desc isprivate="0">
            <commentid>28382</commentid>
            <who name="Naomi Miyamoto">nmiya</who>
            <bug_when>2002-02-26 20:06:12 -0500</bug_when>
            <thetext>&gt;CellEditor is an abstract class - can you specify which subclass you are using?
TextCellEditr and ComboBoxCellEditor.</thetext>
          </long_desc>
          <long_desc isprivate="0">
            <commentid>97504</commentid>
            <who name="Andrew Irvine">airvine</who>
            <bug_when>2002-10-09 15:46:13 -0400</bug_when>
            <thetext>I believe this PR has been addressed by PR 14201.  Please verify with a 
release of eclipse after eclipse-SDK-20020612.</thetext>
          </long_desc>
          <long_desc isprivate="0">
            <commentid>104044</commentid>
            <who name="Naomi Miyamoto">nmiya</who>
            <bug_when>2002-11-12 20:24:14 -0500</bug_when>
            <thetext>I checked Version: 2.0.2 and this problem is resolved.
Please close this.</thetext>
          </long_desc>
          <long_desc isprivate="0">
            <commentid>104178</commentid>
            <who name="Andrew Irvine">airvine</who>
            <bug_when>2002-11-13 07:59:35 -0500</bug_when>
            <thetext>Fixed in 2.0.2</thetext>
          </long_desc>
          <long_desc isprivate="0">
            <commentid>104179</commentid>
            <who name="Andrew Irvine">airvine</who>
            <bug_when>2002-11-13 08:00:11 -0500</bug_when>
            <thetext>Closed</thetext>
          </long_desc>
      
      

    </bug>

</bugzilla>