<?xml version="1.0" encoding="UTF-8" standalone="yes" ?>


<bugzilla version="4.2.1"
          urlbase="https://bugs.eclipse.org/bugs/"
          
          maintainer="webmaster@eclipse.org"
>

    <bug>
          <bug_id>10395</bug_id>
          
          <creation_ts>2002-02-27 11:20:00 -0500</creation_ts>
          <short_desc>memory footprint when launching jdk1.4</short_desc>
          <delta_ts>2002-03-13 15:42:59 -0500</delta_ts>
          <reporter_accessible>1</reporter_accessible>
          <cclist_accessible>1</cclist_accessible>
          <classification_id>2</classification_id>
          <classification>Eclipse</classification>
          <product>JDT</product>
          <component>Debug</component>
          <version>2.0</version>
          <rep_platform>PC</rep_platform>
          <op_sys>Windows 2000</op_sys>
          <bug_status>RESOLVED</bug_status>
          <resolution>WORKSFORME</resolution>
          
          
          <bug_file_loc></bug_file_loc>
          <status_whiteboard></status_whiteboard>
          <keywords></keywords>
          <priority>P1</priority>
          <bug_severity>normal</bug_severity>
          <target_milestone>2.0 M4</target_milestone>
          
          
          <everconfirmed>1</everconfirmed>
          <reporter name="Darin Wright">darin.eclipse</reporter>
          <assigned_to name="Darin Wright">darin.eclipse</assigned_to>
          <cc>philippe_mulet</cc>
          
          <votes>0</votes>

      

      

      

          <long_desc isprivate="0">
            <commentid>28692</commentid>
            <who name="Darin Wright">darin.eclipse</who>
            <bug_when>2002-02-27 11:20:26 -0500</bug_when>
            <thetext>Reported by Philippe:

&quot;When launching a run of Eclipse in Eclipse, I see the memory usage of my dev 
IDE (java VM) jump from 80MB to 130MB, when the target only takes about 32MB.
Is there any reason for this to occur ? I would expect no overhead on the dev 
side.&quot; (Run mode, jdk1.4fcs).</thetext>
          </long_desc>
          <long_desc isprivate="0">
            <commentid>28900</commentid>
            <who name="Darin Wright">darin.eclipse</who>
            <bug_when>2002-02-27 16:54:41 -0500</bug_when>
            <thetext>I do not see this behavior. I launched on 1.4, and my host IDE remained 
constant at 60MB, and the target grew to 28MB.</thetext>
          </long_desc>
          <long_desc isprivate="0">
            <commentid>32515</commentid>
            <who name="Darin Wright">darin.eclipse</who>
            <bug_when>2002-03-13 15:42:59 -0500</bug_when>
            <thetext>Closing - unable to reproduce.</thetext>
          </long_desc>
      
      

    </bug>

</bugzilla>