<?xml version="1.0" encoding="UTF-8" standalone="yes" ?>


<bugzilla version="4.2.1"
          urlbase="https://bugs.eclipse.org/bugs/"
          
          maintainer="webmaster@eclipse.org"
>

    <bug>
          <bug_id>10194</bug_id>
          
          <creation_ts>2002-02-25 12:59:00 -0500</creation_ts>
          <short_desc>Openingconnection should be separated by a space in &quot;New repository&quot; dialog.</short_desc>
          <delta_ts>2002-02-25 13:07:07 -0500</delta_ts>
          <reporter_accessible>1</reporter_accessible>
          <cclist_accessible>1</cclist_accessible>
          <classification_id>2</classification_id>
          <classification>Eclipse</classification>
          <product>Platform</product>
          <component>Team</component>
          <version>2.0</version>
          <rep_platform>PC</rep_platform>
          <op_sys>Windows XP</op_sys>
          <bug_status>RESOLVED</bug_status>
          <resolution>DUPLICATE</resolution>
          <dup_id>9850</dup_id>
          
          <bug_file_loc></bug_file_loc>
          <status_whiteboard></status_whiteboard>
          <keywords></keywords>
          <priority>P3</priority>
          <bug_severity>normal</bug_severity>
          <target_milestone>---</target_milestone>
          
          
          <everconfirmed>1</everconfirmed>
          <reporter name="Rodrigo Peretti">rodrigo_peretti</reporter>
          <assigned_to name="Kevin McGuire">Kevin_McGuire</assigned_to>
          
          
          <votes>0</votes>

      

      

      

          <long_desc isprivate="0">
            <commentid>27862</commentid>
            <who name="Rodrigo Peretti">rodrigo_peretti</who>
            <bug_when>2002-02-25 12:59:34 -0500</bug_when>
            <thetext>build 20020214

Create a new repository, a progress dialog appears with these two words 
concatenated.</thetext>
          </long_desc>
          <long_desc isprivate="0">
            <commentid>27863</commentid>
            <who name="James Moody">James_Moody</who>
            <bug_when>2002-02-25 13:07:07 -0500</bug_when>
            <thetext>Already fixed.

*** This bug has been marked as a duplicate of 9850 ***</thetext>
          </long_desc>
      
      

    </bug>

</bugzilla>