<?xml version="1.0" encoding="UTF-8" standalone="yes" ?>


<bugzilla version="4.2.1"
          urlbase="https://bugs.eclipse.org/bugs/"
          
          maintainer="webmaster@eclipse.org"
>

    <bug>
          <bug_id>10534</bug_id>
          
          <creation_ts>2002-02-28 16:50:00 -0500</creation_ts>
          <short_desc>Team -&gt;Merge dialog bugs</short_desc>
          <delta_ts>2002-03-01 11:24:36 -0500</delta_ts>
          <reporter_accessible>1</reporter_accessible>
          <cclist_accessible>1</cclist_accessible>
          <classification_id>2</classification_id>
          <classification>Eclipse</classification>
          <product>Platform</product>
          <component>Team</component>
          <version>2.0</version>
          <rep_platform>PC</rep_platform>
          <op_sys>Windows 2000</op_sys>
          <bug_status>RESOLVED</bug_status>
          <resolution>FIXED</resolution>
          
          
          <bug_file_loc></bug_file_loc>
          <status_whiteboard></status_whiteboard>
          <keywords></keywords>
          <priority>P3</priority>
          <bug_severity>normal</bug_severity>
          <target_milestone>2.0 M4</target_milestone>
          
          
          <everconfirmed>1</everconfirmed>
          <reporter name="Veronika Irvine">veronika_irvine</reporter>
          <assigned_to name="James Moody">James_Moody</assigned_to>
          
          
          <votes>0</votes>

      

      

      

          <long_desc isprivate="0">
            <commentid>29318</commentid>
            <who name="Veronika Irvine">veronika_irvine</who>
            <bug_when>2002-02-28 16:50:40 -0500</bug_when>
            <thetext>Team 2.0
Eclipse 20020226-I

Merge Dialog
1) Too high - can barely see buttons (in 1152 x 864)
2) No dialog trim (e.g. close button, title)
3) Items do not appear to be sorted.</thetext>
          </long_desc>
          <long_desc isprivate="0">
            <commentid>29476</commentid>
            <who name="James Moody">James_Moody</who>
            <bug_when>2002-03-01 11:24:36 -0500</bug_when>
            <thetext>1) Fixed.
2) No dialog trim is consistent with every other wizard in Eclipse, not changing.
3) Fixed.</thetext>
          </long_desc>
      
      

    </bug>

</bugzilla>