<?xml version="1.0" encoding="UTF-8" standalone="yes" ?>


<bugzilla version="4.2.1"
          urlbase="https://bugs.eclipse.org/bugs/"
          
          maintainer="webmaster@eclipse.org"
>

    <bug>
          <bug_id>10170</bug_id>
          
          <creation_ts>2002-02-25 11:00:00 -0500</creation_ts>
          <short_desc>Externalize strings doesn&apos;t insert CR into properties file</short_desc>
          <delta_ts>2002-03-12 12:59:43 -0500</delta_ts>
          <reporter_accessible>1</reporter_accessible>
          <cclist_accessible>1</cclist_accessible>
          <classification_id>2</classification_id>
          <classification>Eclipse</classification>
          <product>JDT</product>
          <component>UI</component>
          <version>1.0</version>
          <rep_platform>PC</rep_platform>
          <op_sys>Linux</op_sys>
          <bug_status>RESOLVED</bug_status>
          <resolution>FIXED</resolution>
          
          
          <bug_file_loc></bug_file_loc>
          <status_whiteboard></status_whiteboard>
          <keywords></keywords>
          <priority>P2</priority>
          <bug_severity>normal</bug_severity>
          <target_milestone>2.0 M5</target_milestone>
          
          
          <everconfirmed>1</everconfirmed>
          <reporter name="James Moody">James_Moody</reporter>
          <assigned_to name="Adam Kiezun">akiezun</assigned_to>
          <cc>nick_edgar</cc>
          
          <votes>0</votes>

      

      

      

          <long_desc isprivate="0">
            <commentid>27808</commentid>
            <who name="James Moody">James_Moody</who>
            <bug_when>2002-02-25 11:00:25 -0500</bug_when>
            <thetext>If the properties file doesn&apos;t end with a CR, using externalize strings will
result in two strings on the same line in the properties file. It should insert
a CR before the new strings, if necesary.</thetext>
          </long_desc>
          <long_desc isprivate="0">
            <commentid>32042</commentid>
            <who name="Adam Kiezun">akiezun</who>
            <bug_when>2002-03-12 10:26:12 -0500</bug_when>
            <thetext>fixed</thetext>
          </long_desc>
          <long_desc isprivate="0">
            <commentid>32145</commentid>
            <who name="Adam Kiezun">akiezun</who>
            <bug_when>2002-03-12 12:59:43 -0500</bug_when>
            <thetext>*** Bug 4043 has been marked as a duplicate of this bug. ***</thetext>
          </long_desc>
      
      

    </bug>

</bugzilla>