<?xml version="1.0" encoding="UTF-8" standalone="yes" ?>


<bugzilla version="4.2.1"
          urlbase="https://bugs.eclipse.org/bugs/"
          
          maintainer="webmaster@eclipse.org"
>

    <bug>
          <bug_id>10143</bug_id>
          
          <creation_ts>2002-02-24 17:44:00 -0500</creation_ts>
          <short_desc>Easy fix to ant pluging.xml to make junit optional task work</short_desc>
          <delta_ts>2002-04-08 14:39:30 -0400</delta_ts>
          <reporter_accessible>1</reporter_accessible>
          <cclist_accessible>1</cclist_accessible>
          <classification_id>2</classification_id>
          <classification>Eclipse</classification>
          <product>Platform</product>
          <component>Ant</component>
          <version>2.0</version>
          <rep_platform>PC</rep_platform>
          <op_sys>Windows 2000</op_sys>
          <bug_status>RESOLVED</bug_status>
          <resolution>WONTFIX</resolution>
          
          
          <bug_file_loc></bug_file_loc>
          <status_whiteboard></status_whiteboard>
          <keywords></keywords>
          <priority>P3</priority>
          <bug_severity>normal</bug_severity>
          <target_milestone>2.0 M5</target_milestone>
          
          
          <everconfirmed>1</everconfirmed>
          <reporter name="Rasmus Lund">rasmus</reporter>
          <assigned_to name="DJ Houghton">dj_houghton</assigned_to>
          
          
          <votes>0</votes>

      

      

      

          <long_desc isprivate="0">
            <commentid>27753</commentid>
            <who name="Rasmus Lund">rasmus</who>
            <bug_when>2002-02-24 17:44:44 -0500</bug_when>
            <thetext>Please change eclipse/plugins/org.apache.ant/plugin.xml from:

&lt;requires&gt;
	&lt;import plugin=&quot;org.apache.xerces&quot;/&gt;
&lt;/requires&gt;

To:

&lt;requires&gt;
	&lt;import plugin=&quot;org.apache.xerces&quot;/&gt;
	&lt;import plugin=&quot;org.junit&quot;/&gt;
&lt;/requires&gt;

This should make the junit ant task work ;-)</thetext>
          </long_desc>
          <long_desc isprivate="0">
            <commentid>39570</commentid>
            <who name="Rodrigo Peretti">rodrigo_peretti</who>
            <bug_when>2002-04-08 14:39:30 -0400</bug_when>
            <thetext>With integration build &gt;=20020409 you&apos;ll be able to add junit.jar to the Ant 
classpath and get the same behaviour.
Closing.
</thetext>
          </long_desc>
      
      

    </bug>

</bugzilla>