<?xml version="1.0" encoding="UTF-8" standalone="yes" ?>


<bugzilla version="4.2.1"
          urlbase="https://bugs.eclipse.org/bugs/"
          
          maintainer="webmaster@eclipse.org"
>

    <bug>
          <bug_id>10131</bug_id>
          
          <creation_ts>2002-02-22 19:40:00 -0500</creation_ts>
          <short_desc>A &quot;Launch Configurations&quot; configuration should be showable on the Run/Debug menu drop downs</short_desc>
          <delta_ts>2002-03-12 10:18:35 -0500</delta_ts>
          <reporter_accessible>1</reporter_accessible>
          <cclist_accessible>1</cclist_accessible>
          <classification_id>2</classification_id>
          <classification>Eclipse</classification>
          <product>JDT</product>
          <component>Debug</component>
          <version>2.0</version>
          <rep_platform>PC</rep_platform>
          <op_sys>Windows 2000</op_sys>
          <bug_status>VERIFIED</bug_status>
          <resolution>FIXED</resolution>
          
          
          <bug_file_loc></bug_file_loc>
          <status_whiteboard></status_whiteboard>
          <keywords></keywords>
          <priority>P3</priority>
          <bug_severity>normal</bug_severity>
          <target_milestone>2.0 M6</target_milestone>
          
          
          <everconfirmed>1</everconfirmed>
          <reporter name="David Corbin">dcorbin</reporter>
          <assigned_to name="Darin Swanson">Darin_Swanson</assigned_to>
          <cc>Darin_Swanson</cc>
          
          <votes>0</votes>

      

      

      

          <long_desc isprivate="0">
            <commentid>27725</commentid>
            <who name="David Corbin">dcorbin</who>
            <bug_when>2002-02-22 19:40:52 -0500</bug_when>
            <thetext>Provide a checkbox for each configuration that lets the user list it on the
Run/Debug button menu dropdowns.</thetext>
          </long_desc>
          <long_desc isprivate="0">
            <commentid>28784</commentid>
            <who name="Adam Kiezun">akiezun</who>
            <bug_when>2002-02-27 13:13:18 -0500</bug_when>
            <thetext>moving to debug</thetext>
          </long_desc>
          <long_desc isprivate="0">
            <commentid>28797</commentid>
            <who name="Darin Wright">darin.eclipse</who>
            <bug_when>2002-02-27 13:43:19 -0500</bug_when>
            <thetext>This is a planned feature.</thetext>
          </long_desc>
          <long_desc isprivate="0">
            <commentid>31844</commentid>
            <who name="Darin Wright">darin.eclipse</who>
            <bug_when>2002-03-11 16:40:59 -0500</bug_when>
            <thetext>Fixed.</thetext>
          </long_desc>
          <long_desc isprivate="0">
            <commentid>31845</commentid>
            <who name="Darin Wright">darin.eclipse</who>
            <bug_when>2002-03-11 16:41:14 -0500</bug_when>
            <thetext>Please verify (Darin S). See &quot;Common&quot; tab.</thetext>
          </long_desc>
          <long_desc isprivate="0">
            <commentid>31862</commentid>
            <who name="Darin Wright">darin.eclipse</who>
            <bug_when>2002-03-11 16:52:00 -0500</bug_when>
            <thetext>*** Bug 11134 has been marked as a duplicate of this bug. ***</thetext>
          </long_desc>
          <long_desc isprivate="0">
            <commentid>32029</commentid>
            <who name="Darin Swanson">Darin_Swanson</who>
            <bug_when>2002-03-12 10:18:35 -0500</bug_when>
            <thetext>Verified.</thetext>
          </long_desc>
      
      

    </bug>

</bugzilla>