<?xml version="1.0" encoding="UTF-8" standalone="yes" ?>


<bugzilla version="4.2.1"
          urlbase="https://bugs.eclipse.org/bugs/"
          
          maintainer="webmaster@eclipse.org"
>

    <bug>
          <bug_id>10437</bug_id>
          
          <creation_ts>2002-02-27 16:19:00 -0500</creation_ts>
          <short_desc>Make use of ListIterator in JavaBreakpoints</short_desc>
          <delta_ts>2002-03-25 11:33:47 -0500</delta_ts>
          <reporter_accessible>1</reporter_accessible>
          <cclist_accessible>1</cclist_accessible>
          <classification_id>2</classification_id>
          <classification>Eclipse</classification>
          <product>JDT</product>
          <component>Debug</component>
          <version>2.0</version>
          <rep_platform>PC</rep_platform>
          <op_sys>Windows 2000</op_sys>
          <bug_status>VERIFIED</bug_status>
          <resolution>FIXED</resolution>
          
          
          <bug_file_loc></bug_file_loc>
          <status_whiteboard></status_whiteboard>
          <keywords></keywords>
          <priority>P3</priority>
          <bug_severity>normal</bug_severity>
          <target_milestone>---</target_milestone>
          
          
          <everconfirmed>1</everconfirmed>
          <reporter name="Darin Swanson">Darin_Swanson</reporter>
          <assigned_to name="Darin Swanson">Darin_Swanson</assigned_to>
          
          
          <votes>0</votes>

      

      

      

          <long_desc isprivate="0">
            <commentid>28881</commentid>
            <who name="Darin Swanson">Darin_Swanson</who>
            <bug_when>2002-02-27 16:19:29 -0500</bug_when>
            <thetext>JavaBreakpoints currently clone requests when iterating over them.  List 
iterators provide the &quot;power&quot; needed to replace a request while iterating.</thetext>
          </long_desc>
          <long_desc isprivate="0">
            <commentid>28882</commentid>
            <who name="Darin Swanson">Darin_Swanson</who>
            <bug_when>2002-02-27 16:19:40 -0500</bug_when>
            <thetext>Please verify changes in JavaBreakpoint and JavaExceptionBreakpoint.</thetext>
          </long_desc>
          <long_desc isprivate="0">
            <commentid>29119</commentid>
            <who name="Jared Burns">jared_burns</who>
            <bug_when>2002-02-28 11:01:44 -0500</bug_when>
            <thetext>Verified.</thetext>
          </long_desc>
          <long_desc isprivate="0">
            <commentid>33822</commentid>
            <who name="Jared Burns">jared_burns</who>
            <bug_when>2002-03-19 11:20:37 -0500</bug_when>
            <thetext>Not all iterators were updated to the listIterator.
JavaBreakpoint#removeFromTarget() can still throw a
ConcurrentModificationException when iterating over its requests.

Need to double-check the breakpoint hierarchy for more instances of this oversight.</thetext>
          </long_desc>
          <long_desc isprivate="0">
            <commentid>33869</commentid>
            <who name="Jared Burns">jared_burns</who>
            <bug_when>2002-03-19 12:00:18 -0500</bug_when>
            <thetext>Fixed. JavaBreakpoints#removeFromTarget() seems to have been the only remaining
problem.</thetext>
          </long_desc>
          <long_desc isprivate="0">
            <commentid>33870</commentid>
            <who name="Jared Burns">jared_burns</who>
            <bug_when>2002-03-19 12:00:30 -0500</bug_when>
            <thetext>Please verify.</thetext>
          </long_desc>
          <long_desc isprivate="0">
            <commentid>34316</commentid>
            <who name="Jared Burns">jared_burns</who>
            <bug_when>2002-03-20 08:56:47 -0500</bug_when>
            <thetext>Put the sensitive code in JavaBreakpoint#removeFromTarget into a workspace
runnable. This should avoid the recent ConcurrentModificationException which was
occurring when marker deltas were being fired inside the list iteration. By
putting the code in a runnable, the deltas won&apos;t be fired (and the list won&apos;t be
modified) until the iteration is done.

Please verify.</thetext>
          </long_desc>
          <long_desc isprivate="0">
            <commentid>36142</commentid>
            <who name="Darin Swanson">Darin_Swanson</who>
            <bug_when>2002-03-25 11:33:47 -0500</bug_when>
            <thetext>Verified.
Test Case:
Have a breakpoint that has an expired hit count.
When the breakpoint is removed from the target, the breakpoint is re-enabled, 
the changeForTarget gets called and the request gets updated/recreated 
needlessly as it is about to be removed from the target.  The recreated request 
is added to the collectoin-&gt; concurrent modification.</thetext>
          </long_desc>
      
      

    </bug>

</bugzilla>