<?xml version="1.0" encoding="UTF-8" standalone="yes" ?>


<bugzilla version="4.2.1"
          urlbase="https://bugs.eclipse.org/bugs/"
          
          maintainer="webmaster@eclipse.org"
>

    <bug>
          <bug_id>10079</bug_id>
          
          <creation_ts>2002-02-21 14:51:00 -0500</creation_ts>
          <short_desc>R1:  Debug session terminates without a warning</short_desc>
          <delta_ts>2002-03-27 11:14:27 -0500</delta_ts>
          <reporter_accessible>1</reporter_accessible>
          <cclist_accessible>1</cclist_accessible>
          <classification_id>4</classification_id>
          <classification>Tools</classification>
          <product>CDT</product>
          <component>cdt-debug</component>
          <version>1.0</version>
          <rep_platform>PC</rep_platform>
          <op_sys>Linux-Motif</op_sys>
          <bug_status>RESOLVED</bug_status>
          <resolution>INVALID</resolution>
          
          
          <bug_file_loc></bug_file_loc>
          <status_whiteboard></status_whiteboard>
          <keywords></keywords>
          <priority>P3</priority>
          <bug_severity>normal</bug_severity>
          <target_milestone>---</target_milestone>
          
          
          <everconfirmed>1</everconfirmed>
          <reporter name="Yasser Elmankabady">eyasser</reporter>
          <assigned_to name="Samantha Chan">chanskw</assigned_to>
          
          
          <votes>0</votes>

      

      

      

          <long_desc isprivate="0">
            <commentid>27611</commentid>
            <who name="Yasser Elmankabady">eyasser</who>
            <bug_when>2002-02-21 14:51:26 -0500</bug_when>
            <thetext>Here is the scenario for this to happen:
1- start a debug session
2- set a breakpoint and then resume
3- point the cursor to a location before the breakpoint
4- RMC and select run to location
5- the debug session will terminate while the user intention was to continue 
the session</thetext>
          </long_desc>
          <long_desc isprivate="0">
            <commentid>34033</commentid>
            <who name="Samantha Chan">chanskw</who>
            <bug_when>2002-03-19 16:17:47 -0500</bug_when>
            <thetext>This is working as designed.
According to Morris, old C++ debugger does the same thing.
Maybe we should add a warning before commencing run to a location before the 
current position.</thetext>
          </long_desc>
          <long_desc isprivate="0">
            <commentid>34516</commentid>
            <who name="Samantha Chan">chanskw</who>
            <bug_when>2002-03-20 12:03:19 -0500</bug_when>
            <thetext>I was going to check the location and return error if user is trying to run 
backwards.  But I don&apos;t think this is such a good idea.  If the program is in a 
loop, user can actually run to a location before its current position.  Having 
the warning message pop up every time user runs backwards may be annoying when 
user is actually debugging a loop.  I am going to close this bug as invalid.
If you think a warning is really necessary, let me know, and I will open a bug 
against UI.</thetext>
          </long_desc>
          <long_desc isprivate="0">
            <commentid>36751</commentid>
            <who name="Yasser Elmankabady">eyasser</who>
            <bug_when>2002-03-27 11:14:27 -0500</bug_when>
            <thetext>I agree, a pop up dialog will be annoying that way, but what if you let the 
debug session continue to the end and instead of terminating, let it terminates 
and restarts again and stop where the breakpoint located. And may be a popup 
dialog in this case will not be that bad as it will only appear once informing 
the user that the session has been restarted. 
Alternatively, if you can keep track of the position of the breakpoints and the 
position of the current debug sessiuon location, then once the user selects a 
breakpoint and would like to invoke the run to location, you can prompt the 
user with the appropriate message indicating that the session will need to go 
backwards.</thetext>
          </long_desc>
      
      

    </bug>

</bugzilla>