<?xml version="1.0" encoding="UTF-8" standalone="yes" ?>


<bugzilla version="4.2.1"
          urlbase="https://bugs.eclipse.org/bugs/"
          
          maintainer="webmaster@eclipse.org"
>

    <bug>
          <bug_id>10310</bug_id>
          
          <creation_ts>2002-02-26 16:46:00 -0500</creation_ts>
          <short_desc>NPE releasing folder deletion</short_desc>
          <delta_ts>2002-03-08 16:31:35 -0500</delta_ts>
          <reporter_accessible>1</reporter_accessible>
          <cclist_accessible>1</cclist_accessible>
          <classification_id>2</classification_id>
          <classification>Eclipse</classification>
          <product>Platform</product>
          <component>Team</component>
          <version>2.0</version>
          <rep_platform>PC</rep_platform>
          <op_sys>Windows 2000</op_sys>
          <bug_status>RESOLVED</bug_status>
          <resolution>WORKSFORME</resolution>
          
          
          <bug_file_loc></bug_file_loc>
          <status_whiteboard></status_whiteboard>
          <keywords></keywords>
          <priority>P1</priority>
          <bug_severity>critical</bug_severity>
          <target_milestone>2.0 M4</target_milestone>
          
          
          <everconfirmed>1</everconfirmed>
          <reporter name="John Arthorne">john_arthorne</reporter>
          <assigned_to name="Jean-Michel Lemieux">jean-michel_lemieux</assigned_to>
          
          
          <votes>0</votes>

      

      

      

          <long_desc isprivate="0">
            <commentid>28365</commentid>
            <who name="John Arthorne">john_arthorne</who>
            <bug_when>2002-02-26 16:46:03 -0500</bug_when>
            <thetext>Build 20020214 team 2.0

1) I started in sync with server
2) Deleted a folder containing several files locally
3) Team-&gt;Synchronize with Stream
4) The deleted things show up as incoming creation
5) Switch to Incoming/Outgoing mode and choose &quot;Commit&quot;

This causes a NPE:

java.lang.NullPointerException
	at 
org.eclipse.team.internal.ccvs.core.resources.CVSRemoteSyncElement.makeOutgoing(
CVSRemoteSyncElement.java:228)
	at 
org.eclipse.team.internal.ccvs.ui.sync.CommitSyncAction.run(CommitSyncAction.jav
a:164)
	at 
org.eclipse.team.internal.ccvs.ui.sync.MergeAction$1.execute(MergeAction.java:10
5)
	at 
org.eclipse.ui.actions.WorkspaceModifyOperation$1.run(WorkspaceModifyOperation.j
ava:64)
	at 
org.eclipse.core.internal.resources.Workspace.run(Workspace.java:1232)
	at 
org.eclipse.ui.actions.WorkspaceModifyOperation.run(WorkspaceModifyOperation.jav
a:78)
	at 
org.eclipse.jface.operation.ModalContext$ModalContextThread.run(ModalContext.jav
a:98)</thetext>
          </long_desc>
          <long_desc isprivate="0">
            <commentid>31434</commentid>
            <who name="Jean-Michel Lemieux">jean-michel_lemieux</who>
            <bug_when>2002-03-08 16:31:35 -0500</bug_when>
            <thetext>Can&apos;t reproduce this bug. Tried the exact scenario and some other 
permutations, and commiting over the incoming addition works fine.</thetext>
          </long_desc>
      
      

    </bug>

</bugzilla>