<?xml version="1.0" encoding="UTF-8" standalone="yes" ?>


<bugzilla version="4.2.1"
          urlbase="https://bugs.eclipse.org/bugs/"
          
          maintainer="webmaster@eclipse.org"
>

    <bug>
          <bug_id>10499</bug_id>
          
          <creation_ts>2002-02-28 12:02:00 -0500</creation_ts>
          <short_desc>DOM/AST: need a way to access the IMethodBinding of a ClassInstanceCreation</short_desc>
          <delta_ts>2002-03-06 11:12:02 -0500</delta_ts>
          <reporter_accessible>1</reporter_accessible>
          <cclist_accessible>1</cclist_accessible>
          <classification_id>2</classification_id>
          <classification>Eclipse</classification>
          <product>JDT</product>
          <component>Core</component>
          <version>2.0</version>
          <rep_platform>PC</rep_platform>
          <op_sys>Windows 2000</op_sys>
          <bug_status>RESOLVED</bug_status>
          <resolution>FIXED</resolution>
          
          
          <bug_file_loc></bug_file_loc>
          <status_whiteboard></status_whiteboard>
          <keywords></keywords>
          <priority>P3</priority>
          <bug_severity>normal</bug_severity>
          <target_milestone>2.0 M4</target_milestone>
          
          
          <everconfirmed>1</everconfirmed>
          <reporter name="Dirk Baeumer">dirk_baeumer</reporter>
          <assigned_to name="Jim des Rivieres">jim_des_rivieres</assigned_to>
          <cc>eclipse</cc>
    
    <cc>Olivier_Thomann</cc>
          
          <votes>0</votes>

      

      

      

          <long_desc isprivate="0">
            <commentid>29170</commentid>
            <who name="Dirk Baeumer">dirk_baeumer</who>
            <bug_when>2002-02-28 12:02:58 -0500</bug_when>
            <thetext>Build 20020226

How do I access the IMethodBinding of the constructor represented by a 
ClassInstanceCreation node ? We need this method binding since a constructor 
can throw exceptions.

I think there should be a method resolveBinding() -&gt; IMethodBinding.</thetext>
          </long_desc>
          <long_desc isprivate="0">
            <commentid>29262</commentid>
            <who name="Jim des Rivieres">jim_des_rivieres</who>
            <bug_when>2002-02-28 14:42:34 -0500</bug_when>
            <thetext>Agreed. There is no way to get a binding for the constructor being invoked.
Presumably the same concern applies to ConstructorInvocation
and SuperConstructorInvocation as well.

I suggest calling the method 
   resolveConstructorBinding() -&gt; IMethodBinding
to make it clear what it is for.

For a ClassInstanceCreation expression that declares an anonymous
class, which constructor binding is expected:
(a) the &apos;anonymous constructor&apos; (JLS 15.9.5.1) of the anonymous class,
or (b) the constructor on the direct superclass.

</thetext>
          </long_desc>
          <long_desc isprivate="0">
            <commentid>29406</commentid>
            <who name="Dirk Baeumer">dirk_baeumer</who>
            <bug_when>2002-03-01 06:05:05 -0500</bug_when>
            <thetext>IMO the method should return the binding of the anonymous constructor</thetext>
          </long_desc>
          <long_desc isprivate="0">
            <commentid>29437</commentid>
            <who name="Olivier Thomann">Olivier_Thomann</who>
            <bug_when>2002-03-01 09:23:29 -0500</bug_when>
            <thetext>Are you aware that this binding can contain synthetic arguments? Is this ok for 
you?</thetext>
          </long_desc>
          <long_desc isprivate="0">
            <commentid>29445</commentid>
            <who name="Dirk Baeumer">dirk_baeumer</who>
            <bug_when>2002-03-01 09:56:50 -0500</bug_when>
            <thetext>Can you give me an example</thetext>
          </long_desc>
          <long_desc isprivate="0">
            <commentid>29573</commentid>
            <who name="Olivier Thomann">Olivier_Thomann</who>
            <bug_when>2002-03-01 17:12:22 -0500</bug_when>
            <thetext>I was wrong. The synthetic arguments are not in the binding. I tried several 
examples that use this$0 or other type of synthetic argument and I don&apos;t get 
them in the binding parameter types. So it is fine.
I released changes that should return the proper method binding.</thetext>
          </long_desc>
          <long_desc isprivate="0">
            <commentid>29857</commentid>
            <who name="Olivier Thomann">Olivier_Thomann</who>
            <bug_when>2002-03-04 12:12:02 -0500</bug_when>
            <thetext>*** Bug 10674 has been marked as a duplicate of this bug. ***</thetext>
          </long_desc>
          <long_desc isprivate="0">
            <commentid>30569</commentid>
            <who name="Olivier Thomann">Olivier_Thomann</who>
            <bug_when>2002-03-06 11:12:02 -0500</bug_when>
            <thetext>Fixed and released in HEAD.</thetext>
          </long_desc>
      
      

    </bug>

</bugzilla>