<?xml version="1.0" encoding="UTF-8" standalone="yes" ?>


<bugzilla version="4.2.1"
          urlbase="https://bugs.eclipse.org/bugs/"
          
          maintainer="webmaster@eclipse.org"
>

    <bug>
          <bug_id>10004</bug_id>
          
          <creation_ts>2002-02-19 13:37:00 -0500</creation_ts>
          <short_desc>Reparse after changing parse properties does nothing</short_desc>
          <delta_ts>2009-01-09 14:09:00 -0500</delta_ts>
          <reporter_accessible>1</reporter_accessible>
          <cclist_accessible>1</cclist_accessible>
          <classification_id>4</classification_id>
          <classification>Tools</classification>
          <product>CDT</product>
          <component>cdt-other</component>
          <version>2.0</version>
          <rep_platform>PC</rep_platform>
          <op_sys>Linux</op_sys>
          <bug_status>RESOLVED</bug_status>
          <resolution>WONTFIX</resolution>
          
          
          <bug_file_loc></bug_file_loc>
          <status_whiteboard></status_whiteboard>
          <keywords></keywords>
          <priority>P3</priority>
          <bug_severity>normal</bug_severity>
          <target_milestone>1.2</target_milestone>
          
          
          <everconfirmed>1</everconfirmed>
          <reporter name="Jeff Turnham">turnham</reporter>
          <assigned_to name="Jeff Turnham">turnham</assigned_to>
          
          
          <votes>0</votes>

      

      

      

          <long_desc isprivate="0">
            <commentid>27493</commentid>
            <who name="Jeff Turnham">turnham</who>
            <bug_when>2002-02-19 13:37:52 -0500</bug_when>
            <thetext>After a parse has been performed, and a parse property is changed (such as the
include path), nothing happens because no time stamps of the parsed files have
changed.  Need to be smarter here.</thetext>
          </long_desc>
          <long_desc isprivate="0">
            <commentid>61812</commentid>
            <who name="Jeff Turnham">turnham</who>
            <bug_when>2002-05-28 13:31:15 -0400</bug_when>
            <thetext>Probably won&apos;t get fixed before R2</thetext>
          </long_desc>
          <long_desc isprivate="0">
            <commentid>169065</commentid>
            <who name="Sebastien Marineau">sebastien</who>
            <bug_when>2003-06-25 07:10:41 -0400</bug_when>
            <thetext>This applies to old CDT, closing as part of cleanup.</thetext>
          </long_desc>
      
      

    </bug>

</bugzilla>