<?xml version="1.0" encoding="UTF-8" standalone="yes" ?>


<bugzilla version="4.2.1"
          urlbase="https://bugs.eclipse.org/bugs/"
          
          maintainer="webmaster@eclipse.org"
>

    <bug>
          <bug_id>10528</bug_id>
          
          <creation_ts>2002-02-28 16:41:00 -0500</creation_ts>
          <short_desc>Bogus plugin version identifier defaults to &apos;1.0.0&apos; in RegistryResolver</short_desc>
          <delta_ts>2002-03-12 10:35:56 -0500</delta_ts>
          <reporter_accessible>1</reporter_accessible>
          <cclist_accessible>1</cclist_accessible>
          <classification_id>2</classification_id>
          <classification>Eclipse</classification>
          <product>Platform</product>
          <component>Resources</component>
          <version>2.0</version>
          <rep_platform>All</rep_platform>
          <op_sys>All</op_sys>
          <bug_status>RESOLVED</bug_status>
          <resolution>FIXED</resolution>
          
          
          <bug_file_loc></bug_file_loc>
          <status_whiteboard></status_whiteboard>
          <keywords></keywords>
          <priority>P3</priority>
          <bug_severity>normal</bug_severity>
          <target_milestone>2.0 M4</target_milestone>
          
          
          <everconfirmed>1</everconfirmed>
          <reporter name="Debbie Wilson">debbie_wilson</reporter>
          <assigned_to name="Debbie Wilson">debbie_wilson</assigned_to>
          <cc>dj_houghton</cc>
          
          <votes>0</votes>

      

      

      

          <long_desc isprivate="0">
            <commentid>29307</commentid>
            <who name="Debbie Wilson">debbie_wilson</who>
            <bug_when>2002-02-28 16:41:57 -0500</bug_when>
            <thetext>If a plugin or a fragment contains a version identifier that is not legal, the 
RegistryResolver will change this to &apos;1.0.0&apos; and not issue an error message.  
See methods:
private PluginVersionIdentifier getVersionIdentifier(PluginDescriptorModel) 
private PluginVersionIdentifier getVersionIdentifier(PluginFragmentModel)</thetext>
          </long_desc>
          <long_desc isprivate="0">
            <commentid>32040</commentid>
            <who name="Debbie Wilson">debbie_wilson</who>
            <bug_when>2002-03-12 10:25:04 -0500</bug_when>
            <thetext>Now, if the RegistryResolver encounters a bad version number it will output an 
error message and change the version number to 0.0.0.  It is hoped that the 
RegistryResolver will not see too many bad version numbers.  By the time RR 
sees a version number it has already been read in as a String, converted to a 
PluginVersionIdentifier and then converted back to String.
</thetext>
          </long_desc>
          <long_desc isprivate="0">
            <commentid>32045</commentid>
            <who name="Debbie Wilson">debbie_wilson</who>
            <bug_when>2002-03-12 10:27:17 -0500</bug_when>
            <thetext>For build 20020312.

</thetext>
          </long_desc>
      
      

    </bug>

</bugzilla>