<?xml version="1.0" encoding="UTF-8" standalone="yes" ?>


<bugzilla version="4.2.1"
          urlbase="https://bugs.eclipse.org/bugs/"
          
          maintainer="webmaster@eclipse.org"
>

    <bug>
          <bug_id>10336</bug_id>
          
          <creation_ts>2002-02-26 22:50:00 -0500</creation_ts>
          <short_desc>Makefile.am view</short_desc>
          <delta_ts>2009-01-09 14:10:25 -0500</delta_ts>
          <reporter_accessible>1</reporter_accessible>
          <cclist_accessible>1</cclist_accessible>
          <classification_id>4</classification_id>
          <classification>Tools</classification>
          <product>CDT</product>
          <component>cdt-other</component>
          <version>2.0</version>
          <rep_platform>All</rep_platform>
          <op_sys>All</op_sys>
          <bug_status>RESOLVED</bug_status>
          <resolution>WONTFIX</resolution>
          
          
          <bug_file_loc></bug_file_loc>
          <status_whiteboard></status_whiteboard>
          <keywords></keywords>
          <priority>P2</priority>
          <bug_severity>enhancement</bug_severity>
          <target_milestone>Future</target_milestone>
          
          
          <everconfirmed>1</everconfirmed>
          <reporter name="Brian Thomson">thomson</reporter>
          <assigned_to name="Yasser Elmankabady">eyasser</assigned_to>
          
          
          <votes>0</votes>

      

      

      

          <long_desc isprivate="0">
            <commentid>28400</commentid>
            <who name="Brian Thomson">thomson</who>
            <bug_when>2002-02-26 22:50:53 -0500</bug_when>
            <thetext>Makefile.am view (build target, change target type, etc.).  A view of the
Makefile.am, which will facilitate the building/modification of Makefile.am
files. In addition, there will be a number of actions that can be invoked on the
Makefile.am targets from the view. These action includes: build, rename, add,
copy and delete to name a few</thetext>
          </long_desc>
          <long_desc isprivate="0">
            <commentid>169053</commentid>
            <who name="Sebastien Marineau">sebastien</who>
            <bug_when>2003-06-25 07:06:58 -0400</bug_when>
            <thetext>This applies to old CDT, closing as part of cleanup.</thetext>
          </long_desc>
      
      

    </bug>

</bugzilla>