<?xml version="1.0" encoding="UTF-8" standalone="yes" ?>


<bugzilla version="4.2.1"
          urlbase="https://bugs.eclipse.org/bugs/"
          
          maintainer="webmaster@eclipse.org"
>

    <bug>
          <bug_id>10592</bug_id>
          
          <creation_ts>2002-03-01 11:40:00 -0500</creation_ts>
          <short_desc>ast: NPE in SingleVariableDeclaration::resolveBinding</short_desc>
          <delta_ts>2002-03-01 15:11:51 -0500</delta_ts>
          <reporter_accessible>1</reporter_accessible>
          <cclist_accessible>1</cclist_accessible>
          <classification_id>2</classification_id>
          <classification>Eclipse</classification>
          <product>JDT</product>
          <component>Core</component>
          <version>2.0</version>
          <rep_platform>PC</rep_platform>
          <op_sys>Windows 2000</op_sys>
          <bug_status>RESOLVED</bug_status>
          <resolution>FIXED</resolution>
          
          
          <bug_file_loc></bug_file_loc>
          <status_whiteboard></status_whiteboard>
          <keywords></keywords>
          <priority>P3</priority>
          <bug_severity>normal</bug_severity>
          <target_milestone>2.0 M4</target_milestone>
          
          
          <everconfirmed>1</everconfirmed>
          <reporter name="Adam Kiezun">akiezun</reporter>
          <assigned_to name="Olivier Thomann">Olivier_Thomann</assigned_to>
          
          
          <votes>0</votes>

      

      

      

          <long_desc isprivate="0">
            <commentid>29484</commentid>
            <who name="Adam Kiezun">akiezun</who>
            <bug_when>2002-03-01 11:40:23 -0500</bug_when>
            <thetext>package p;
class A{
	native void m(int i);
}

i get an NPE when i call resolveBinding on the declaration of &apos;i&apos;
(the CompilationUnit node was created with resolveBindings == true, 
if that makes a difference)

java.lang.NullPointerException
	at org.eclipse.jdt.core.dom.DefaultBindingResolver.resolveVariable
(DefaultBindingResolver.java:297)
	at org.eclipse.jdt.core.dom.VariableDeclaration.resolveBinding
(VariableDeclaration.java:92)</thetext>
          </long_desc>
          <long_desc isprivate="0">
            <commentid>29486</commentid>
            <who name="Olivier Thomann">Olivier_Thomann</who>
            <bug_when>2002-03-01 11:42:56 -0500</bug_when>
            <thetext>In this case, I guess you expect null to be returned.</thetext>
          </long_desc>
          <long_desc isprivate="0">
            <commentid>29489</commentid>
            <who name="Adam Kiezun">akiezun</who>
            <bug_when>2002-03-01 11:45:48 -0500</bug_when>
            <thetext>when creating regression tests for it - please include also this one:
abstract class A{
	abstract void m(int i);
}</thetext>
          </long_desc>
          <long_desc isprivate="0">
            <commentid>29498</commentid>
            <who name="Adam Kiezun">akiezun</who>
            <bug_when>2002-03-01 12:01:02 -0500</bug_when>
            <thetext>this one is meybe related 
(resolveBinding on the SimpleName &apos;k&apos; inside the qualified name &apos;j.k&apos;):

class A{
	int k;
	static class j{
		static int k;
	}
	void m(){
		int y= 0;
		j.k= 0;
	}
}	

stack trace is different:
at org.eclipse.jdt.core.dom.DefaultBindingResolver.resolveNameForNameReference
(DefaultBindingResolver.java:222) 
at  org.eclipse.jdt.core.dom.DefaultBindingResolver.resolveName
(DefaultBindingResolver.java:97)
at org.eclipse.jdt.core.dom.Name.resolveBinding(Name.java:75)</thetext>
          </long_desc>
          <long_desc isprivate="0">
            <commentid>29499</commentid>
            <who name="Adam Kiezun">akiezun</who>
            <bug_when>2002-03-01 12:02:35 -0500</bug_when>
            <thetext>another test case for your collection :)

(resolveBinding on the declaration of &apos;i&apos;)
interface A{
	 void m(int i, int j);
}</thetext>
          </long_desc>
          <long_desc isprivate="0">
            <commentid>29539</commentid>
            <who name="Olivier Thomann">Olivier_Thomann</who>
            <bug_when>2002-03-01 15:11:00 -0500</bug_when>
            <thetext>I forgot to connect the name inside a SingleVariableDeclaration. So it was 
impossible to retrieve the compiler node corresponding to a method parameter.
Fixed and released in HEAD.</thetext>
          </long_desc>
          <long_desc isprivate="0">
            <commentid>29542</commentid>
            <who name="Olivier Thomann">Olivier_Thomann</who>
            <bug_when>2002-03-01 15:11:51 -0500</bug_when>
            <thetext>Fixed.</thetext>
          </long_desc>
      
      

    </bug>

</bugzilla>