<?xml version="1.0" encoding="UTF-8" standalone="yes" ?>


<bugzilla version="4.2.1"
          urlbase="https://bugs.eclipse.org/bugs/"
          
          maintainer="webmaster@eclipse.org"
>

    <bug>
          <bug_id>10498</bug_id>
          
          <creation_ts>2002-02-28 11:50:00 -0500</creation_ts>
          <short_desc>Leaks in CVS Decorator</short_desc>
          <delta_ts>2002-02-28 15:13:47 -0500</delta_ts>
          <reporter_accessible>1</reporter_accessible>
          <cclist_accessible>1</cclist_accessible>
          <classification_id>2</classification_id>
          <classification>Eclipse</classification>
          <product>Platform</product>
          <component>Team</component>
          <version>1.0</version>
          <rep_platform>PC</rep_platform>
          <op_sys>Linux</op_sys>
          <bug_status>RESOLVED</bug_status>
          <resolution>FIXED</resolution>
          
          
          <bug_file_loc></bug_file_loc>
          <status_whiteboard></status_whiteboard>
          <keywords></keywords>
          <priority>P3</priority>
          <bug_severity>normal</bug_severity>
          <target_milestone>2.0 M4</target_milestone>
          
          
          <everconfirmed>1</everconfirmed>
          <reporter name="James Moody">James_Moody</reporter>
          <assigned_to name="James Moody">James_Moody</assigned_to>
          <cc>jean-michel_lemieux</cc>
    
    <cc>nick_edgar</cc>
    
    <cc>Randy_Giffen</cc>
          
          <votes>0</votes>

      

      

      

          <long_desc isprivate="0">
            <commentid>29162</commentid>
            <who name="James Moody">James_Moody</who>
            <bug_when>2002-02-28 11:50:10 -0500</bug_when>
            <thetext>From email from Randy and Nick.

Randy:
&quot;Yesturday afternoon James turned on the CVS decorators in my workbench.
This morning the workbench crashed when it ran out of handles while trying to
create an image.
I was expanding a node in the sync view (I&apos;m running on XP).
I will leave the decorators on an see it the problem reoccurs. I running the
last stable build.&quot;

Nick:
&quot;CVSDecorator leaks badly.
It needs to cache the images created from the overlay and free them on dispose().
This will also boost performance.

Also, the random order appearance of decorations is quite surprising.
It would be better to process them in FIFO order.&quot;</thetext>
          </long_desc>
          <long_desc isprivate="0">
            <commentid>29263</commentid>
            <who name="James Moody">James_Moody</who>
            <bug_when>2002-02-28 14:45:36 -0500</bug_when>
            <thetext>This really needs to be fixed for M4.</thetext>
          </long_desc>
          <long_desc isprivate="0">
            <commentid>29276</commentid>
            <who name="James Moody">James_Moody</who>
            <bug_when>2002-02-28 15:13:47 -0500</bug_when>
            <thetext>Leaks fixed, performance much improved. Also, number of images used greatly reduced.

I will open a separate PR for your comment about the random decoration order and
CC you, Nick. With the current improvements it may be less noticeable; at any
rate it is lower priority.</thetext>
          </long_desc>
      
      

    </bug>

</bugzilla>