<?xml version="1.0" encoding="UTF-8" standalone="yes" ?>


<bugzilla version="4.2.1"
          urlbase="https://bugs.eclipse.org/bugs/"
          
          maintainer="webmaster@eclipse.org"
>

    <bug>
          <bug_id>10197</bug_id>
          
          <creation_ts>2002-02-25 14:44:00 -0500</creation_ts>
          <short_desc>Should support &quot;debug in server mode&quot; - connector extension</short_desc>
          <delta_ts>2009-08-30 02:43:00 -0400</delta_ts>
          <reporter_accessible>1</reporter_accessible>
          <cclist_accessible>1</cclist_accessible>
          <classification_id>2</classification_id>
          <classification>Eclipse</classification>
          <product>JDT</product>
          <component>Debug</component>
          <version>2.0</version>
          <rep_platform>PC</rep_platform>
          <op_sys>Windows 2000</op_sys>
          <bug_status>CLOSED</bug_status>
          <resolution>WONTFIX</resolution>
          
          
          <bug_file_loc></bug_file_loc>
          <status_whiteboard></status_whiteboard>
          <keywords></keywords>
          <priority>P2</priority>
          <bug_severity>enhancement</bug_severity>
          <target_milestone>---</target_milestone>
          
          
          <everconfirmed>1</everconfirmed>
          <reporter name="Jed Anderson">jed.anderson</reporter>
          <assigned_to name="JDT-Debug-Inbox">jdt-debug-inbox</assigned_to>
          
          
          <votes>0</votes>

      

      

      

          <long_desc isprivate="0">
            <commentid>27884</commentid>
            <who name="Jed Anderson">jed.anderson</who>
            <bug_when>2002-02-25 14:44:56 -0500</bug_when>
            <thetext>JDI exposes this, and users on the newsgroup are asking for it.</thetext>
          </long_desc>
          <long_desc isprivate="0">
            <commentid>29242</commentid>
            <who name="Darin Wright">darin.eclipse</who>
            <bug_when>2002-02-28 13:38:48 -0500</bug_when>
            <thetext>More detail required. Debugging in &quot;server&quot; mode when referring to launching 
implies that we attach to a VM, which is supported. What is the feature request?</thetext>
          </long_desc>
          <long_desc isprivate="0">
            <commentid>29264</commentid>
            <who name="Jed Anderson">jed.anderson</who>
            <bug_when>2002-02-28 14:48:14 -0500</bug_when>
            <thetext>We should be able to start the debugger listening on a port and allow VMs to
connect to the open port on the debugger.  Currently, we only allow starting a
VM with an open port and connecting the debugger to the VM.</thetext>
          </long_desc>
          <long_desc isprivate="0">
            <commentid>36112</commentid>
            <who name="Darin Wright">darin.eclipse</who>
            <bug_when>2002-03-25 11:14:34 -0500</bug_when>
            <thetext>To be supported via a new &quot;connector&quot; extension point that will be resposible 
for creating the connetion to a remove VM. We will provide the support 
currently offered, but a third party could provide the mentioned support.</thetext>
          </long_desc>
          <long_desc isprivate="0">
            <commentid>36872</commentid>
            <who name="Darin Wright">darin.eclipse</who>
            <bug_when>2002-03-27 15:00:06 -0500</bug_when>
            <thetext>Defined IVMConnector. Need to doc extension point an integrate with remote 
launch delegate. Need some way to determine defualt connector.</thetext>
          </long_desc>
          <long_desc isprivate="0">
            <commentid>37654</commentid>
            <who name="Darin Wright">darin.eclipse</who>
            <bug_when>2002-04-01 15:10:00 -0500</bug_when>
            <thetext>The problem described in this bug is actuall a problem we do not intend to 
address in 2.0. We support an extension point for establishing connections, but 
this bug requires a new launch configuration type, which someone could provide 
if wanted.</thetext>
          </long_desc>
          <long_desc isprivate="0">
            <commentid>335729</commentid>
            <who name="Darin Wright">darin.eclipse</who>
            <bug_when>2004-08-26 09:45:23 -0400</bug_when>
            <thetext>Closing</thetext>
          </long_desc>
          <long_desc isprivate="0">
            <commentid>1586800</commentid>
            <who name="Eclipse Webmaster">webmaster</who>
            <bug_when>2009-08-30 02:43:00 -0400</bug_when>
            <thetext>As of now &apos;LATER&apos; and &apos;REMIND&apos; resolutions are no longer supported.
Please reopen this bug if it is still valid for you.</thetext>
          </long_desc>
      
      

    </bug>

</bugzilla>