<?xml version="1.0" encoding="UTF-8" standalone="yes" ?>


<bugzilla version="4.2.1"
          urlbase="https://bugs.eclipse.org/bugs/"
          
          maintainer="webmaster@eclipse.org"
>

    <bug>
          <bug_id>10179</bug_id>
          
          <creation_ts>2002-02-25 11:44:00 -0500</creation_ts>
          <short_desc>remote parse(jikes) never ends</short_desc>
          <delta_ts>2002-03-13 16:29:04 -0500</delta_ts>
          <reporter_accessible>1</reporter_accessible>
          <cclist_accessible>1</cclist_accessible>
          <classification_id>4</classification_id>
          <classification>Tools</classification>
          <product>CDT</product>
          <component>cdt-core</component>
          <version>1.0</version>
          <rep_platform>PC</rep_platform>
          <op_sys>Linux</op_sys>
          <bug_status>CLOSED</bug_status>
          <resolution>FIXED</resolution>
          
          
          <bug_file_loc></bug_file_loc>
          <status_whiteboard></status_whiteboard>
          <keywords></keywords>
          <priority>P3</priority>
          <bug_severity>blocker</bug_severity>
          <target_milestone>1.0 - Release</target_milestone>
          
          
          <everconfirmed>1</everconfirmed>
          <reporter name="Enrique Varillas">enriquev</reporter>
          <assigned_to name="Jeff Turnham">turnham</assigned_to>
          <cc>turnham</cc>
          
          <votes>0</votes>

      

      

      

          <long_desc isprivate="0">
            <commentid>27833</commentid>
            <who name="Enrique Varillas">enriquev</who>
            <bug_when>2002-02-25 11:44:44 -0500</bug_when>
            <thetext>Open jikes as a remote project.(with no Parse Path specified)
Then, attempt to parse the project. The parse in the server machine never
ends(i.e CPU utilization in the server stays close to 99%) and the progress bar
in the client continues running.</thetext>
          </long_desc>
          <long_desc isprivate="0">
            <commentid>29279</commentid>
            <who name="Jeff Turnham">turnham</who>
            <bug_when>2002-02-28 15:20:23 -0500</bug_when>
            <thetext>Problem was actually in the while loop in findObject in NameLookup.java.  This 
loop starts at a certain object, and then traversing up the parent tree.  The 
problem was that in the remote case somehow (still not understood), the parents 
of references were being &quot;corrupted&quot; and actually pointing to themselves!!  
This meant that the while loop just kept looping...

I did 2 things...I put a check to prevent the while loop from looping more than 
10 times, and in DataElement.java I changed dereference to return null (instead 
of this) if a reference&apos;s object was not found.
</thetext>
          </long_desc>
          <long_desc isprivate="0">
            <commentid>32542</commentid>
            <who name="Jeff Turnham">turnham</who>
            <bug_when>2002-03-13 16:29:04 -0500</bug_when>
            <thetext>Fixed</thetext>
          </long_desc>
      
      

    </bug>

</bugzilla>