<?xml version="1.0" encoding="UTF-8" standalone="yes" ?>


<bugzilla version="4.2.1"
          urlbase="https://bugs.eclipse.org/bugs/"
          
          maintainer="webmaster@eclipse.org"
>

    <bug>
          <bug_id>10606</bug_id>
          
          <creation_ts>2002-03-01 14:23:00 -0500</creation_ts>
          <short_desc>[Wizards] IPagelayout setwizardshortcut limitation</short_desc>
          <delta_ts>2002-09-03 14:08:11 -0400</delta_ts>
          <reporter_accessible>1</reporter_accessible>
          <cclist_accessible>1</cclist_accessible>
          <classification_id>2</classification_id>
          <classification>Eclipse</classification>
          <product>Platform</product>
          <component>UI</component>
          <version>1.0</version>
          <rep_platform>PC</rep_platform>
          <op_sys>Windows 2000</op_sys>
          <bug_status>RESOLVED</bug_status>
          <resolution>WORKSFORME</resolution>
          
          
          <bug_file_loc></bug_file_loc>
          <status_whiteboard></status_whiteboard>
          <keywords></keywords>
          <priority>P2</priority>
          <bug_severity>normal</bug_severity>
          <target_milestone>---</target_milestone>
          
          
          <everconfirmed>1</everconfirmed>
          <reporter name="Mazen Faraj">mfaraj</reporter>
          <assigned_to name="Randy Giffen">Randy_Giffen</assigned_to>
          <cc>Tod_Creasey</cc>
          
          <votes>0</votes>

      

      

      

          <long_desc isprivate="0">
            <commentid>29526</commentid>
            <who name="Mazen Faraj">mfaraj</who>
            <bug_when>2002-03-01 14:23:09 -0500</bug_when>
            <thetext>When defining a layout for your perspective, if you had new wizards in a
subcategory and you try to add them as shortcuts in your new perspctive, you
can&apos;t!
only if the new wizards belong to one top level category would you be able
to contribute them to the perspective.

Is this working as designed (I think not), or a bug (possibly) or coder
error  :-)

the javadocs simply say wizard id. tried that, it did not work.

Mazen Faraj</thetext>
          </long_desc>
          <long_desc isprivate="0">
            <commentid>89106</commentid>
            <who name="Tod Creasey">Tod_Creasey</who>
            <bug_when>2002-09-03 14:08:11 -0400</bug_when>
            <thetext>This works in 2.0 - this can be seen in the New dialog (Junit category under 
the Java Category)</thetext>
          </long_desc>
      
      

    </bug>

</bugzilla>