<?xml version="1.0" encoding="UTF-8" standalone="yes" ?>


<bugzilla version="4.2.1"
          urlbase="https://bugs.eclipse.org/bugs/"
          
          maintainer="webmaster@eclipse.org"
>

    <bug>
          <bug_id>10551</bug_id>
          
          <creation_ts>2002-02-28 18:15:00 -0500</creation_ts>
          <short_desc>Branch wizard: error text displayed too early</short_desc>
          <delta_ts>2002-04-18 23:30:11 -0400</delta_ts>
          <reporter_accessible>1</reporter_accessible>
          <cclist_accessible>1</cclist_accessible>
          <classification_id>2</classification_id>
          <classification>Eclipse</classification>
          <product>Platform</product>
          <component>Team</component>
          <version>2.0</version>
          <rep_platform>PC</rep_platform>
          <op_sys>All</op_sys>
          <bug_status>RESOLVED</bug_status>
          <resolution>FIXED</resolution>
          
          
          <bug_file_loc></bug_file_loc>
          <status_whiteboard></status_whiteboard>
          <keywords></keywords>
          <priority>P3</priority>
          <bug_severity>normal</bug_severity>
          <target_milestone>2.0 M6</target_milestone>
          
          
          <everconfirmed>1</everconfirmed>
          <reporter name="Kevin McGuire">Kevin_McGuire</reporter>
          <assigned_to name="Jean-Michel Lemieux">jean-michel_lemieux</assigned_to>
          
          
          <votes>0</votes>

      

      

      

          <long_desc isprivate="0">
            <commentid>29361</commentid>
            <who name="Kevin McGuire">Kevin_McGuire</who>
            <bug_when>2002-02-28 18:15:30 -0500</bug_when>
            <thetext>Feb26 build.

In the branch wizard, as soon as you start typing in the &quot;branch name&quot; field, 
you get error text in the banner that reads:

&quot;Name must not be empty&quot;.

What the error is really referring to is the other field for the version name.

1. The error should not be signaled so early, it should only occur once the 
second field is modified 
2. The text should be improved to indicate *which* name.</thetext>
          </long_desc>
          <long_desc isprivate="0">
            <commentid>44483</commentid>
            <who name="Jean-Michel Lemieux">jean-michel_lemieux</who>
            <bug_when>2002-04-18 23:30:11 -0400</bug_when>
            <thetext>Fixed.</thetext>
          </long_desc>
      
      

    </bug>

</bugzilla>