<?xml version="1.0" encoding="UTF-8" standalone="yes" ?>


<bugzilla version="4.2.1"
          urlbase="https://bugs.eclipse.org/bugs/"
          
          maintainer="webmaster@eclipse.org"
>

    <bug>
          <bug_id>10301</bug_id>
          
          <creation_ts>2002-02-26 15:13:00 -0500</creation_ts>
          <short_desc>Mouseless scrolling the content assist popup</short_desc>
          <delta_ts>2002-06-13 10:13:41 -0400</delta_ts>
          <reporter_accessible>1</reporter_accessible>
          <cclist_accessible>1</cclist_accessible>
          <classification_id>2</classification_id>
          <classification>Eclipse</classification>
          <product>JDT</product>
          <component>UI</component>
          <version>2.0</version>
          <rep_platform>PC</rep_platform>
          <op_sys>Windows 2000</op_sys>
          <bug_status>VERIFIED</bug_status>
          <resolution>FIXED</resolution>
          
          
          <bug_file_loc></bug_file_loc>
          <status_whiteboard></status_whiteboard>
          <keywords></keywords>
          <priority>P3</priority>
          <bug_severity>normal</bug_severity>
          <target_milestone>2.0 F2</target_milestone>
          
          
          <everconfirmed>1</everconfirmed>
          <reporter name="Jed Anderson">jed.anderson</reporter>
          <assigned_to name="Kai-Uwe Maetzel">kai-uwe_maetzel</assigned_to>
          
          
          <votes>0</votes>

      

      

      

          <long_desc isprivate="0">
            <commentid>28299</commentid>
            <who name="Jed Anderson">jed.anderson</who>
            <bug_when>2002-02-26 15:13:15 -0500</bug_when>
            <thetext>Build 20020214

When the content assist window has results that are too long for the window, it
adds a horizontal scroll bar.  There appears to be no way to use this scrollbar
with the keyboard. (tried Ctrl-Right Arrow, Alt-Right Arrow, etc)</thetext>
          </long_desc>
          <long_desc isprivate="0">
            <commentid>51746</commentid>
            <who name="Erich Gamma">erich_gamma</who>
            <bug_when>2002-05-09 15:43:47 -0400</bug_when>
            <thetext>user can scroll with the cursor key and the page-up/page down.
</thetext>
          </long_desc>
          <long_desc isprivate="0">
            <commentid>51764</commentid>
            <who name="Jed Anderson">jed.anderson</who>
            <bug_when>2002-05-09 16:02:05 -0400</bug_when>
            <thetext>Just so we&apos;re clear on this, I&apos;m not talking about up/down scrolling.  I&apos;m 
talking about left/right scrolling.  

I think this makes the popup window very frustrating for people who can&apos;t use 
the mouse because they won&apos;t be able to see all of the text.</thetext>
          </long_desc>
          <long_desc isprivate="0">
            <commentid>68893</commentid>
            <who name="Kai-Uwe Maetzel">kai-uwe_maetzel</who>
            <bug_when>2002-06-05 14:02:16 -0400</bug_when>
            <thetext>Build F2:
1) Open code assist
2) press tab -&gt; focus goes to content assist popup
3) use &lt;- and -&gt; to scroll</thetext>
          </long_desc>
          <long_desc isprivate="0">
            <commentid>69196</commentid>
            <who name="Jed Anderson">jed.anderson</who>
            <bug_when>2002-06-05 17:00:15 -0400</bug_when>
            <thetext>Sweet!</thetext>
          </long_desc>
          <long_desc isprivate="0">
            <commentid>73460</commentid>
            <who name="Dirk Baeumer">dirk_baeumer</who>
            <bug_when>2002-06-13 10:13:41 -0400</bug_when>
            <thetext>Verified on F3</thetext>
          </long_desc>
      
      

    </bug>

</bugzilla>