<?xml version="1.0" encoding="UTF-8" standalone="yes" ?>


<bugzilla version="4.2.1"
          urlbase="https://bugs.eclipse.org/bugs/"
          
          maintainer="webmaster@eclipse.org"
>

    <bug>
          <bug_id>10073</bug_id>
          
          <creation_ts>2002-02-21 12:58:00 -0500</creation_ts>
          <short_desc>Template variables don&apos;t expand</short_desc>
          <delta_ts>2002-02-24 23:51:50 -0500</delta_ts>
          <reporter_accessible>1</reporter_accessible>
          <cclist_accessible>1</cclist_accessible>
          <classification_id>2</classification_id>
          <classification>Eclipse</classification>
          <product>JDT</product>
          <component>UI</component>
          <version>2.0</version>
          <rep_platform>PC</rep_platform>
          <op_sys>Windows 2000</op_sys>
          <bug_status>RESOLVED</bug_status>
          <resolution>FIXED</resolution>
          
          
          <bug_file_loc></bug_file_loc>
          <status_whiteboard></status_whiteboard>
          <keywords></keywords>
          <priority>P3</priority>
          <bug_severity>normal</bug_severity>
          <target_milestone>---</target_milestone>
          
          
          <everconfirmed>1</everconfirmed>
          <reporter name="Vladimir Grishchenko">vladgri</reporter>
          <assigned_to name="Erich Gamma">erich_gamma</assigned_to>
          
          
          <votes>0</votes>

      

      

      

          <long_desc isprivate="0">
            <commentid>27600</commentid>
            <who name="Vladimir Grishchenko">vladgri</who>
            <bug_when>2002-02-21 12:58:18 -0500</bug_when>
            <thetext>When creating a new class javadoc inserted (from filecomment and typecomment) 
doesn&apos;t include expanded variable values, ie if my template is 

/**
 * @author ${user}
 */

Then it is inserted as is, ${user} is not changed to real user name. Same 
applies to other variables.
I&apos;m using 20001219 build.</thetext>
          </long_desc>
          <long_desc isprivate="0">
            <commentid>27761</commentid>
            <who name="Vladimir Grishchenko">vladgri</who>
            <bug_when>2002-02-24 23:51:50 -0500</bug_when>
            <thetext>Can&apos;t reproduce this bug in 0214 build, changing status to fixed.</thetext>
          </long_desc>
      
      

    </bug>

</bugzilla>