<?xml version="1.0" encoding="UTF-8" standalone="yes" ?>


<bugzilla version="4.2.1"
          urlbase="https://bugs.eclipse.org/bugs/"
          
          maintainer="webmaster@eclipse.org"
>

    <bug>
          <bug_id>10162</bug_id>
          
          <creation_ts>2002-02-25 09:50:00 -0500</creation_ts>
          <short_desc>Console View to front on error output only</short_desc>
          <delta_ts>2002-03-18 10:58:57 -0500</delta_ts>
          <reporter_accessible>1</reporter_accessible>
          <cclist_accessible>1</cclist_accessible>
          <classification_id>2</classification_id>
          <classification>Eclipse</classification>
          <product>JDT</product>
          <component>Debug</component>
          <version>2.0</version>
          <rep_platform>PC</rep_platform>
          <op_sys>Windows 2000</op_sys>
          <bug_status>VERIFIED</bug_status>
          <resolution>FIXED</resolution>
          
          
          <bug_file_loc></bug_file_loc>
          <status_whiteboard></status_whiteboard>
          <keywords></keywords>
          <priority>P3</priority>
          <bug_severity>enhancement</bug_severity>
          <target_milestone>2.0 M6</target_milestone>
          
          
          <everconfirmed>1</everconfirmed>
          <reporter name="Erich Gamma">erich_gamma</reporter>
          <assigned_to name="Darin Wright">darin.eclipse</assigned_to>
          
          
          <votes>0</votes>

      

      

      

          <long_desc isprivate="0">
            <commentid>27789</commentid>
            <who name="Erich Gamma">erich_gamma</who>
            <bug_when>2002-02-25 09:50:12 -0500</bug_when>
            <thetext>Based on feedback from Jin Li.

Provide an option to bring the console view to front on error output only
and not on standard output.</thetext>
          </long_desc>
          <long_desc isprivate="0">
            <commentid>32879</commentid>
            <who name="Jared Burns">jared_burns</who>
            <bug_when>2002-03-14 15:50:30 -0500</bug_when>
            <thetext>As part of this work, the &quot;show console output&quot; related options will be moved
from the Debug preference page to the Debug-&gt;Console preference page.</thetext>
          </long_desc>
          <long_desc isprivate="0">
            <commentid>32899</commentid>
            <who name="Jared Burns">jared_burns</who>
            <bug_when>2002-03-14 16:08:53 -0500</bug_when>
            <thetext>The current implementation uses the existing IDocumentListener mechanism which
doesn&apos;t pass on any information about the source of the output.

If we really want this feature, we&apos;ll have to implement our own
IConsoleDocumentListener which can pass inform listeners if the change is coming
from system out or system err.</thetext>
          </long_desc>
          <long_desc isprivate="0">
            <commentid>33400</commentid>
            <who name="Jared Burns">jared_burns</who>
            <bug_when>2002-03-18 09:31:33 -0500</bug_when>
            <thetext>Implemented. Rather than create another listener mechanism, I just added methods
to the DebugUIPlugin to notify it when system out or system err is about to be
written to the console. The ConsoleDocument calls the appropriate method when
system out or err is about to be appended.</thetext>
          </long_desc>
          <long_desc isprivate="0">
            <commentid>33401</commentid>
            <who name="Jared Burns">jared_burns</who>
            <bug_when>2002-03-18 09:31:45 -0500</bug_when>
            <thetext>Please verify.</thetext>
          </long_desc>
          <long_desc isprivate="0">
            <commentid>33438</commentid>
            <who name="Darin Wright">darin.eclipse</who>
            <bug_when>2002-03-18 10:38:45 -0500</bug_when>
            <thetext>The accelerator key &apos;C&apos; conflicts for both console options.

The console does not auto-display for me at all anymore (error output or 
standard output).</thetext>
          </long_desc>
          <long_desc isprivate="0">
            <commentid>33444</commentid>
            <who name="Jared Burns">jared_burns</who>
            <bug_when>2002-03-18 10:45:18 -0500</bug_when>
            <thetext>Accelerator key conflict fixed. ConsoleDocument changes weren&apos;t released.</thetext>
          </long_desc>
          <long_desc isprivate="0">
            <commentid>33445</commentid>
            <who name="Jared Burns">jared_burns</who>
            <bug_when>2002-03-18 10:45:30 -0500</bug_when>
            <thetext>Please verify.</thetext>
          </long_desc>
          <long_desc isprivate="0">
            <commentid>33455</commentid>
            <who name="Darin Wright">darin.eclipse</who>
            <bug_when>2002-03-18 10:58:57 -0500</bug_when>
            <thetext>Verified</thetext>
          </long_desc>
      
      

    </bug>

</bugzilla>