<?xml version="1.0" encoding="UTF-8" standalone="yes" ?>


<bugzilla version="4.2.1"
          urlbase="https://bugs.eclipse.org/bugs/"
          
          maintainer="webmaster@eclipse.org"
>

    <bug>
          <bug_id>10230</bug_id>
          
          <creation_ts>2002-02-25 19:00:00 -0500</creation_ts>
          <short_desc>Improve workbench start-up times</short_desc>
          <delta_ts>2002-05-01 17:34:43 -0400</delta_ts>
          <reporter_accessible>1</reporter_accessible>
          <cclist_accessible>1</cclist_accessible>
          <classification_id>2</classification_id>
          <classification>Eclipse</classification>
          <product>Platform</product>
          <component>UI</component>
          <version>1.0</version>
          <rep_platform>All</rep_platform>
          <op_sys>All</op_sys>
          <bug_status>RESOLVED</bug_status>
          <resolution>INVALID</resolution>
          
          
          <bug_file_loc></bug_file_loc>
          <status_whiteboard></status_whiteboard>
          <keywords></keywords>
          <priority>P3</priority>
          <bug_severity>normal</bug_severity>
          <target_milestone>---</target_milestone>
          
          
          <everconfirmed>1</everconfirmed>
          <reporter name="OTI Support">support</reporter>
          <assigned_to name="Kevin Haaland">Kevin_Haaland</assigned_to>
          
          
          <votes>0</votes>

      

      

      

          <long_desc isprivate="0">
            <commentid>27969</commentid>
            <who name="OTI Support">support</who>
            <bug_when>2002-02-25 19:00:02 -0500</bug_when>
            <thetext>Customer wants the workbench to have a faster start-up time.</thetext>
          </long_desc>
          <long_desc isprivate="0">
            <commentid>48732</commentid>
            <who name="Kevin Haaland">Kevin_Haaland</who>
            <bug_when>2002-05-01 17:34:43 -0400</bug_when>
            <thetext>There isn&apos;t enough information in this defect report. </thetext>
          </long_desc>
      
      

    </bug>

</bugzilla>