<?xml version="1.0" encoding="UTF-8" standalone="yes" ?>


<bugzilla version="4.2.1"
          urlbase="https://bugs.eclipse.org/bugs/"
          
          maintainer="webmaster@eclipse.org"
>

    <bug>
          <bug_id>10094</bug_id>
          
          <creation_ts>2002-02-22 03:16:00 -0500</creation_ts>
          <short_desc>Externalize Strings of compilation unit fails with unexpected exception</short_desc>
          <delta_ts>2002-02-27 12:37:54 -0500</delta_ts>
          <reporter_accessible>1</reporter_accessible>
          <cclist_accessible>1</cclist_accessible>
          <classification_id>2</classification_id>
          <classification>Eclipse</classification>
          <product>JDT</product>
          <component>UI</component>
          <version>2.0</version>
          <rep_platform>PC</rep_platform>
          <op_sys>Windows 2000</op_sys>
          <bug_status>RESOLVED</bug_status>
          <resolution>WORKSFORME</resolution>
          
          
          <bug_file_loc></bug_file_loc>
          <status_whiteboard></status_whiteboard>
          <keywords></keywords>
          <priority>P3</priority>
          <bug_severity>normal</bug_severity>
          <target_milestone>---</target_milestone>
          
          
          <everconfirmed>1</everconfirmed>
          <reporter name="Leon J. Breedt">ljb</reporter>
          <assigned_to name="Erich Gamma">erich_gamma</assigned_to>
          
          
          <votes>0</votes>

      

      

      

          <long_desc isprivate="0">
            <commentid>27645</commentid>
            <who name="Leon J. Breedt">ljb</who>
            <bug_when>2002-02-22 03:16:27 -0500</bug_when>
            <thetext>Build: 20020214

Details:
Right-clicking a compilation unit and selecting Externalize Strings works, up 
to a point. When the final page of the wizard is displayed, and Next is 
clicked, an internal error occurs. The log file contains the following:

4 org.eclipse.jdt.ui 1 Internal Error
java.lang.reflect.InvocationTargetException: java.lang.NoSuchMethodError
	at 
org.eclipse.jdt.internal.corext.refactoring.nls.NLSRefactoring.createPropertyFil
eSource(NLSRefactoring.java:600)
	at 
org.eclipse.jdt.internal.corext.refactoring.nls.NLSRefactoring.createPropertyFil
e(NLSRefactoring.java:568)
	at 
org.eclipse.jdt.internal.corext.refactoring.nls.NLSRefactoring.createChange
(NLSRefactoring.java:455)
	at org.eclipse.jdt.internal.ui.refactoring.CreateChangeOperation.run
(CreateChangeOperation.java:102)
	at org.eclipse.jface.operation.ModalContext$ModalContextThread.run
(ModalContext.java:98)</thetext>
          </long_desc>
          <long_desc isprivate="0">
            <commentid>28770</commentid>
            <who name="Adam Kiezun">akiezun</who>
            <bug_when>2002-02-27 12:37:54 -0500</bug_when>
            <thetext>cannot reproduce on 20020214
this bug would mean that there were compile errors - which is not the case.
</thetext>
          </long_desc>
      
      

    </bug>

</bugzilla>