<?xml version="1.0" encoding="UTF-8" standalone="yes" ?>


<bugzilla version="4.2.1"
          urlbase="https://bugs.eclipse.org/bugs/"
          
          maintainer="webmaster@eclipse.org"
>

    <bug>
          <bug_id>10227</bug_id>
          
          <creation_ts>2002-02-25 18:22:00 -0500</creation_ts>
          <short_desc>Delta listeners only registered after plugin is loaded</short_desc>
          <delta_ts>2002-02-27 16:44:23 -0500</delta_ts>
          <reporter_accessible>1</reporter_accessible>
          <cclist_accessible>1</cclist_accessible>
          <classification_id>2</classification_id>
          <classification>Eclipse</classification>
          <product>Platform</product>
          <component>Resources</component>
          <version>2.0</version>
          <rep_platform>PC</rep_platform>
          <op_sys>Windows 2000</op_sys>
          <bug_status>RESOLVED</bug_status>
          <resolution>WONTFIX</resolution>
          
          
          <bug_file_loc></bug_file_loc>
          <status_whiteboard></status_whiteboard>
          <keywords></keywords>
          <priority>P3</priority>
          <bug_severity>normal</bug_severity>
          <target_milestone>---</target_milestone>
          
          
          <everconfirmed>1</everconfirmed>
          <reporter name="Michael Valenta">Michael_Valenta</reporter>
          <assigned_to name="DJ Houghton">dj_houghton</assigned_to>
          
          
          <votes>0</votes>

      

      

      

          <long_desc isprivate="0">
            <commentid>27966</commentid>
            <who name="Michael Valenta">Michael_Valenta</who>
            <bug_when>2002-02-25 18:22:53 -0500</bug_when>
            <thetext>Delta listeners are only loaded when the plugin is loaded (in plugin startup). 
This causes a problem if a folder is moved, copied or renamed before the CVS 
plugin is loaded becuase the CVS folders will not be purged. This is easy to 
reproduce. Start up a workspace that contains shared projects and rename a 
folder. The CVS sub-folders still remain. 

Is there a way to get the CVS plugin loaded in time?</thetext>
          </long_desc>
          <long_desc isprivate="0">
            <commentid>28018</commentid>
            <who name="Michael Valenta">Michael_Valenta</who>
            <bug_when>2002-02-26 09:23:27 -0500</bug_when>
            <thetext>Because the projects in question have a CVS nature, any operation will cause 
the plugin to be loaded (or even just popping up the menu as well). However, if 
I start up the workspace and the first thing I do is rename a folder, the CVS 
plugin will never know about it. My though would be that if a project has a 
particular nature, that nature should be instantiated on startup and not 
delayed until the first operation that requires the nature. If that&apos;s not 
feasible, perhaps any resource operations should trigger the instantiation of 
the nature.

One thing I&apos;m unsure of is how this relates to the veto-ing that is proposed 
for 2.0.</thetext>
          </long_desc>
          <long_desc isprivate="0">
            <commentid>28019</commentid>
            <who name="Michael Valenta">Michael_Valenta</who>
            <bug_when>2002-02-26 09:24:25 -0500</bug_when>
            <thetext>Forwarding to core for resolution or comment</thetext>
          </long_desc>
          <long_desc isprivate="0">
            <commentid>28892</commentid>
            <who name="John Arthorne">john_arthorne</who>
            <bug_when>2002-02-27 16:44:23 -0500</bug_when>
            <thetext>Working as designed.

Natures are only instantiated if they need to be configured or deconfigured, and 
in no other cases.  This would cause undesirable eager plugin activation.  By 
design, plugins are not activated until one of their actions is selected.

Your particular problem will be addressed by the copy/move/rename hook, which 
will give you special notification on these events.

</thetext>
          </long_desc>
      
      

    </bug>

</bugzilla>