<?xml version="1.0" encoding="UTF-8" standalone="yes" ?>


<bugzilla version="4.2.1"
          urlbase="https://bugs.eclipse.org/bugs/"
          
          maintainer="webmaster@eclipse.org"
>

    <bug>
          <bug_id>10232</bug_id>
          
          <creation_ts>2002-02-25 21:20:00 -0500</creation_ts>
          <short_desc>Drag and drop doesn&apos;t support local history</short_desc>
          <delta_ts>2002-03-08 16:31:11 -0500</delta_ts>
          <reporter_accessible>1</reporter_accessible>
          <cclist_accessible>1</cclist_accessible>
          <classification_id>2</classification_id>
          <classification>Eclipse</classification>
          <product>Platform</product>
          <component>UI</component>
          <version>2.0</version>
          <rep_platform>PC</rep_platform>
          <op_sys>Windows 2000</op_sys>
          <bug_status>RESOLVED</bug_status>
          <resolution>FIXED</resolution>
          
          
          <bug_file_loc></bug_file_loc>
          <status_whiteboard></status_whiteboard>
          <keywords></keywords>
          <priority>P3</priority>
          <bug_severity>normal</bug_severity>
          <target_milestone>2.0 M4</target_milestone>
          
          
          <everconfirmed>1</everconfirmed>
          <reporter name="Nick Edgar">nick_edgar</reporter>
          <assigned_to name="Lynne Kues">lynne_kues</assigned_to>
          
          
          <votes>0</votes>

      

      

      

          <long_desc isprivate="0">
            <commentid>27976</commentid>
            <who name="Nick Edgar">nick_edgar</who>
            <bug_when>2002-02-25 21:20:38 -0500</bug_when>
            <thetext>Build 20020214

- create a new file
- export it to the filesystem
- drag it from the filesystem to the workspace, overwriting the existing file
- compare with local history
- there is no history</thetext>
          </long_desc>
          <long_desc isprivate="0">
            <commentid>31383</commentid>
            <who name="Lynne Kues">lynne_kues</who>
            <bug_when>2002-03-08 14:27:31 -0500</bug_when>
            <thetext>During the drag/drop replace operation, the history is not destroyed it is just 
not updated to include the pre-replace contents of the file.</thetext>
          </long_desc>
          <long_desc isprivate="0">
            <commentid>31387</commentid>
            <who name="Lynne Kues">lynne_kues</who>
            <bug_when>2002-03-08 14:36:32 -0500</bug_when>
            <thetext>Regular copy/paste and move work as expected.  Problem only exists for drag 
copy and drag move.</thetext>
          </long_desc>
          <long_desc isprivate="0">
            <commentid>31430</commentid>
            <who name="Lynne Kues">lynne_kues</who>
            <bug_when>2002-03-08 16:27:31 -0500</bug_when>
            <thetext>Changed NavigatorDropAdapter and ImportOperation to keepHistory during the 
delete operation that occurs as part of the move/copy/import operations.</thetext>
          </long_desc>
          <long_desc isprivate="0">
            <commentid>31433</commentid>
            <who name="Lynne Kues">lynne_kues</who>
            <bug_when>2002-03-08 16:31:11 -0500</bug_when>
            <thetext>Released changes.</thetext>
          </long_desc>
      
      

    </bug>

</bugzilla>