<?xml version="1.0" encoding="UTF-8" standalone="yes" ?>


<bugzilla version="4.2.1"
          urlbase="https://bugs.eclipse.org/bugs/"
          
          maintainer="webmaster@eclipse.org"
>

    <bug>
          <bug_id>10614</bug_id>
          
          <creation_ts>2002-03-01 15:32:00 -0500</creation_ts>
          <short_desc>Update specs with absolute paths</short_desc>
          <delta_ts>2002-12-03 15:53:55 -0500</delta_ts>
          <reporter_accessible>1</reporter_accessible>
          <cclist_accessible>1</cclist_accessible>
          <classification_id>2</classification_id>
          <classification>Eclipse</classification>
          <product>Platform</product>
          <component>Resources</component>
          <version>2.0</version>
          <rep_platform>Other</rep_platform>
          <op_sys>other</op_sys>
          <bug_status>RESOLVED</bug_status>
          <resolution>FIXED</resolution>
          
          
          <bug_file_loc></bug_file_loc>
          <status_whiteboard></status_whiteboard>
          <keywords></keywords>
          <priority>P3</priority>
          <bug_severity>normal</bug_severity>
          <target_milestone>2.1 M4</target_milestone>
          
          
          <everconfirmed>1</everconfirmed>
          <reporter name="DJ Houghton">dj_houghton</reporter>
          <assigned_to name="John Arthorne">john_arthorne</assigned_to>
          
          
          <votes>0</votes>

      

      

      

          <long_desc isprivate="0">
            <commentid>29548</commentid>
            <who name="DJ Houghton">dj_houghton</who>
            <bug_when>2002-03-01 15:32:54 -0500</bug_when>
            <thetext>The behaviour in some of our APIs is currently unspecified w.r.t. relative 
paths. (e.g. IWorkspace.validateProjectLocation)

We need to explicitly say in the spec what will happen with relative paths, if 
they are even allowed at all. (what are they relative to? the install dir? the 
workspace dir? the current working dir? where you started eclipse from?....)</thetext>
          </long_desc>
          <long_desc isprivate="0">
            <commentid>110145</commentid>
            <who name="John Arthorne">john_arthorne</who>
            <bug_when>2002-12-03 11:31:47 -0500</bug_when>
            <thetext>I am revisiting this javadoc for linked resources so I will make sure this is
made clear.  Relative paths should never be allowed.</thetext>
          </long_desc>
          <long_desc isprivate="0">
            <commentid>110287</commentid>
            <who name="John Arthorne">john_arthorne</who>
            <bug_when>2002-12-03 15:53:55 -0500</bug_when>
            <thetext>Fixed.  It now explicitly specifies that paths must be absolute.</thetext>
          </long_desc>
      
      

    </bug>

</bugzilla>