<?xml version="1.0" encoding="UTF-8" standalone="yes" ?>


<bugzilla version="4.2.1"
          urlbase="https://bugs.eclipse.org/bugs/"
          
          maintainer="webmaster@eclipse.org"
>

    <bug>
          <bug_id>10332</bug_id>
          
          <creation_ts>2002-02-26 22:45:00 -0500</creation_ts>
          <short_desc>Better handling of pattern matching on output from scripts</short_desc>
          <delta_ts>2009-01-12 09:20:16 -0500</delta_ts>
          <reporter_accessible>1</reporter_accessible>
          <cclist_accessible>1</cclist_accessible>
          <classification_id>4</classification_id>
          <classification>Tools</classification>
          <product>CDT</product>
          <component>cdt-other</component>
          <version>2.0</version>
          <rep_platform>PC</rep_platform>
          <op_sys>Linux</op_sys>
          <bug_status>RESOLVED</bug_status>
          <resolution>WONTFIX</resolution>
          
          
          <bug_file_loc></bug_file_loc>
          <status_whiteboard></status_whiteboard>
          <keywords></keywords>
          <priority>P2</priority>
          <bug_severity>enhancement</bug_severity>
          <target_milestone>Future</target_milestone>
          
          
          <everconfirmed>1</everconfirmed>
          <reporter name="Jeff Turnham">turnham</reporter>
          <assigned_to name="Jeff Turnham">turnham</assigned_to>
          
          
          <votes>0</votes>

      

      

      

          <long_desc isprivate="0">
            <commentid>28396</commentid>
            <who name="Jeff Turnham">turnham</who>
            <bug_when>2002-02-26 22:45:18 -0500</bug_when>
            <thetext>Currently our pattern matching is based on the command invoked. This fails when 
a script with an arbitrary name is &quot;wrapping&quot; the real commands.  We need to 
make the mechanism to apply more (or all) patterns to any output easier (than 
having to cut and paste all the patterns into a pattern with the script name).</thetext>
          </long_desc>
          <long_desc isprivate="0">
            <commentid>41598</commentid>
            <who name="Jeff Turnham">turnham</who>
            <bug_when>2002-04-11 15:34:17 -0400</bug_when>
            <thetext>The main reason we scope command output by the command invocation is for 
performance reasons.  Some investigation needs to be done to determine whether 
this actually saves time during output parsing.  If not, then we may want to 
rethink our output parsing mechanism.
</thetext>
          </long_desc>
          <long_desc isprivate="0">
            <commentid>169056</commentid>
            <who name="Sebastien Marineau">sebastien</who>
            <bug_when>2003-06-25 07:08:32 -0400</bug_when>
            <thetext>This applies to old CDT, closing as part of cleanup.</thetext>
          </long_desc>
      
      

    </bug>

</bugzilla>