<?xml version="1.0" encoding="UTF-8" standalone="yes" ?>


<bugzilla version="4.2.1"
          urlbase="https://bugs.eclipse.org/bugs/"
          
          maintainer="webmaster@eclipse.org"
>

    <bug>
          <bug_id>10390</bug_id>
          
          <creation_ts>2002-02-27 10:33:00 -0500</creation_ts>
          <short_desc>Two preferences to control the tab with</short_desc>
          <delta_ts>2002-04-08 05:27:16 -0400</delta_ts>
          <reporter_accessible>1</reporter_accessible>
          <cclist_accessible>1</cclist_accessible>
          <classification_id>2</classification_id>
          <classification>Eclipse</classification>
          <product>JDT</product>
          <component>UI</component>
          <version>2.0</version>
          <rep_platform>PC</rep_platform>
          <op_sys>Windows 2000</op_sys>
          <bug_status>RESOLVED</bug_status>
          <resolution>FIXED</resolution>
          
          
          <bug_file_loc></bug_file_loc>
          <status_whiteboard></status_whiteboard>
          <keywords></keywords>
          <priority>P3</priority>
          <bug_severity>normal</bug_severity>
          <target_milestone>---</target_milestone>
          
          
          <everconfirmed>1</everconfirmed>
          <reporter name="Dirk Baeumer">dirk_baeumer</reporter>
          <assigned_to name="Kai-Uwe Maetzel">kai-uwe_maetzel</assigned_to>
          
          
          <votes>0</votes>

      

      

      

          <long_desc isprivate="0">
            <commentid>28657</commentid>
            <who name="Dirk Baeumer">dirk_baeumer</who>
            <bug_when>2002-02-27 10:33:50 -0500</bug_when>
            <thetext>Build 20020214

We have to preference to control the tab width: Java editor and formatter. 
There should be only one</thetext>
          </long_desc>
          <long_desc isprivate="0">
            <commentid>29889</commentid>
            <who name="Kai-Uwe Maetzel">kai-uwe_maetzel</who>
            <bug_when>2002-03-04 13:38:27 -0500</bug_when>
            <thetext>That&apos;s on purpose. The one on the editor&apos;s preference page describes the visual 
width of a tab, the formatter preference describes the translation ratio 
between tabs and spaces.</thetext>
          </long_desc>
          <long_desc isprivate="0">
            <commentid>30083</commentid>
            <who name="Dirk Baeumer">dirk_baeumer</who>
            <bug_when>2002-03-05 04:16:44 -0500</bug_when>
            <thetext>What is the use case of having two different settings for each value ?</thetext>
          </long_desc>
          <long_desc isprivate="0">
            <commentid>39293</commentid>
            <who name="Kai-Uwe Maetzel">kai-uwe_maetzel</who>
            <bug_when>2002-04-08 05:27:16 -0400</bug_when>
            <thetext>For checking tabs versus spaces. See Sun code formatting convention.</thetext>
          </long_desc>
      
      

    </bug>

</bugzilla>