<?xml version="1.0" encoding="UTF-8" standalone="yes" ?>


<bugzilla version="4.2.1"
          urlbase="https://bugs.eclipse.org/bugs/"
          
          maintainer="webmaster@eclipse.org"
>

    <bug>
          <bug_id>10591</bug_id>
          
          <creation_ts>2002-03-01 11:40:00 -0500</creation_ts>
          <short_desc>Broke progress on Checkout</short_desc>
          <delta_ts>2002-03-20 17:00:35 -0500</delta_ts>
          <reporter_accessible>1</reporter_accessible>
          <cclist_accessible>1</cclist_accessible>
          <classification_id>2</classification_id>
          <classification>Eclipse</classification>
          <product>Platform</product>
          <component>Team</component>
          <version>1.0</version>
          <rep_platform>PC</rep_platform>
          <op_sys>Linux</op_sys>
          <bug_status>RESOLVED</bug_status>
          <resolution>INVALID</resolution>
          
          
          <bug_file_loc></bug_file_loc>
          <status_whiteboard></status_whiteboard>
          <keywords></keywords>
          <priority>P3</priority>
          <bug_severity>normal</bug_severity>
          <target_milestone>2.0 M4</target_milestone>
          
          
          <everconfirmed>1</everconfirmed>
          <reporter name="James Moody">James_Moody</reporter>
          <assigned_to name="James Moody">James_Moody</assigned_to>
          
          
          <votes>0</votes>

      

      

      

          <long_desc isprivate="0">
            <commentid>29483</commentid>
            <who name="James Moody">James_Moody</who>
            <bug_when>2002-03-01 11:40:08 -0500</bug_when>
            <thetext>Checkout Progress is broken.</thetext>
          </long_desc>
          <long_desc isprivate="0">
            <commentid>32198</commentid>
            <who name="James Moody">James_Moody</who>
            <bug_when>2002-03-12 15:25:34 -0500</bug_when>
            <thetext>This has been fixed.</thetext>
          </long_desc>
          <long_desc isprivate="0">
            <commentid>34804</commentid>
            <who name="Kevin McGuire">Kevin_McGuire</who>
            <bug_when>2002-03-20 16:57:47 -0500</bug_when>
            <thetext>fixed in M4</thetext>
          </long_desc>
          <long_desc isprivate="0">
            <commentid>34813</commentid>
            <who name="Kevin McGuire">Kevin_McGuire</who>
            <bug_when>2002-03-20 17:00:35 -0500</bug_when>
            <thetext>(disregard &quot;fixed in m4&quot; comment, should&apos;ve said &quot;closed&quot;)</thetext>
          </long_desc>
      
      

    </bug>

</bugzilla>