<?xml version="1.0" encoding="UTF-8" standalone="yes" ?>


<bugzilla version="4.2.1"
          urlbase="https://bugs.eclipse.org/bugs/"
          
          maintainer="webmaster@eclipse.org"
>

    <bug>
          <bug_id>10503</bug_id>
          
          <creation_ts>2002-02-28 12:18:00 -0500</creation_ts>
          <short_desc>Incomplete message in &quot;emergency shutdown&quot; dialog</short_desc>
          <delta_ts>2002-04-24 11:38:04 -0400</delta_ts>
          <reporter_accessible>1</reporter_accessible>
          <cclist_accessible>1</cclist_accessible>
          <classification_id>2</classification_id>
          <classification>Eclipse</classification>
          <product>Platform</product>
          <component>UI</component>
          <version>2.0</version>
          <rep_platform>PC</rep_platform>
          <op_sys>Windows NT</op_sys>
          <bug_status>RESOLVED</bug_status>
          <resolution>DUPLICATE</resolution>
          <dup_id>14528</dup_id>
          
          <bug_file_loc></bug_file_loc>
          <status_whiteboard></status_whiteboard>
          <keywords></keywords>
          <priority>P2</priority>
          <bug_severity>normal</bug_severity>
          <target_milestone>---</target_milestone>
          
          
          <everconfirmed>1</everconfirmed>
          <reporter name="Knut Radloff">knut_radloff</reporter>
          <assigned_to name="Eduardo Pereira">eduardo_pereira</assigned_to>
          <cc>john_arthorne</cc>
          
          <votes>0</votes>

      

      

      

          <long_desc isprivate="0">
            <commentid>29180</commentid>
            <who name="Knut Radloff">knut_radloff</who>
            <bug_when>2002-02-28 12:18:14 -0500</bug_when>
            <thetext>build 20020227

I got an internal error when saving a java file (bug 10502). The dialog had 
yes/no/details buttons but no message that asked &quot;Do you want to save your 
workspace and exit&quot;. It only showed the exception message.
I guessed that I was being asked whether I wanted to shutdown the workspace and 
clicked yes. Eclipse did shutdown but apparently didn&apos;t save the workspace 
properly. I can&apos;t restart.
The message box should always include the actual shutdown prompt, not just the 
exception message.</thetext>
          </long_desc>
          <long_desc isprivate="0">
            <commentid>29185</commentid>
            <who name="Knut Radloff">knut_radloff</who>
            <bug_when>2002-02-28 12:24:24 -0500</bug_when>
            <thetext>Entered bug 10504 for the corrupt workspace.</thetext>
          </long_desc>
          <long_desc isprivate="0">
            <commentid>29272</commentid>
            <who name="Knut Radloff">knut_radloff</who>
            <bug_when>2002-02-28 15:01:38 -0500</bug_when>
            <thetext>I got the same error again, this time with the &quot;Exit Workspace?&quot; question.
Is it possible that the question sometimes gets overwritten by a very long 
exception message?</thetext>
          </long_desc>
          <long_desc isprivate="0">
            <commentid>36084</commentid>
            <who name="Eduardo Pereira">eduardo_pereira</who>
            <bug_when>2002-03-25 10:46:15 -0500</bug_when>
            <thetext>Could not reproduce it. Tried a big message and it worked.</thetext>
          </long_desc>
          <long_desc isprivate="0">
            <commentid>36123</commentid>
            <who name="Eduardo Pereira">eduardo_pereira</who>
            <bug_when>2002-03-25 11:18:16 -0500</bug_when>
            <thetext>*** Bug 10866 has been marked as a duplicate of this bug. ***</thetext>
          </long_desc>
          <long_desc isprivate="0">
            <commentid>46135</commentid>
            <who name="Eduardo Pereira">eduardo_pereira</who>
            <bug_when>2002-04-24 11:38:04 -0400</bug_when>
            <thetext>

*** This bug has been marked as a duplicate of 14528 ***</thetext>
          </long_desc>
      
      

    </bug>

</bugzilla>