<?xml version="1.0" encoding="UTF-8" standalone="yes" ?>


<bugzilla version="4.2.1"
          urlbase="https://bugs.eclipse.org/bugs/"
          
          maintainer="webmaster@eclipse.org"
>

    <bug>
          <bug_id>10646</bug_id>
          
          <creation_ts>2002-03-03 15:17:00 -0500</creation_ts>
          <short_desc>Can add an empty environment variable for launch configurations</short_desc>
          <delta_ts>2002-03-05 11:10:28 -0500</delta_ts>
          <reporter_accessible>1</reporter_accessible>
          <cclist_accessible>1</cclist_accessible>
          <classification_id>2</classification_id>
          <classification>Eclipse</classification>
          <product>JDT</product>
          <component>Debug</component>
          <version>2.0</version>
          <rep_platform>Other</rep_platform>
          <op_sys>other</op_sys>
          <bug_status>VERIFIED</bug_status>
          <resolution>FIXED</resolution>
          
          
          <bug_file_loc></bug_file_loc>
          <status_whiteboard></status_whiteboard>
          <keywords></keywords>
          <priority>P3</priority>
          <bug_severity>normal</bug_severity>
          <target_milestone>2.0 M4</target_milestone>
          
          
          <everconfirmed>1</everconfirmed>
          <reporter name="Darin Swanson">Darin_Swanson</reporter>
          <assigned_to name="Darin Swanson">Darin_Swanson</assigned_to>
          
          
          <votes>0</votes>

      

      

      

          <long_desc isprivate="0">
            <commentid>29630</commentid>
            <who name="Darin Swanson">Darin_Swanson</who>
            <bug_when>2002-03-03 15:17:35 -0500</bug_when>
            <thetext>Create a launch configuration
Go to the environment tab
Click on add
Click OK</thetext>
          </long_desc>
          <long_desc isprivate="0">
            <commentid>29809</commentid>
            <who name="Darin Wright">darin.eclipse</who>
            <bug_when>2002-03-04 10:57:50 -0500</bug_when>
            <thetext>Fixed.</thetext>
          </long_desc>
          <long_desc isprivate="0">
            <commentid>29810</commentid>
            <who name="Darin Wright">darin.eclipse</who>
            <bug_when>2002-03-04 10:58:12 -0500</bug_when>
            <thetext>Please verify.</thetext>
          </long_desc>
          <long_desc isprivate="0">
            <commentid>30240</commentid>
            <who name="Darin Swanson">Darin_Swanson</who>
            <bug_when>2002-03-05 11:10:28 -0500</bug_when>
            <thetext>Verified.</thetext>
          </long_desc>
      
      

    </bug>

</bugzilla>