<?xml version="1.0" encoding="UTF-8" standalone="yes" ?>


<bugzilla version="4.2.1"
          urlbase="https://bugs.eclipse.org/bugs/"
          
          maintainer="webmaster@eclipse.org"
>

    <bug>
          <bug_id>10481</bug_id>
          
          <creation_ts>2002-02-28 10:47:00 -0500</creation_ts>
          <short_desc>View will not Size via Pull Down</short_desc>
          <delta_ts>2002-04-09 11:52:36 -0400</delta_ts>
          <reporter_accessible>1</reporter_accessible>
          <cclist_accessible>1</cclist_accessible>
          <classification_id>2</classification_id>
          <classification>Eclipse</classification>
          <product>Platform</product>
          <component>SWT</component>
          <version>2.0</version>
          <rep_platform>Sun</rep_platform>
          <op_sys>Solaris</op_sys>
          <bug_status>RESOLVED</bug_status>
          <resolution>FIXED</resolution>
          
          
          <bug_file_loc></bug_file_loc>
          <status_whiteboard></status_whiteboard>
          <keywords></keywords>
          <priority>P2</priority>
          <bug_severity>major</bug_severity>
          <target_milestone>2.0 M4</target_milestone>
          <dependson>10974</dependson>
          
          <everconfirmed>1</everconfirmed>
          <reporter name="Justin Noel">justin</reporter>
          <assigned_to name="Grant Gayed">grant_gayed</assigned_to>
          <cc>sridhar</cc>
    
    <cc>Tod_Creasey</cc>
          
          <votes>0</votes>

      

      

      

          <long_desc isprivate="0">
            <commentid>29106</commentid>
            <who name="Justin Noel">justin</who>
            <bug_when>2002-02-28 10:47:21 -0500</bug_when>
            <thetext>Eclipse Drop: December 19th Stable
OS: Solaris 2.7 w/ Sun Recommended Patches
HW: Sun Ultra 60
JRE: Sun 1.3.1
Motif: 2.1
CDE: 1.3

To Reproduce:

Create Fast View
Right-click Title Bar -&gt; Size -&gt; Right
Failure

Error: Nothing happens at all.

Consistant broken behaior in Linux-Motif.</thetext>
          </long_desc>
          <long_desc isprivate="0">
            <commentid>30735</commentid>
            <who name="Kevin Haaland">Kevin_Haaland</who>
            <bug_when>2002-03-06 20:20:09 -0500</bug_when>
            <thetext>Tod, 

   This may end up being an SWT defect. Please confirm on your Motif machine. </thetext>
          </long_desc>
          <long_desc isprivate="0">
            <commentid>30963</commentid>
            <who name="Tod Creasey">Tod_Creasey</who>
            <bug_when>2002-03-07 11:42:58 -0500</bug_when>
            <thetext>Confirmed on Linux-Motif </thetext>
          </long_desc>
          <long_desc isprivate="0">
            <commentid>31432</commentid>
            <who name="Grant Gayed">grant_gayed</who>
            <bug_when>2002-03-08 16:30:57 -0500</bug_when>
            <thetext>*** Bug 10974 has been marked as a duplicate of this bug. ***</thetext>
          </long_desc>
          <long_desc isprivate="0">
            <commentid>32383</commentid>
            <who name="Sridhar Bidigalu">sridhar</who>
            <bug_when>2002-03-13 11:14:06 -0500</bug_when>
            <thetext>Same behavior noticed in the HP-UX 11.0

Eclipse stable build: 20020214
Motif: 2.1
CDE: 2.1.0
Java(TM) 2 RE, Standard Edition (build 1.3.1.02-011206-02:17)</thetext>
          </long_desc>
          <long_desc isprivate="0">
            <commentid>32507</commentid>
            <who name="Grant Gayed">grant_gayed</who>
            <bug_when>2002-03-13 15:14:47 -0500</bug_when>
            <thetext>Fixed &gt; 0312.  The Sash now makes itself temporarily traversable whenever it 
receives setFocus (), so it can take focus and be moved with the arrow keys.  
When it loses focus it reverts its traversable resource to false.

</thetext>
          </long_desc>
      
      

    </bug>

</bugzilla>