<?xml version="1.0" encoding="UTF-8" standalone="yes" ?>


<bugzilla version="4.2.1"
          urlbase="https://bugs.eclipse.org/bugs/"
          
          maintainer="webmaster@eclipse.org"
>

    <bug>
          <bug_id>10617</bug_id>
          
          <creation_ts>2002-03-01 16:18:00 -0500</creation_ts>
          <short_desc>Missing properties sheet contribution for remote resources</short_desc>
          <delta_ts>2002-03-04 15:31:49 -0500</delta_ts>
          <reporter_accessible>1</reporter_accessible>
          <cclist_accessible>1</cclist_accessible>
          <classification_id>2</classification_id>
          <classification>Eclipse</classification>
          <product>Platform</product>
          <component>Team</component>
          <version>2.0</version>
          <rep_platform>PC</rep_platform>
          <op_sys>All</op_sys>
          <bug_status>RESOLVED</bug_status>
          <resolution>FIXED</resolution>
          
          
          <bug_file_loc></bug_file_loc>
          <status_whiteboard></status_whiteboard>
          <keywords></keywords>
          <priority>P3</priority>
          <bug_severity>normal</bug_severity>
          <target_milestone>2.0 M4</target_milestone>
          
          
          <everconfirmed>1</everconfirmed>
          <reporter name="Kevin McGuire">Kevin_McGuire</reporter>
          <assigned_to name="James Moody">James_Moody</assigned_to>
          
          
          <votes>0</votes>

      

      

      

          <long_desc isprivate="0">
            <commentid>29559</commentid>
            <who name="Kevin McGuire">Kevin_McGuire</who>
            <bug_when>2002-03-01 16:18:32 -0500</bug_when>
            <thetext>It appears we are not contributing to the properties sheet/view for remote 
resources in the repo viewer.</thetext>
          </long_desc>
          <long_desc isprivate="0">
            <commentid>29840</commentid>
            <who name="James Moody">James_Moody</who>
            <bug_when>2002-03-04 11:36:19 -0500</bug_when>
            <thetext>Nor are we contributing properties for regular resources in the navigator.</thetext>
          </long_desc>
          <long_desc isprivate="0">
            <commentid>29911</commentid>
            <who name="James Moody">James_Moody</who>
            <bug_when>2002-03-04 14:03:41 -0500</bug_when>
            <thetext>Fixed remote files, folders, repository locations.
Investigating how to add to the existing properties of IFiles, IFolders.</thetext>
          </long_desc>
          <long_desc isprivate="0">
            <commentid>29961</commentid>
            <who name="James Moody">James_Moody</who>
            <bug_when>2002-03-04 15:31:49 -0500</bug_when>
            <thetext>Can&apos;t easily add contributions for Files in the workspace, and we didn&apos;t do this
in 1.0 anyway. Closing PR as Fixed, will consider future enhancements.</thetext>
          </long_desc>
      
      

    </bug>

</bugzilla>