<?xml version="1.0" encoding="UTF-8" standalone="yes" ?>


<bugzilla version="4.2.1"
          urlbase="https://bugs.eclipse.org/bugs/"
          
          maintainer="webmaster@eclipse.org"
>

    <bug>
          <bug_id>10226</bug_id>
          
          <creation_ts>2002-02-25 18:06:00 -0500</creation_ts>
          <short_desc>file operations on hidden files/directories</short_desc>
          <delta_ts>2009-01-12 09:19:50 -0500</delta_ts>
          <reporter_accessible>1</reporter_accessible>
          <cclist_accessible>1</cclist_accessible>
          <classification_id>4</classification_id>
          <classification>Tools</classification>
          <product>CDT</product>
          <component>cdt-other</component>
          <version>1.0</version>
          <rep_platform>PC</rep_platform>
          <op_sys>Linux</op_sys>
          <bug_status>CLOSED</bug_status>
          <resolution>FIXED</resolution>
          
          
          <bug_file_loc></bug_file_loc>
          <status_whiteboard></status_whiteboard>
          <keywords></keywords>
          <priority>P3</priority>
          <bug_severity>normal</bug_severity>
          <target_milestone>---</target_milestone>
          
          
          <everconfirmed>1</everconfirmed>
          <reporter name="Enrique Varillas">enriquev</reporter>
          <assigned_to name="David McKnight">dmcknigh</assigned_to>
          
          
          <votes>0</votes>

      

      

      

          <long_desc isprivate="0">
            <commentid>27965</commentid>
            <who name="Enrique Varillas">enriquev</who>
            <bug_when>2002-02-25 18:06:38 -0500</bug_when>
            <thetext>Any file/directory whose name starts with &quot;.&quot; is treated as a &quot;hidden
file/directory&quot;. Since these files are displayed in the C/C++ projects view, a
user should be able to perform some file operations on the file: open(for
files), rename, delete. Yet, these actions are disabled in their Pop-up menu
(C/C++ Projects view). Need to enable these operations.</thetext>
          </long_desc>
          <long_desc isprivate="0">
            <commentid>28187</commentid>
            <who name="David McKnight">dmcknigh</who>
            <bug_when>2002-02-26 13:55:41 -0500</bug_when>
            <thetext>I changed the FS miner to create hidden files when the name starts with &apos;.&apos;.  
I&apos;ve also changed the actions for rename and delete so that hidden 
files/directories are acceptable subjects.</thetext>
          </long_desc>
          <long_desc isprivate="0">
            <commentid>185093</commentid>
            <who name="Sebastien Marineau">sebastien</who>
            <bug_when>2003-09-10 08:57:49 -0400</bug_when>
            <thetext>Closing</thetext>
          </long_desc>
      
      

    </bug>

</bugzilla>