<?xml version="1.0" encoding="UTF-8" standalone="yes" ?>


<bugzilla version="4.2.1"
          urlbase="https://bugs.eclipse.org/bugs/"
          
          maintainer="webmaster@eclipse.org"
>

    <bug>
          <bug_id>10060</bug_id>
          
          <creation_ts>2002-02-21 10:07:00 -0500</creation_ts>
          <short_desc>Add a preference to allow running the default target without displaying the dialog</short_desc>
          <delta_ts>2006-11-28 18:25:02 -0500</delta_ts>
          <reporter_accessible>1</reporter_accessible>
          <cclist_accessible>1</cclist_accessible>
          <classification_id>2</classification_id>
          <classification>Eclipse</classification>
          <product>Platform</product>
          <component>Ant</component>
          <version>2.0</version>
          <rep_platform>All</rep_platform>
          <op_sys>All</op_sys>
          <bug_status>CLOSED</bug_status>
          <resolution>DUPLICATE</resolution>
          <dup_id>11445</dup_id>
          
          <bug_file_loc></bug_file_loc>
          <status_whiteboard></status_whiteboard>
          <keywords></keywords>
          <priority>P3</priority>
          <bug_severity>enhancement</bug_severity>
          <target_milestone>---</target_milestone>
          
          
          <everconfirmed>1</everconfirmed>
          <reporter name="Valentin Baciu">vbaciu</reporter>
          <assigned_to name="DJ Houghton">dj_houghton</assigned_to>
          <cc>vbaciu</cc>
          
          <votes>0</votes>

      

      

      

          <long_desc isprivate="0">
            <commentid>27584</commentid>
            <who name="Valentin Baciu">vbaciu</who>
            <bug_when>2002-02-21 10:07:41 -0500</bug_when>
            <thetext>I could not find a setting to bypass the &quot;run ant&quot; dialog.
I find it very cumbersome to have to always go through the dialog when 99% of 
the time I choose to execute the default target.</thetext>
          </long_desc>
          <long_desc isprivate="0">
            <commentid>35264</commentid>
            <who name="Rodrigo Peretti">rodrigo_peretti</who>
            <bug_when>2002-03-21 14:08:36 -0500</bug_when>
            <thetext>

*** This bug has been marked as a duplicate of 11445 ***</thetext>
          </long_desc>
          <long_desc isprivate="0">
            <commentid>840668</commentid>
            <who name="Valentin Baciu">vbaciu</who>
            <bug_when>2006-11-28 18:25:02 -0500</bug_when>
            <thetext>Closing old bugs.</thetext>
          </long_desc>
      
      

    </bug>

</bugzilla>