<?xml version="1.0" encoding="UTF-8" standalone="yes" ?>


<bugzilla version="4.2.1"
          urlbase="https://bugs.eclipse.org/bugs/"
          
          maintainer="webmaster@eclipse.org"
>

    <bug>
          <bug_id>10107</bug_id>
          
          <creation_ts>2002-02-22 12:24:00 -0500</creation_ts>
          <short_desc>autoconf: add a &quot;clean all&quot; to erase everything autoconf related</short_desc>
          <delta_ts>2009-01-09 14:10:14 -0500</delta_ts>
          <reporter_accessible>1</reporter_accessible>
          <cclist_accessible>1</cclist_accessible>
          <classification_id>4</classification_id>
          <classification>Tools</classification>
          <product>CDT</product>
          <component>cdt-other</component>
          <version>1.0</version>
          <rep_platform>PC</rep_platform>
          <op_sys>All</op_sys>
          <bug_status>RESOLVED</bug_status>
          <resolution>WONTFIX</resolution>
          
          
          <bug_file_loc></bug_file_loc>
          <status_whiteboard></status_whiteboard>
          <keywords></keywords>
          <priority>P2</priority>
          <bug_severity>enhancement</bug_severity>
          <target_milestone>2.0 - Release</target_milestone>
          
          
          <everconfirmed>1</everconfirmed>
          <reporter name="Robert Weisz">weisz</reporter>
          <assigned_to name="Yasser Elmankabady">eyasser</assigned_to>
          <cc>eyasser</cc>
          
          <votes>0</votes>

      

      

      

          <long_desc isprivate="0">
            <commentid>27679</commentid>
            <who name="Robert Weisz">weisz</who>
            <bug_when>2002-02-22 12:24:17 -0500</bug_when>
            <thetext>Deleting Makefile.am and configure.in will ensure that everything else will get
regenerated from scratch.</thetext>
          </long_desc>
          <long_desc isprivate="0">
            <commentid>169195</commentid>
            <who name="Sebastien Marineau">sebastien</who>
            <bug_when>2003-06-25 14:48:18 -0400</bug_when>
            <thetext>Rx*_VR8W</thetext>
          </long_desc>
      
      

    </bug>

</bugzilla>