<?xml version="1.0" encoding="UTF-8" standalone="yes" ?>


<bugzilla version="4.2.1"
          urlbase="https://bugs.eclipse.org/bugs/"
          
          maintainer="webmaster@eclipse.org"
>

    <bug>
          <bug_id>10178</bug_id>
          
          <creation_ts>2002-02-25 11:43:00 -0500</creation_ts>
          <short_desc>Text boxes in Workbench Preferences should be labels</short_desc>
          <delta_ts>2002-08-09 12:56:43 -0400</delta_ts>
          <reporter_accessible>1</reporter_accessible>
          <cclist_accessible>1</cclist_accessible>
          <classification_id>2</classification_id>
          <classification>Eclipse</classification>
          <product>Platform</product>
          <component>UI</component>
          <version>2.0</version>
          <rep_platform>PC</rep_platform>
          <op_sys>Windows 2000</op_sys>
          <bug_status>RESOLVED</bug_status>
          <resolution>INVALID</resolution>
          
          
          <bug_file_loc></bug_file_loc>
          <status_whiteboard></status_whiteboard>
          <keywords>accessibility</keywords>
          <priority>P3</priority>
          <bug_severity>normal</bug_severity>
          <target_milestone>---</target_milestone>
          
          
          <everconfirmed>1</everconfirmed>
          <reporter name="Tod Creasey">Tod_Creasey</reporter>
          <assigned_to name="Kevin Haaland">Kevin_Haaland</assigned_to>
          <cc>nick_edgar</cc>
          
          <votes>0</votes>

      

      

      

          <long_desc isprivate="0">
            <commentid>27832</commentid>
            <who name="Tod Creasey">Tod_Creasey</who>
            <bug_when>2002-02-25 11:43:46 -0500</bug_when>
            <thetext>THe boxes that show the Shift state for the Workbench dialog are confusing as 
they show up in the tab groups. As a result they are info provided to JAWS but 
without context.</thetext>
          </long_desc>
          <long_desc isprivate="0">
            <commentid>30525</commentid>
            <who name="Tod Creasey">Tod_Creasey</who>
            <bug_when>2002-03-06 10:10:01 -0500</bug_when>
            <thetext>Tab group shoud be fixed to give more context to the user when tabbing around 
but this does not prevent section 508 from being satisified.</thetext>
          </long_desc>
          <long_desc isprivate="0">
            <commentid>30697</commentid>
            <who name="Nick Edgar">nick_edgar</who>
            <bug_when>2002-03-06 16:49:47 -0500</bug_when>
            <thetext>Could use Composite.setTabList to work around this.</thetext>
          </long_desc>
          <long_desc isprivate="0">
            <commentid>32788</commentid>
            <who name="Tod Creasey">Tod_Creasey</who>
            <bug_when>2002-03-14 13:27:05 -0500</bug_when>
            <thetext>Defer.</thetext>
          </long_desc>
          <long_desc isprivate="0">
            <commentid>85114</commentid>
            <who name="Randy Giffen">Randy_Giffen</who>
            <bug_when>2002-08-09 12:56:10 -0400</bug_when>
            <thetext>Reeopen to close</thetext>
          </long_desc>
          <long_desc isprivate="0">
            <commentid>85115</commentid>
            <who name="Randy Giffen">Randy_Giffen</who>
            <bug_when>2002-08-09 12:56:43 -0400</bug_when>
            <thetext>No longer used in 2.0</thetext>
          </long_desc>
      
      

    </bug>

</bugzilla>