<?xml version="1.0" encoding="UTF-8" standalone="yes" ?>


<bugzilla version="4.2.1"
          urlbase="https://bugs.eclipse.org/bugs/"
          
          maintainer="webmaster@eclipse.org"
>

    <bug>
          <bug_id>10139</bug_id>
          
          <creation_ts>2002-02-23 22:06:00 -0500</creation_ts>
          <short_desc>can&apos;t add external jars to java build path with gtk version</short_desc>
          <delta_ts>2002-04-08 13:28:20 -0400</delta_ts>
          <reporter_accessible>1</reporter_accessible>
          <cclist_accessible>1</cclist_accessible>
          <classification_id>2</classification_id>
          <classification>Eclipse</classification>
          <product>Platform</product>
          <component>SWT</component>
          <version>2.0</version>
          <rep_platform>PC</rep_platform>
          <op_sys>Linux-GTK</op_sys>
          <bug_status>RESOLVED</bug_status>
          <resolution>DUPLICATE</resolution>
          <dup_id>12498</dup_id>
          
          <bug_file_loc></bug_file_loc>
          <status_whiteboard></status_whiteboard>
          <keywords></keywords>
          <priority>P3</priority>
          <bug_severity>normal</bug_severity>
          <target_milestone>---</target_milestone>
          
          
          <everconfirmed>1</everconfirmed>
          <reporter name="jim moore">jim</reporter>
          <assigned_to name="Boris Shingarov">bshingar</assigned_to>
          
          
          <votes>0</votes>

      

      

      

          <long_desc isprivate="0">
            <commentid>27748</commentid>
            <who name="jim moore">jim</who>
            <bug_when>2002-02-23 22:06:46 -0500</bug_when>
            <thetext>I can&apos;t add external jars to java build path with 200215-linux-gtk build. This 
happens repeatedly even after reboot. I am using a fresh install of redhat 7.2 
with jdk1.4. I am running eclipse from within kde.

When the selection window for the external jars opens, I can&apos;t select or click 
anything in it while the parent java project properties window is open. If I 
close the properties window from the close window icon on toolbar, then the 
selection window becomes functional, but if I choose a file and hit okay, I 
get a message that an SWT error has occurred and I should quit and the 
following error is dumped to the terminal window that launched eclipse. I am 
using the 
Unhandled exception caught in event loop.
Reason:
Widget is disposed</thetext>
          </long_desc>
          <long_desc isprivate="0">
            <commentid>31602</commentid>
            <who name="Erich Gamma">erich_gamma</who>
            <bug_when>2002-03-11 09:02:26 -0500</bug_when>
            <thetext>This looks like an SWT problem with GTK. Moving to SWT</thetext>
          </long_desc>
          <long_desc isprivate="0">
            <commentid>37390</commentid>
            <who name="Nicolas Martignole">nmartignole</who>
            <bug_when>2002-03-29 07:47:18 -0500</bug_when>
            <thetext>Same bug than bug report 12498 
</thetext>
          </long_desc>
          <long_desc isprivate="0">
            <commentid>39507</commentid>
            <who name="Boris Shingarov">bshingar</who>
            <bug_when>2002-04-08 13:28:20 -0400</bug_when>
            <thetext>

*** This bug has been marked as a duplicate of 12498 ***</thetext>
          </long_desc>
      
      

    </bug>

</bugzilla>