<?xml version="1.0" encoding="UTF-8" standalone="yes" ?>


<bugzilla version="4.2.1"
          urlbase="https://bugs.eclipse.org/bugs/"
          
          maintainer="webmaster@eclipse.org"
>

    <bug>
          <bug_id>10530</bug_id>
          
          <creation_ts>2002-02-28 16:46:00 -0500</creation_ts>
          <short_desc>[CVS Decorator] Decorators preference too much</short_desc>
          <delta_ts>2004-08-03 16:39:03 -0400</delta_ts>
          <reporter_accessible>1</reporter_accessible>
          <cclist_accessible>1</cclist_accessible>
          <classification_id>2</classification_id>
          <classification>Eclipse</classification>
          <product>Platform</product>
          <component>Team</component>
          <version>2.0</version>
          <rep_platform>PC</rep_platform>
          <op_sys>All</op_sys>
          <bug_status>RESOLVED</bug_status>
          <resolution>WONTFIX</resolution>
          
          
          <bug_file_loc></bug_file_loc>
          <status_whiteboard></status_whiteboard>
          <keywords></keywords>
          <priority>P5</priority>
          <bug_severity>normal</bug_severity>
          <target_milestone>---</target_milestone>
          
          
          <everconfirmed>1</everconfirmed>
          <reporter name="Kevin McGuire">Kevin_McGuire</reporter>
          <assigned_to name="Platform-VCM-Inbox">platform-vcm-inbox</assigned_to>
          
          
          <votes>0</votes>

      

      

      

          <long_desc isprivate="0">
            <commentid>29312</commentid>
            <who name="Kevin McGuire">Kevin_McGuire</who>
            <bug_when>2002-02-28 16:46:12 -0500</bug_when>
            <thetext>The decorators prefence, although very cool and hey you can do whatever you 
want, is too much.  I think its overwhelming for most people.

It would be better for us to have some canned preset decorators that people can 
choose between.  Ideally they&apos;ld be based on what task we thought they were 
doing.

We could consider leaving the option dialog that we have for &quot;advanced users&quot;, 
but I would be happy to do without.  I am also concerned about the testing 
effort of all the combinations.</thetext>
          </long_desc>
          <long_desc isprivate="0">
            <commentid>328360</commentid>
            <who name="Jean-Michel Lemieux">jean-michel_lemieux</who>
            <bug_when>2004-08-03 16:39:03 -0400</bug_when>
            <thetext>it&apos;s been around for a long time and we don&apos;t have any plans on changing it.</thetext>
          </long_desc>
      
      

    </bug>

</bugzilla>