<?xml version="1.0" encoding="UTF-8" standalone="yes" ?>


<bugzilla version="4.2.1"
          urlbase="https://bugs.eclipse.org/bugs/"
          
          maintainer="webmaster@eclipse.org"
>

    <bug>
          <bug_id>10224</bug_id>
          
          <creation_ts>2002-02-25 17:33:00 -0500</creation_ts>
          <short_desc>Label for &quot;Browse...&quot; button on &quot;Command Launcher&quot; view is truncated.</short_desc>
          <delta_ts>2009-01-09 16:55:43 -0500</delta_ts>
          <reporter_accessible>1</reporter_accessible>
          <cclist_accessible>1</cclist_accessible>
          <classification_id>4</classification_id>
          <classification>Tools</classification>
          <product>CDT</product>
          <component>cdt-core</component>
          <version>1.0</version>
          <rep_platform>PC</rep_platform>
          <op_sys>Linux</op_sys>
          <bug_status>RESOLVED</bug_status>
          <resolution>FIXED</resolution>
          
          
          <bug_file_loc></bug_file_loc>
          <status_whiteboard></status_whiteboard>
          <keywords></keywords>
          <priority>P4</priority>
          <bug_severity>minor</bug_severity>
          <target_milestone>---</target_milestone>
          
          
          <everconfirmed>1</everconfirmed>
          <reporter name="Samantha Chan">chanskw</reporter>
          <assigned_to name="David McKnight">dmcknigh</assigned_to>
          
          
          <votes>0</votes>

      

      

      

          <long_desc isprivate="0">
            <commentid>27957</commentid>
            <who name="Samantha Chan">chanskw</who>
            <bug_when>2002-02-25 17:33:50 -0500</bug_when>
            <thetext>Label for the button is truncated on Linux.</thetext>
          </long_desc>
          <long_desc isprivate="0">
            <commentid>28196</commentid>
            <who name="David McKnight">dmcknigh</who>
            <bug_when>2002-02-26 14:10:40 -0500</bug_when>
            <thetext>I&apos;ve changed the button width.</thetext>
          </long_desc>
      
      

    </bug>

</bugzilla>