<?xml version="1.0" encoding="UTF-8" standalone="yes" ?>


<bugzilla version="4.2.1"
          urlbase="https://bugs.eclipse.org/bugs/"
          
          maintainer="webmaster@eclipse.org"
>

    <bug>
          <bug_id>10014</bug_id>
          
          <creation_ts>2002-02-20 07:18:00 -0500</creation_ts>
          <short_desc>Ignore Whitespace</short_desc>
          <delta_ts>2003-01-20 08:20:02 -0500</delta_ts>
          <reporter_accessible>1</reporter_accessible>
          <cclist_accessible>1</cclist_accessible>
          <classification_id>2</classification_id>
          <classification>Eclipse</classification>
          <product>Platform</product>
          <component>Compare</component>
          <version>2.0</version>
          <rep_platform>PC</rep_platform>
          <op_sys>Windows 2000</op_sys>
          <bug_status>RESOLVED</bug_status>
          <resolution>DUPLICATE</resolution>
          <dup_id>22069</dup_id>
          
          <bug_file_loc></bug_file_loc>
          <status_whiteboard></status_whiteboard>
          <keywords></keywords>
          <priority>P3</priority>
          <bug_severity>normal</bug_severity>
          <target_milestone>---</target_milestone>
          
          
          <everconfirmed>1</everconfirmed>
          <reporter name="Chris Brown">brownc</reporter>
          <assigned_to name="Andre Weinand">andre_weinand</assigned_to>
          <cc>brownc</cc>
    
    <cc>cagatayk</cc>
    
    <cc>eclipse</cc>
          
          <votes>0</votes>

      

      

      

          <long_desc isprivate="0">
            <commentid>27511</commentid>
            <who name="Chris Brown">brownc</who>
            <bug_when>2002-02-20 07:18:08 -0500</bug_when>
            <thetext>More often than not, you want to ignore whitespace when comparing Java 
sources.  This should be the default and the menu changed to &quot;Include 
Whitespace&quot;.</thetext>
          </long_desc>
          <long_desc isprivate="0">
            <commentid>47942</commentid>
            <who name="Cagatay Kavukcuoglu">cagatayk</who>
            <bug_when>2002-04-30 12:14:17 -0400</bug_when>
            <thetext>There should at least be a preference under Workbench/Compare that should 
control the initial behavior of the compare editor. The editor action &quot;ignore 
whitespace&quot; is insufficient since the list of changed files are not recomputed 
when this action is chosen. This became my biggest usability issue with the 
compare editor as I frequently compare directory structures (not everyone is 
lucky enough to have a team plugin for their projects&apos; source control system).</thetext>
          </long_desc>
          <long_desc isprivate="0">
            <commentid>120004</commentid>
            <who name="Andre Weinand">andre_weinand</who>
            <bug_when>2003-01-20 08:20:02 -0500</bug_when>
            <thetext>

*** This bug has been marked as a duplicate of 22069 ***</thetext>
          </long_desc>
      
      

    </bug>

</bugzilla>