<?xml version="1.0" encoding="UTF-8" standalone="yes" ?>


<bugzilla version="4.2.1"
          urlbase="https://bugs.eclipse.org/bugs/"
          
          maintainer="webmaster@eclipse.org"
>

    <bug>
          <bug_id>10603</bug_id>
          
          <creation_ts>2002-03-01 13:27:00 -0500</creation_ts>
          <short_desc>Add Breakpoint keeps prompting me</short_desc>
          <delta_ts>2002-04-09 10:36:26 -0400</delta_ts>
          <reporter_accessible>1</reporter_accessible>
          <cclist_accessible>1</cclist_accessible>
          <classification_id>2</classification_id>
          <classification>Eclipse</classification>
          <product>Platform</product>
          <component>SWT</component>
          <version>2.0</version>
          <rep_platform>PC</rep_platform>
          <op_sys>All</op_sys>
          <bug_status>RESOLVED</bug_status>
          <resolution>FIXED</resolution>
          
          
          <bug_file_loc></bug_file_loc>
          <status_whiteboard></status_whiteboard>
          <keywords></keywords>
          <priority>P1</priority>
          <bug_severity>normal</bug_severity>
          <target_milestone>2.0 M4</target_milestone>
          
          
          <everconfirmed>1</everconfirmed>
          <reporter name="James Moody">James_Moody</reporter>
          <assigned_to name="Steve Northover">steve_northover</assigned_to>
          <cc>christophe_cornu</cc>
    
    <cc>nick_edgar</cc>
          
          <votes>0</votes>

      

      

      

          <long_desc isprivate="0">
            <commentid>29516</commentid>
            <who name="James Moody">James_Moody</who>
            <bug_when>2002-03-01 13:27:17 -0500</bug_when>
            <thetext>Debug perspective. Add breakpoint. Type &quot;nullpointerexception&quot;. Press Enter. NPE
is added as a breakpoint but the dialog reappears and prompts me for another
one. This is unexpected; the dialog should go away like it used to.

This is new behaviour in 20020228.</thetext>
          </long_desc>
          <long_desc isprivate="0">
            <commentid>29529</commentid>
            <who name="Darin Swanson">Darin_Swanson</who>
            <bug_when>2002-03-01 14:41:50 -0500</bug_when>
            <thetext>I am assuming that you are adding a Java exception breakpoint (J! icon in the 
breakpoints view).  If so, I can&apos;t reproduce your problem.  Does it happen 
every time?

Jared says that he had a dialog &quot;double realize&quot; for the Open Type dialog.</thetext>
          </long_desc>
          <long_desc isprivate="0">
            <commentid>29558</commentid>
            <who name="James Moody">James_Moody</who>
            <bug_when>2002-03-01 16:18:10 -0500</bug_when>
            <thetext>That&apos;s correct, just hit the J! button. Note I am running Linux.</thetext>
          </long_desc>
          <long_desc isprivate="0">
            <commentid>30957</commentid>
            <who name="Darin Swanson">Darin_Swanson</who>
            <bug_when>2002-03-07 11:38:03 -0500</bug_when>
            <thetext>We can reproduce the problem on linux and windows on 20020305.
Test case:
Tab to set focus to the BreakpointsView
Then tab to set focus to the AddExceptionBreakpoint toolbar action
Hit enter
Tab and use the arrow keys to select an exception
Hit enter

Second dialog shows up.
</thetext>
          </long_desc>
          <long_desc isprivate="0">
            <commentid>31333</commentid>
            <who name="Darin Swanson">Darin_Swanson</who>
            <bug_when>2002-03-08 12:08:32 -0500</bug_when>
            <thetext>Nick, this seems to be a general problem with the toolbar actions.

Second test case:
Tab to select the &quot;Open type&quot; action
Hit enter
Tab to the cancel
Hit enter

Second Open Type dialog is realized.
</thetext>
          </long_desc>
          <long_desc isprivate="0">
            <commentid>31620</commentid>
            <who name="Nick Edgar">nick_edgar</who>
            <bug_when>2002-03-11 09:36:44 -0500</bug_when>
            <thetext>These are just regular toolbar buttons, on which we hook the SWT.Selection 
event to run the corresponding action.
Moving to SWT.
</thetext>
          </long_desc>
          <long_desc isprivate="0">
            <commentid>39905</commentid>
            <who name="Steve Northover">steve_northover</who>
            <bug_when>2002-04-09 10:36:26 -0400</bug_when>
            <thetext>Should be fixed on Motif and Win32.</thetext>
          </long_desc>
      
      

    </bug>

</bugzilla>