<?xml version="1.0" encoding="UTF-8" standalone="yes" ?>


<bugzilla version="4.2.1"
          urlbase="https://bugs.eclipse.org/bugs/"
          
          maintainer="webmaster@eclipse.org"
>

    <bug>
          <bug_id>103</bug_id>
          
          <creation_ts>2001-10-10 21:36:00 -0400</creation_ts>
          <short_desc>We no longer suggest a version name (1GEK4Z8)</short_desc>
          <delta_ts>2002-02-07 12:23:36 -0500</delta_ts>
          <reporter_accessible>1</reporter_accessible>
          <cclist_accessible>1</cclist_accessible>
          <classification_id>2</classification_id>
          <classification>Eclipse</classification>
          <product>Platform</product>
          <component>Team</component>
          <version>2.0</version>
          <rep_platform>All</rep_platform>
          <op_sys>All</op_sys>
          <bug_status>RESOLVED</bug_status>
          <resolution>INVALID</resolution>
          
          
          <bug_file_loc></bug_file_loc>
          <status_whiteboard></status_whiteboard>
          <keywords></keywords>
          <priority>P5</priority>
          <bug_severity>normal</bug_severity>
          <target_milestone>---</target_milestone>
          
          
          <everconfirmed>1</everconfirmed>
          <reporter name="James Moody">James_Moody</reporter>
          <assigned_to name="James Moody">James_Moody</assigned_to>
          
          
          <votes>0</votes>

      

      

      

          <long_desc isprivate="0">
            <commentid>109</commentid>
            <who name="James Moody">James_Moody</who>
            <bug_when>2001-10-10 21:36:29 -0400</bug_when>
            <thetext>Version a project (in the workspace) as v123.
	Version again. The dialog should suggest v124 as the 
	version number; instead it has no suggestion.

NOTES:

KM(5/30/01 6:21:30 PM)
	Seems to work for me.  Did you have several projects selected?

KM (5/30/01 6:23:40 PM)
	Its not clear to me how its picking the &apos;next&apos; number.  It seems to start from v1
	and work its way forward looking for a free one.  So if you version as follows:
		v1
		v2
		v10
	next time it will prompt for v3.

JohnA (5/30/2001 9:28:50 PM)
	No, it starts from the &quot;previous version&quot;, which it guesses to be the last item
	in the IVersionHistory for that project.  In fact, that array doesn&apos;t seem to have
	a consistent order.  Before, it couldn&apos;t do much better without fetching the creation date 
	for each version from the server.  Now that we have a multi fetchStateInfo on 
	IVersionHistory this is more feasible because it can be done in one extra round trip.  
	This should be added time permitting.</thetext>
          </long_desc>
          <long_desc isprivate="0">
            <commentid>6416</commentid>
            <who name="DJ Houghton">dj_houghton</who>
            <bug_when>2001-10-23 23:43:00 -0400</bug_when>
            <thetext>PRODUCT VERSION:

	114+

</thetext>
          </long_desc>
          <long_desc isprivate="0">
            <commentid>24845</commentid>
            <who name="James Moody">James_Moody</who>
            <bug_when>2002-02-07 12:23:36 -0500</bug_when>
            <thetext>Closing. We have a current PR describing the need for this functionality in 
2.0; this is a duplicate.</thetext>
          </long_desc>
      
      

    </bug>

</bugzilla>