<?xml version="1.0" encoding="UTF-8" standalone="yes" ?>


<bugzilla version="4.2.1"
          urlbase="https://bugs.eclipse.org/bugs/"
          
          maintainer="webmaster@eclipse.org"
>

    <bug>
          <bug_id>10472</bug_id>
          
          <creation_ts>2002-02-28 09:22:00 -0500</creation_ts>
          <short_desc>CodeAssist - No completion between dot and number</short_desc>
          <delta_ts>2002-02-28 10:58:19 -0500</delta_ts>
          <reporter_accessible>1</reporter_accessible>
          <cclist_accessible>1</cclist_accessible>
          <classification_id>2</classification_id>
          <classification>Eclipse</classification>
          <product>JDT</product>
          <component>Core</component>
          <version>2.0</version>
          <rep_platform>PC</rep_platform>
          <op_sys>Windows 2000</op_sys>
          <bug_status>RESOLVED</bug_status>
          <resolution>FIXED</resolution>
          
          
          <bug_file_loc></bug_file_loc>
          <status_whiteboard></status_whiteboard>
          <keywords></keywords>
          <priority>P3</priority>
          <bug_severity>normal</bug_severity>
          <target_milestone>2.0 M4</target_milestone>
          
          
          <everconfirmed>1</everconfirmed>
          <reporter name="David Audel">david_audel</reporter>
          <assigned_to name="Philippe Mulet">philippe_mulet</assigned_to>
          
          
          <votes>0</votes>

      

      

      

          <long_desc isprivate="0">
            <commentid>29066</commentid>
            <who name="David Audel">david_audel</who>
            <bug_when>2002-02-28 09:22:07 -0500</bug_when>
            <thetext>1) create the following class
public class X {
   void foo(){
      this.&lt;cursor&gt;0
   }
}
2) do ctrl+space
Nothing happen, just bing.

CompletionScanner identify &apos;.0&apos; as a number and throw an InvalidCursorLocation 
exception.</thetext>
          </long_desc>
          <long_desc isprivate="0">
            <commentid>29114</commentid>
            <who name="Philippe Mulet">philippe_mulet</who>
            <bug_when>2002-02-28 10:57:58 -0500</bug_when>
            <thetext>Fixed, bug was in completion scanner which didn&apos;t handle dot prefixed number 
scenario. Test added.</thetext>
          </long_desc>
      
      

    </bug>

</bugzilla>