<?xml version="1.0" encoding="UTF-8" standalone="yes" ?>


<bugzilla version="4.2.1"
          urlbase="https://bugs.eclipse.org/bugs/"
          
          maintainer="webmaster@eclipse.org"
>

    <bug>
          <bug_id>10012</bug_id>
          
          <creation_ts>2002-02-20 07:05:00 -0500</creation_ts>
          <short_desc>CVS Location update</short_desc>
          <delta_ts>2002-05-02 11:23:22 -0400</delta_ts>
          <reporter_accessible>1</reporter_accessible>
          <cclist_accessible>1</cclist_accessible>
          <classification_id>2</classification_id>
          <classification>Eclipse</classification>
          <product>Platform</product>
          <component>Team</component>
          <version>2.0</version>
          <rep_platform>All</rep_platform>
          <op_sys>All</op_sys>
          <bug_status>RESOLVED</bug_status>
          <resolution>FIXED</resolution>
          
          
          <bug_file_loc></bug_file_loc>
          <status_whiteboard></status_whiteboard>
          <keywords></keywords>
          <priority>P3</priority>
          <bug_severity>enhancement</bug_severity>
          <target_milestone>2.0 M6</target_milestone>
          
          
          <everconfirmed>1</everconfirmed>
          <reporter name="Chris Brown">brownc</reporter>
          <assigned_to name="Kevin McGuire">Kevin_McGuire</assigned_to>
          <cc>brownc</cc>
          
          <votes>0</votes>

      

      

      

          <long_desc isprivate="0">
            <commentid>27509</commentid>
            <who name="Chris Brown">brownc</who>
            <bug_when>2002-02-20 07:05:38 -0500</bug_when>
            <thetext>There should be a way to modify an existing CVS location (change user, etc) 
without dumping the old and creating anew.</thetext>
          </long_desc>
          <long_desc isprivate="0">
            <commentid>49111</commentid>
            <who name="Kevin McGuire">Kevin_McGuire</who>
            <bug_when>2002-05-02 11:23:22 -0400</bug_when>
            <thetext>This has just been added since M5.</thetext>
          </long_desc>
      
      

    </bug>

</bugzilla>