<?xml version="1.0" encoding="UTF-8" standalone="yes" ?>


<bugzilla version="4.2.1"
          urlbase="https://bugs.eclipse.org/bugs/"
          
          maintainer="webmaster@eclipse.org"
>

    <bug>
          <bug_id>10473</bug_id>
          
          <creation_ts>2002-02-28 09:22:00 -0500</creation_ts>
          <short_desc>Modify actions should always ask if file is not open</short_desc>
          <delta_ts>2002-04-05 05:37:03 -0500</delta_ts>
          <reporter_accessible>1</reporter_accessible>
          <cclist_accessible>1</cclist_accessible>
          <classification_id>2</classification_id>
          <classification>Eclipse</classification>
          <product>JDT</product>
          <component>UI</component>
          <version>2.0</version>
          <rep_platform>PC</rep_platform>
          <op_sys>Windows NT</op_sys>
          <bug_status>RESOLVED</bug_status>
          <resolution>FIXED</resolution>
          
          
          <bug_file_loc></bug_file_loc>
          <status_whiteboard></status_whiteboard>
          <keywords></keywords>
          <priority>P4</priority>
          <bug_severity>major</bug_severity>
          <target_milestone>---</target_milestone>
          
          
          <everconfirmed>1</everconfirmed>
          <reporter name="Dani Megert">daniel_megert</reporter>
          <assigned_to name="Adam Kiezun">akiezun</assigned_to>
          <cc>m.moebius</cc>
          
          <votes>0</votes>

      

      

      

          <long_desc isprivate="0">
            <commentid>29068</commentid>
            <who name="Dani Megert">daniel_megert</who>
            <bug_when>2002-02-28 09:22:44 -0500</bug_when>
            <thetext>There are two cases when deleting (or performing other modifications):

1) CU is open in editor [this works as expected]
- when deleting a CU (or Java element &gt; CU) the user is asked: yes/no
- when deleting a Java element &lt; CU  (e.g. type) it directly deleted in the
editor (because there&apos;s undo)

2) CU is not open in editor [this scenario is currently wrong]
- when deleting a CU (or Java element &gt; CU) the user is asked: yes/no
- when deleting a Java element &lt; CU (e.g. type) the user can&apos;t say no
==&gt; if the CU is not open in an editor then the user should always be asked if
the action (e.g.) should be performed</thetext>
          </long_desc>
          <long_desc isprivate="0">
            <commentid>29667</commentid>
            <who name="Erich Gamma">erich_gamma</who>
            <bug_when>2002-03-03 19:16:19 -0500</bug_when>
            <thetext>There is undo support in both cases (undo of text buffer, add from local 
history). The distinction might is to subtle for the user, but in general a UI 
should not prompt for confirmation when there is undo support.

We should show a hint that &quot;deleted&quot; methods can be retrieved from the local 
history and provide an option to not show this hint again.</thetext>
          </long_desc>
          <long_desc isprivate="0">
            <commentid>38910</commentid>
            <who name="Adam Kiezun">akiezun</who>
            <bug_when>2002-04-05 05:37:03 -0500</bug_when>
            <thetext>deleting always asks for confirmation now
which is consistent with the navigator and was on M5 working list
closing as fixed</thetext>
          </long_desc>
      
      

    </bug>

</bugzilla>