<?xml version="1.0" encoding="UTF-8" standalone="yes" ?>


<bugzilla version="4.2.1"
          urlbase="https://bugs.eclipse.org/bugs/"
          
          maintainer="webmaster@eclipse.org"
>

    <bug>
          <bug_id>10075</bug_id>
          
          <creation_ts>2002-02-21 13:41:00 -0500</creation_ts>
          <short_desc>R1:  Debug perspective always gets the focus, when executing a command from the Gdb Console view</short_desc>
          <delta_ts>2002-03-20 13:17:21 -0500</delta_ts>
          <reporter_accessible>1</reporter_accessible>
          <cclist_accessible>1</cclist_accessible>
          <classification_id>4</classification_id>
          <classification>Tools</classification>
          <product>CDT</product>
          <component>cdt-debug</component>
          <version>1.0</version>
          <rep_platform>PC</rep_platform>
          <op_sys>Linux-Motif</op_sys>
          <bug_status>RESOLVED</bug_status>
          <resolution>WORKSFORME</resolution>
          
          
          <bug_file_loc></bug_file_loc>
          <status_whiteboard></status_whiteboard>
          <keywords></keywords>
          <priority>P3</priority>
          <bug_severity>normal</bug_severity>
          <target_milestone>---</target_milestone>
          
          
          <everconfirmed>1</everconfirmed>
          <reporter name="Yasser Elmankabady">eyasser</reporter>
          <assigned_to name="Samantha Chan">chanskw</assigned_to>
          
          
          <votes>0</votes>

      

      

      

          <long_desc isprivate="0">
            <commentid>27603</commentid>
            <who name="Yasser Elmankabady">eyasser</who>
            <bug_when>2002-02-21 13:41:24 -0500</bug_when>
            <thetext>If you included the Gdb Console view to any other perspective than the debug 
perspective and executing a command using the interactive area. After hitting 
enter, the focus will be switched from the current perspective to the debug 
perspective.</thetext>
          </long_desc>
          <long_desc isprivate="0">
            <commentid>34599</commentid>
            <who name="Samantha Chan">chanskw</who>
            <bug_when>2002-03-20 13:17:21 -0500</bug_when>
            <thetext>Tested with March 20 driver.  The problem is not reproducible.</thetext>
          </long_desc>
      
      

    </bug>

</bugzilla>