<?xml version="1.0" encoding="UTF-8" standalone="yes" ?>


<bugzilla version="4.2.1"
          urlbase="https://bugs.eclipse.org/bugs/"
          
          maintainer="webmaster@eclipse.org"
>

    <bug>
          <bug_id>10525</bug_id>
          
          <creation_ts>2002-02-28 16:36:00 -0500</creation_ts>
          <short_desc>&apos;Free&apos; TableViewer column cannot be edited</short_desc>
          <delta_ts>2002-03-05 11:25:30 -0500</delta_ts>
          <reporter_accessible>1</reporter_accessible>
          <cclist_accessible>1</cclist_accessible>
          <classification_id>2</classification_id>
          <classification>Eclipse</classification>
          <product>Platform</product>
          <component>UI</component>
          <version>2.0</version>
          <rep_platform>PC</rep_platform>
          <op_sys>Windows 2000</op_sys>
          <bug_status>CLOSED</bug_status>
          <resolution>FIXED</resolution>
          
          
          <bug_file_loc></bug_file_loc>
          <status_whiteboard></status_whiteboard>
          <keywords></keywords>
          <priority>P3</priority>
          <bug_severity>normal</bug_severity>
          <target_milestone>---</target_milestone>
          
          
          <everconfirmed>1</everconfirmed>
          <reporter name="Dejan Glozic">dejan</reporter>
          <assigned_to name="Veronika Irvine">veronika_irvine</assigned_to>
          <cc>nick_edgar</cc>
          
          <votes>0</votes>

      

      

      

          <long_desc isprivate="0">
            <commentid>29300</commentid>
            <who name="Dejan Glozic">dejan</who>
            <bug_when>2002-02-28 16:36:03 -0500</bug_when>
            <thetext>When a TableViewer instance is created, one column is created for free if none 
is specified. This works well and handles the resizing of the table, but the 
code in &apos;activateCellEditor&apos; ignores it when there are no explicitly created 
columns.

Please give me a heads up when the fix is released so that I can test my code 
before the integration build. Otherwise, all PDE editors will be broken (cannot 
rename entries in lists).</thetext>
          </long_desc>
          <long_desc isprivate="0">
            <commentid>29985</commentid>
            <who name="Veronika Irvine">veronika_irvine</who>
            <bug_when>2002-03-04 16:36:14 -0500</bug_when>
            <thetext>Nick has modified TableViewerImpl and I have modified TableEditor to support 
this request.

SWT has been fixed for TableTree as well.  There does not appear to be any work 
required by JFace.

Fixed in &gt; 20020204.

Dejan, can you please verify with the next build?</thetext>
          </long_desc>
          <long_desc isprivate="0">
            <commentid>30221</commentid>
            <who name="Veronika Irvine">veronika_irvine</who>
            <bug_when>2002-03-05 11:02:04 -0500</bug_when>
            <thetext>Fixed in 20020305-I</thetext>
          </long_desc>
          <long_desc isprivate="0">
            <commentid>30248</commentid>
            <who name="Dejan Glozic">dejan</who>
            <bug_when>2002-03-05 11:16:40 -0500</bug_when>
            <thetext>Verified.</thetext>
          </long_desc>
          <long_desc isprivate="0">
            <commentid>30253</commentid>
            <who name="Veronika Irvine">veronika_irvine</who>
            <bug_when>2002-03-05 11:25:30 -0500</bug_when>
            <thetext>Verified by Dejan.</thetext>
          </long_desc>
      
      

    </bug>

</bugzilla>