<?xml version="1.0" encoding="UTF-8" standalone="yes" ?>


<bugzilla version="4.2.1"
          urlbase="https://bugs.eclipse.org/bugs/"
          
          maintainer="webmaster@eclipse.org"
>

    <bug>
          <bug_id>10501</bug_id>
          
          <creation_ts>2002-02-28 12:08:00 -0500</creation_ts>
          <short_desc>Disable branching at folder/file</short_desc>
          <delta_ts>2002-02-28 14:48:29 -0500</delta_ts>
          <reporter_accessible>1</reporter_accessible>
          <cclist_accessible>1</cclist_accessible>
          <classification_id>2</classification_id>
          <classification>Eclipse</classification>
          <product>Platform</product>
          <component>Team</component>
          <version>2.0</version>
          <rep_platform>PC</rep_platform>
          <op_sys>All</op_sys>
          <bug_status>RESOLVED</bug_status>
          <resolution>FIXED</resolution>
          
          
          <bug_file_loc></bug_file_loc>
          <status_whiteboard></status_whiteboard>
          <keywords></keywords>
          <priority>P3</priority>
          <bug_severity>normal</bug_severity>
          <target_milestone>2.0 M4</target_milestone>
          
          
          <everconfirmed>1</everconfirmed>
          <reporter name="Kevin McGuire">Kevin_McGuire</reporter>
          <assigned_to name="James Moody">James_Moody</assigned_to>
          <cc>Michael_Valenta</cc>
          
          <votes>0</votes>

      

      

      

          <long_desc isprivate="0">
            <commentid>29174</commentid>
            <who name="Kevin McGuire">Kevin_McGuire</who>
            <bug_when>2002-02-28 12:08:12 -0500</bug_when>
            <thetext>As an interim workaround for:

http://dev.eclipse.org/bugs/show_bug.cgi?id=9469
http://dev.eclipse.org/bugs/show_bug.cgi?id=9467</thetext>
          </long_desc>
          <long_desc isprivate="0">
            <commentid>29265</commentid>
            <who name="James Moody">James_Moody</who>
            <bug_when>2002-02-28 14:48:29 -0500</bug_when>
            <thetext>Fixed.</thetext>
          </long_desc>
      
      

    </bug>

</bugzilla>