<?xml version="1.0" encoding="UTF-8" standalone="yes" ?>


<bugzilla version="4.2.1"
          urlbase="https://bugs.eclipse.org/bugs/"
          
          maintainer="webmaster@eclipse.org"
>

    <bug>
          <bug_id>10173</bug_id>
          
          <creation_ts>2002-02-25 11:27:00 -0500</creation_ts>
          <short_desc>Current revision not indicated in resource history</short_desc>
          <delta_ts>2002-02-25 13:14:49 -0500</delta_ts>
          <reporter_accessible>1</reporter_accessible>
          <cclist_accessible>1</cclist_accessible>
          <classification_id>2</classification_id>
          <classification>Eclipse</classification>
          <product>Platform</product>
          <component>Team</component>
          <version>2.0</version>
          <rep_platform>PC</rep_platform>
          <op_sys>Windows 2000</op_sys>
          <bug_status>RESOLVED</bug_status>
          <resolution>FIXED</resolution>
          
          
          <bug_file_loc></bug_file_loc>
          <status_whiteboard></status_whiteboard>
          <keywords></keywords>
          <priority>P3</priority>
          <bug_severity>normal</bug_severity>
          <target_milestone>---</target_milestone>
          
          
          <everconfirmed>1</everconfirmed>
          <reporter name="Nick Edgar">nick_edgar</reporter>
          <assigned_to name="Kevin McGuire">Kevin_McGuire</assigned_to>
          <cc>James_Moody</cc>
          
          <votes>0</votes>

      

      

      

          <long_desc isprivate="0">
            <commentid>27821</commentid>
            <who name="Nick Edgar">nick_edgar</who>
            <bug_when>2002-02-25 11:27:46 -0500</bug_when>
            <thetext>Build 20020214

- during sync, I chose Show in Resource History
- it shows the revisions, but does not indicate which one I currently have 
loaded

It should indicate the current revision (using &apos;*&apos; before revision id).  If 
there have been local changes, it should still indicate which revision it was 
based on, but could also indicate that it has been modified (using &apos;&gt;&apos;).</thetext>
          </long_desc>
          <long_desc isprivate="0">
            <commentid>27844</commentid>
            <who name="James Moody">James_Moody</who>
            <bug_when>2002-02-25 12:04:41 -0500</bug_when>
            <thetext>In the general case (i.e. showing in history from the repo view) this is
impossible, since the resource can be in the workspace zero, one or more than
one time due to our ability to load arbitrary directories into arbitrarily named
projects.

However, in this case we usually have the local resource in the sync view, so we
can do this.

Fixed.</thetext>
          </long_desc>
          <long_desc isprivate="0">
            <commentid>27867</commentid>
            <who name="Nick Edgar">nick_edgar</who>
            <bug_when>2002-02-25 13:14:49 -0500</bug_when>
            <thetext>The general case could be handled by showing a * for the revision if it appears 
in the workspace at least once.
</thetext>
          </long_desc>
      
      

    </bug>

</bugzilla>