<?xml version="1.0" encoding="UTF-8" standalone="yes" ?>


<bugzilla version="4.2.1"
          urlbase="https://bugs.eclipse.org/bugs/"
          
          maintainer="webmaster@eclipse.org"
>

    <bug>
          <bug_id>10183</bug_id>
          
          <creation_ts>2002-02-25 11:56:00 -0500</creation_ts>
          <short_desc>Code assist often breaks</short_desc>
          <delta_ts>2002-06-05 14:03:54 -0400</delta_ts>
          <reporter_accessible>1</reporter_accessible>
          <cclist_accessible>1</cclist_accessible>
          <classification_id>2</classification_id>
          <classification>Eclipse</classification>
          <product>JDT</product>
          <component>UI</component>
          <version>1.0</version>
          <rep_platform>PC</rep_platform>
          <op_sys>All</op_sys>
          <bug_status>RESOLVED</bug_status>
          <resolution>FIXED</resolution>
          
          
          <bug_file_loc></bug_file_loc>
          <status_whiteboard></status_whiteboard>
          <keywords></keywords>
          <priority>P2</priority>
          <bug_severity>normal</bug_severity>
          <target_milestone>---</target_milestone>
          
          
          <everconfirmed>1</everconfirmed>
          <reporter name="James Moody">James_Moody</reporter>
          <assigned_to name="Kai-Uwe Maetzel">kai-uwe_maetzel</assigned_to>
          
          
          <votes>0</votes>

      

      

      

          <long_desc isprivate="0">
            <commentid>27837</commentid>
            <who name="James Moody">James_Moody</who>
            <bug_when>2002-02-25 11:56:21 -0500</bug_when>
            <thetext>Both Windows XP and Linux. I20020214 and previous.

Often my editor gets in a state where if I pop up code assist with Ctrl-Space
and press &quot;Enter&quot; to select the item from the list, the Enter causes a CR to be
inserted into the document, and code assist goes away. The only solution is to
close the editor and reopen. I&apos;ve seen this a number of times on both windows
and linux but do not have accurate steps to reproduce.</thetext>
          </long_desc>
          <long_desc isprivate="0">
            <commentid>29865</commentid>
            <who name="Peter Burka">peter_burka</who>
            <bug_when>2002-03-04 12:42:09 -0500</bug_when>
            <thetext>I just experienced this problem on WinNT, as well.  Closing the editor and re-
opening seemed to fix the problem.  No relevant errors were present in the .log 
file.  I also tried pressing &apos;Ctrl-M&apos; instead of Enter, and it had the same 
(incorrect) behaviour.

(20020215 stable build)</thetext>
          </long_desc>
          <long_desc isprivate="0">
            <commentid>68895</commentid>
            <who name="Kai-Uwe Maetzel">kai-uwe_maetzel</who>
            <bug_when>2002-06-05 14:03:54 -0400</bug_when>
            <thetext>Indicates loss of short cut. Workbench used to have problems in this area which 
are marked as solved by now.</thetext>
          </long_desc>
      
      

    </bug>

</bugzilla>