<?xml version="1.0" encoding="UTF-8" standalone="yes" ?>


<bugzilla version="4.2.1"
          urlbase="https://bugs.eclipse.org/bugs/"
          
          maintainer="webmaster@eclipse.org"
>

    <bug>
          <bug_id>10374</bug_id>
          
          <creation_ts>2002-02-27 00:29:00 -0500</creation_ts>
          <short_desc>Miner contribution architecture</short_desc>
          <delta_ts>2002-05-30 15:29:23 -0400</delta_ts>
          <reporter_accessible>1</reporter_accessible>
          <cclist_accessible>1</cclist_accessible>
          <classification_id>4</classification_id>
          <classification>Tools</classification>
          <product>CDT</product>
          <component>cdt-core</component>
          <version>2.0</version>
          <rep_platform>All</rep_platform>
          <op_sys>All</op_sys>
          <bug_status>RESOLVED</bug_status>
          <resolution>FIXED</resolution>
          
          
          <bug_file_loc></bug_file_loc>
          <status_whiteboard></status_whiteboard>
          <keywords></keywords>
          <priority>P4</priority>
          <bug_severity>enhancement</bug_severity>
          <target_milestone>2.0 - Release</target_milestone>
          
          
          <everconfirmed>1</everconfirmed>
          <reporter name="Brian Thomson">thomson</reporter>
          <assigned_to name="David McKnight">dmcknigh</assigned_to>
          
          
          <votes>0</votes>

      

      

      

          <long_desc isprivate="0">
            <commentid>28439</commentid>
            <who name="Brian Thomson">thomson</who>
            <bug_when>2002-02-27 00:29:52 -0500</bug_when>
            <thetext>The current method of using a single miners.dat file to load miners doesn&apos;t
permit multiple independent plugins to contribute miners.   We can&apos;t define an
Eclipse extension point for this because there is no Eclipse infrastructure on a
remote server.  Instead the datastore can search for multiple miners.dat files
and aggregate their contents, similarly to how Eclipse deals with plugin.xml</thetext>
          </long_desc>
          <long_desc isprivate="0">
            <commentid>35579</commentid>
            <who name="David McKnight">dmcknigh</who>
            <bug_when>2002-03-22 11:39:19 -0500</bug_when>
            <thetext>This work should also fit in the new pluggable ByteStreamHandler.</thetext>
          </long_desc>
          <long_desc isprivate="0">
            <commentid>60526</commentid>
            <who name="David McKnight">dmcknigh</who>
            <bug_when>2002-05-27 10:18:38 -0400</bug_when>
            <thetext>
We now have support for multiple sets of miners.  An Eclipse plugin can tell a 
DataStore to load additional miners by calling 
DataStore.addMinersLocation(String locationOfMinersFile) followed by 
DataStore.getSchema().  The DataStore finds the corresponding minerFile.dat file 
for the given location, loads the miners specified in the file and then calls 
extendSchema() on the new miners.  

For the local case, the extending plugin also  specifies it&apos;s classloader, by 
calling DataStore.addLoader(ExternalLoader loader), so that the new miners can 
be loaded.  In the remote case, the new miners are expected to be in the 
classpath.  This means that extension writers don&apos;t have to edit any base CDT 
files, most importantly, minersFile.dat files - they just have to provide their 
own.

There are still other issues we might want to resolve.  Should we provide a more 
comprehensive minerFile.dat file similar to plugin.xml?  Should the DataStore 
search for miners, or do we want to keep the choice of miner sets determined by 
the client (for some cases, we might only want to load certain miners)?  

   
</thetext>
          </long_desc>
          <long_desc isprivate="0">
            <commentid>63743</commentid>
            <who name="David McKnight">dmcknigh</who>
            <bug_when>2002-05-30 15:29:23 -0400</bug_when>
            <thetext>Because the changes solve the core extension problem, I&apos;ll mark this as fixed. 
If we want to revisit this with more requirements, we can open another feature.  </thetext>
          </long_desc>
      
      

    </bug>

</bugzilla>