<?xml version="1.0" encoding="UTF-8" standalone="yes" ?>


<bugzilla version="4.2.1"
          urlbase="https://bugs.eclipse.org/bugs/"
          
          maintainer="webmaster@eclipse.org"
>

    <bug>
          <bug_id>10297</bug_id>
          
          <creation_ts>2002-02-26 14:33:00 -0500</creation_ts>
          <short_desc>Open type dialog selects in packages view before opening hierarchy [dialog] [type hierarchy]</short_desc>
          <delta_ts>2009-08-30 02:38:00 -0400</delta_ts>
          <reporter_accessible>1</reporter_accessible>
          <cclist_accessible>1</cclist_accessible>
          <classification_id>2</classification_id>
          <classification>Eclipse</classification>
          <product>JDT</product>
          <component>UI</component>
          <version>2.0</version>
          <rep_platform>PC</rep_platform>
          <op_sys>Windows NT</op_sys>
          <bug_status>RESOLVED</bug_status>
          <resolution>WONTFIX</resolution>
          
          
          <bug_file_loc></bug_file_loc>
          <status_whiteboard></status_whiteboard>
          <keywords></keywords>
          <priority>P3</priority>
          <bug_severity>normal</bug_severity>
          <target_milestone>---</target_milestone>
          
          
          <everconfirmed>1</everconfirmed>
          <reporter name="Peter Burka">peter_burka</reporter>
          <assigned_to name="JDT-UI-Inbox">jdt-ui-inbox</assigned_to>
          
          
          <votes>0</votes>

      

      

      

          <long_desc isprivate="0">
            <commentid>28230</commentid>
            <who name="Peter Burka">peter_burka</who>
            <bug_when>2002-02-26 14:33:11 -0500</bug_when>
            <thetext>If you set the Open Type dialog to open a type hierarhy (using the provided 
checkbox), it selects the item in the packages view before it opens the type 
hierarchy.  These views are often placed on top of each other, so the user 
experience is:

- press OK button
- watch Packages view scroll and expand until it finds the item
- watch Hierarchy view replace the packages view
- watch Hierarchy view update

This would probably be faster and less distracting if the Hierarchy view were 
populated first.  Then the Packages view could be updated while it is hidden, 
reducing on-screen activity.

(20020214 build)</thetext>
          </long_desc>
          <long_desc isprivate="0">
            <commentid>30052</commentid>
            <who name="Erich Gamma">erich_gamma</who>
            <bug_when>2002-03-04 19:06:21 -0500</bug_when>
            <thetext>a workaround: the selection behaviour in the packages view can be turned off by 
disable the Link Packages View to active seleciton in the Java preferences page.

We need to investigate whether we can reorder the opening of the editor with 
the showing of the type hierarchy view.</thetext>
          </long_desc>
          <long_desc isprivate="0">
            <commentid>135709</commentid>
            <who name="Kai-Uwe Maetzel">kai-uwe_maetzel</who>
            <bug_when>2003-02-24 05:14:31 -0500</bug_when>
            <thetext>Unassign due to staff changes.</thetext>
          </long_desc>
          <long_desc isprivate="0">
            <commentid>136076</commentid>
            <who name="Dirk Baeumer">dirk_baeumer</who>
            <bug_when>2003-02-24 13:33:33 -0500</bug_when>
            <thetext>Not critical for RC2 pass.</thetext>
          </long_desc>
          <long_desc isprivate="0">
            <commentid>1586114</commentid>
            <who name="Eclipse Webmaster">webmaster</who>
            <bug_when>2009-08-30 02:38:00 -0400</bug_when>
            <thetext>As of now &apos;LATER&apos; and &apos;REMIND&apos; resolutions are no longer supported.
Please reopen this bug if it is still valid for you.</thetext>
          </long_desc>
      
      

    </bug>

</bugzilla>