<?xml version="1.0" encoding="UTF-8" standalone="yes" ?>


<bugzilla version="4.2.1"
          urlbase="https://bugs.eclipse.org/bugs/"
          
          maintainer="webmaster@eclipse.org"
>

    <bug>
          <bug_id>10552</bug_id>
          
          <creation_ts>2002-02-28 18:19:00 -0500</creation_ts>
          <short_desc>Search view needs &apos;Repeat search&apos; action</short_desc>
          <delta_ts>2002-05-04 19:15:08 -0400</delta_ts>
          <reporter_accessible>1</reporter_accessible>
          <cclist_accessible>1</cclist_accessible>
          <classification_id>2</classification_id>
          <classification>Eclipse</classification>
          <product>Platform</product>
          <component>Search</component>
          <version>2.0</version>
          <rep_platform>PC</rep_platform>
          <op_sys>Windows NT</op_sys>
          <bug_status>RESOLVED</bug_status>
          <resolution>WORKSFORME</resolution>
          
          
          <bug_file_loc></bug_file_loc>
          <status_whiteboard></status_whiteboard>
          <keywords></keywords>
          <priority>P3</priority>
          <bug_severity>normal</bug_severity>
          <target_milestone>---</target_milestone>
          
          
          <everconfirmed>1</everconfirmed>
          <reporter name="Peter Burka">peter_burka</reporter>
          <assigned_to name="Erich Gamma">erich_gamma</assigned_to>
          
          
          <votes>0</votes>

      

      

      

          <long_desc isprivate="0">
            <commentid>29362</commentid>
            <who name="Peter Burka">peter_burka</who>
            <bug_when>2002-02-28 18:19:38 -0500</bug_when>
            <thetext>From the search view, there&apos;s no way to repeat a search.  I would have expected 
that selecting a search from the history would repeat it, but it seems that the 
view caches the results of the search somewhere.

I believe that VAME had this feature.

Use case:

- I&apos;ve changed the usage of a method in some way.
- I search for all references to that method
- I change most of the senders to use a different method
- I repeat the search to make sure that all of the remaining senders of the 
message are legitimate

(20020215 build)</thetext>
          </long_desc>
          <long_desc isprivate="0">
            <commentid>49934</commentid>
            <who name="Erich Gamma">erich_gamma</who>
            <bug_when>2002-05-04 19:15:08 -0400</bug_when>
            <thetext>The context menu provides a search agian action.</thetext>
          </long_desc>
      
      

    </bug>

</bugzilla>