<?xml version="1.0" encoding="UTF-8" standalone="yes" ?>


<bugzilla version="4.2.1"
          urlbase="https://bugs.eclipse.org/bugs/"
          
          maintainer="webmaster@eclipse.org"
>

    <bug>
          <bug_id>10522</bug_id>
          
          <creation_ts>2002-02-28 16:16:00 -0500</creation_ts>
          <short_desc>Tagging Derived Resources</short_desc>
          <delta_ts>2002-05-10 14:26:57 -0400</delta_ts>
          <reporter_accessible>1</reporter_accessible>
          <cclist_accessible>1</cclist_accessible>
          <classification_id>2</classification_id>
          <classification>Eclipse</classification>
          <product>Platform</product>
          <component>Team</component>
          <version>2.0</version>
          <rep_platform>All</rep_platform>
          <op_sys>All</op_sys>
          <bug_status>RESOLVED</bug_status>
          <resolution>FIXED</resolution>
          
          
          <bug_file_loc></bug_file_loc>
          <status_whiteboard></status_whiteboard>
          <keywords></keywords>
          <priority>P3</priority>
          <bug_severity>enhancement</bug_severity>
          <target_milestone>2.0 M6</target_milestone>
          
          
          <everconfirmed>1</everconfirmed>
          <reporter name="Charles Rivet">crivet</reporter>
          <assigned_to name="Kevin McGuire">Kevin_McGuire</assigned_to>
          <cc>aprasad</cc>
          
          <votes>0</votes>

      

      

      

          <long_desc isprivate="0">
            <commentid>29291</commentid>
            <who name="Charles Rivet">crivet</who>
            <bug_when>2002-02-28 16:16:25 -0500</bug_when>
            <thetext>Eclipse Derived Resources could be &quot;tag&quot;ged as aresource with a well know 
Session Property to indicate that it should excluded from Configuration 
Management systems control.</thetext>
          </long_desc>
          <long_desc isprivate="0">
            <commentid>52181</commentid>
            <who name="Kevin McGuire">Kevin_McGuire</who>
            <bug_when>2002-05-10 14:26:57 -0400</bug_when>
            <thetext>this is now done, see IResource.isDerived()</thetext>
          </long_desc>
      
      

    </bug>

</bugzilla>