<?xml version="1.0" encoding="UTF-8" standalone="yes" ?>


<bugzilla version="4.2.1"
          urlbase="https://bugs.eclipse.org/bugs/"
          
          maintainer="webmaster@eclipse.org"
>

    <bug>
          <bug_id>10219</bug_id>
          
          <creation_ts>2002-02-25 16:55:00 -0500</creation_ts>
          <short_desc>Outputting huge amounts of text blocks IDE.</short_desc>
          <delta_ts>2002-02-26 14:30:55 -0500</delta_ts>
          <reporter_accessible>1</reporter_accessible>
          <cclist_accessible>1</cclist_accessible>
          <classification_id>2</classification_id>
          <classification>Eclipse</classification>
          <product>JDT</product>
          <component>Debug</component>
          <version>2.0</version>
          <rep_platform>PC</rep_platform>
          <op_sys>Windows NT</op_sys>
          <bug_status>RESOLVED</bug_status>
          <resolution>DUPLICATE</resolution>
          <dup_id>8772</dup_id>
          
          <bug_file_loc></bug_file_loc>
          <status_whiteboard></status_whiteboard>
          <keywords></keywords>
          <priority>P3</priority>
          <bug_severity>normal</bug_severity>
          <target_milestone>---</target_milestone>
          
          
          <everconfirmed>1</everconfirmed>
          <reporter name="Thomas Mäder">thomas_maeder</reporter>
          <assigned_to name="Darin Wright">darin.eclipse</assigned_to>
          
          
          <votes>0</votes>

      

      

      

          <long_desc isprivate="0">
            <commentid>27932</commentid>
            <who name="Thomas Mäder">thomas_maeder</who>
            <bug_when>2002-02-25 16:55:34 -0500</bug_when>
            <thetext>Build 2002-02-12

I have a program that outputs insane amounts of text really fast. This 
effectively blocks the IDE (can&apos;t even kill the program anymore).
I think we should occasionally sleep or something like that in order for user 
input to reach the IDE.</thetext>
          </long_desc>
          <long_desc isprivate="0">
            <commentid>28225</commentid>
            <who name="Darin Wright">darin.eclipse</who>
            <bug_when>2002-02-26 14:30:55 -0500</bug_when>
            <thetext>

*** This bug has been marked as a duplicate of 8772 ***</thetext>
          </long_desc>
      
      

    </bug>

</bugzilla>