<?xml version="1.0" encoding="UTF-8" standalone="yes" ?>


<bugzilla version="4.2.1"
          urlbase="https://bugs.eclipse.org/bugs/"
          
          maintainer="webmaster@eclipse.org"
>

    <bug>
          <bug_id>10576</bug_id>
          
          <creation_ts>2002-03-01 08:59:00 -0500</creation_ts>
          <short_desc>Update and Discovery sites do not appear as bookmarks</short_desc>
          <delta_ts>2002-04-04 22:21:37 -0500</delta_ts>
          <reporter_accessible>1</reporter_accessible>
          <cclist_accessible>1</cclist_accessible>
          <classification_id>2</classification_id>
          <classification>Eclipse</classification>
          <product>Platform</product>
          <component>Update  (deprecated - use RT&gt;Equinox&gt;p2)</component>
          <version>2.0</version>
          <rep_platform>PC</rep_platform>
          <op_sys>Windows 2000</op_sys>
          <bug_status>RESOLVED</bug_status>
          <resolution>FIXED</resolution>
          
          
          <bug_file_loc></bug_file_loc>
          <status_whiteboard></status_whiteboard>
          <keywords></keywords>
          <priority>P2</priority>
          <bug_severity>normal</bug_severity>
          <target_milestone>2.0 M5</target_milestone>
          
          
          <everconfirmed>1</everconfirmed>
          <reporter name="Vlad Klicnik">klicnik</reporter>
          <assigned_to name="Christophe Elek">celek</assigned_to>
          <cc>manahan</cc>
          
          <votes>0</votes>

      

      

      

          <long_desc isprivate="0">
            <commentid>29422</commentid>
            <who name="Vlad Klicnik">klicnik</who>
            <bug_when>2002-03-01 08:59:13 -0500</bug_when>
            <thetext>20020226 Win2K

I was expecting the declared (in feature.xml) discovery sites, and possibly also 
the update site to automatically appear as bookmarks in the Update Sites view 
(otherwise declaring these is useless). Neither seems to show. Note that only 
showing discovery sites is OK, because we could always point both the update and 
discovery entries at the same URL and this approach allows the update site to be 
hidden if this is desired.</thetext>
          </long_desc>
          <long_desc isprivate="0">
            <commentid>29434</commentid>
            <who name="Dejan Glozic">dejan</who>
            <bug_when>2002-03-01 09:19:45 -0500</bug_when>
            <thetext>It does not show because it was not implemented. We should probably reserve a 
folder for discovery sites in the &apos;Update Sites&apos; view to control clutter 
(similar to bookmarks in browsers).</thetext>
          </long_desc>
          <long_desc isprivate="0">
            <commentid>35309</commentid>
            <who name="Dejan Glozic">dejan</who>
            <bug_when>2002-03-21 15:53:40 -0500</bug_when>
            <thetext>in addition, getUpdateURL should default to the site the feature is coming from 
if not defined in the feature.</thetext>
          </long_desc>
          <long_desc isprivate="0">
            <commentid>38575</commentid>
            <who name="Christophe Elek">celek</who>
            <bug_when>2002-04-04 09:07:00 -0500</bug_when>
            <thetext>Core to implement behavior where if update URL is not define in Feature.xml ,
default to Site.URL</thetext>
          </long_desc>
          <long_desc isprivate="0">
            <commentid>38818</commentid>
            <who name="Christophe Elek">celek</who>
            <bug_when>2002-04-04 16:52:04 -0500</bug_when>
            <thetext>Verify with different sites</thetext>
          </long_desc>
          <long_desc isprivate="0">
            <commentid>38874</commentid>
            <who name="Dejan Glozic">dejan</who>
            <bug_when>2002-04-04 22:21:37 -0500</bug_when>
            <thetext>Implemented. Discovery sites are now loaded on startup from the current 
configuration and presented in a fixed &apos;Places To Visit&apos; folder. Users can add 
their folders after that. I will soon add clipboard support for site bookmarks 
so that users can copy/move discovery sites into their own folders.</thetext>
          </long_desc>
      
      

    </bug>

</bugzilla>