<?xml version="1.0" encoding="UTF-8" standalone="yes" ?>


<bugzilla version="4.2.1"
          urlbase="https://bugs.eclipse.org/bugs/"
          
          maintainer="webmaster@eclipse.org"
>

    <bug>
          <bug_id>10023</bug_id>
          
          <creation_ts>2002-02-20 12:43:00 -0500</creation_ts>
          <short_desc>NullPointerException when clicking on .metadata</short_desc>
          <delta_ts>2009-01-09 16:55:36 -0500</delta_ts>
          <reporter_accessible>1</reporter_accessible>
          <cclist_accessible>1</cclist_accessible>
          <classification_id>4</classification_id>
          <classification>Tools</classification>
          <product>CDT</product>
          <component>cdt-core</component>
          <version>1.0</version>
          <rep_platform>PC</rep_platform>
          <op_sys>Linux</op_sys>
          <bug_status>CLOSED</bug_status>
          <resolution>DUPLICATE</resolution>
          <dup_id>9684</dup_id>
          
          <bug_file_loc></bug_file_loc>
          <status_whiteboard></status_whiteboard>
          <keywords></keywords>
          <priority>P3</priority>
          <bug_severity>normal</bug_severity>
          <target_milestone>---</target_milestone>
          
          
          <everconfirmed>1</everconfirmed>
          <reporter name="Robert Weisz">weisz</reporter>
          <assigned_to name="David McKnight">dmcknigh</assigned_to>
          
          
          <votes>0</votes>

      

      

      

          <long_desc isprivate="0">
            <commentid>27524</commentid>
            <who name="Robert Weisz">weisz</who>
            <bug_when>2002-02-20 12:43:54 -0500</bug_when>
            <thetext>After closing an existing project, on reopening, there is a new subdirectory
.metadata created.  LMB on .metadata will cause a java.lang.NullPointerException
if done from the C/C++ Projects view, but no problem if done from the Navigator.

Here is the .log: 

Log: Wed Feb 20 12:30:46 EST 2002
1 org.eclipse.core.resources 4 Unhandled exception caught in event loop.
Log: Wed Feb 20 12:30:46 EST 2002
4 org.eclipse.ui 0 java.lang.NullPointerException
java.lang.NullPointerException
	at
org.eclipse.cdt.cpp.ui.internal.actions.OpenEditorAction.performGoto(OpenEditorAction.java:173)
	at
org.eclipse.cdt.dstore.ui.widgets.ObjectSelectionChangedListener.selectionChanged(ObjectSelectionChangedListener.java:73)
	at org.eclipse.jface.viewers.Viewer.fireSelectionChanged(Viewer.java:142)
	at
org.eclipse.jface.viewers.StructuredViewer.updateSelection(StructuredViewer.java:901)
	at org.eclipse.jface.viewers.StructuredViewer.handleSelect(StructuredViewer.java:457)
	at
org.eclipse.jface.viewers.AbstractTreeViewer$1.widgetSelected(AbstractTreeViewer.java:618)
	at org.eclipse.swt.widgets.TypedListener.handleEvent(TypedListener.java:69)
	at org.eclipse.swt.widgets.EventTable.sendEvent(EventTable.java(Compiled Code))
	at org.eclipse.swt.widgets.Widget.notifyListeners(Widget.java:505)
	at
org.eclipse.swt.widgets.SelectableItemWidget.selectNotify(SelectableItemWidget.java:1673)
	at
org.eclipse.swt.widgets.SelectableItemWidget.selectNotify(SelectableItemWidget.java:1653)
	at
org.eclipse.swt.widgets.SelectableItemWidget.doMouseSelect(SelectableItemWidget.java:638)
	at org.eclipse.swt.widgets.Tree.mouseDown(Tree.java:1091)
	at org.eclipse.swt.widgets.Tree.handleEvents(Tree.java:835)
	at
org.eclipse.swt.widgets.SelectableItemWidget$1.handleEvent(SelectableItemWidget.java:1184)
	at org.eclipse.swt.widgets.EventTable.sendEvent(EventTable.java(Compiled Code))
	at org.eclipse.swt.widgets.Widget.notifyListeners(Widget.java:505)
	at org.eclipse.swt.widgets.Display.runDeferredEvents(Display.java(Compiled Code))
	at org.eclipse.swt.widgets.Display.readAndDispatch(Display.java(Compiled Code))
	at org.eclipse.ui.internal.Workbench.runEventLoop(Workbench.java(Compiled Code))
	at org.eclipse.ui.internal.Workbench.run(Workbench.java:676)
	at org.eclipse.core.internal.boot.InternalBootLoader.run(InternalBootLoader.java:810)
	at org.eclipse.core.boot.BootLoader.run(BootLoader.java:280)
	at java.lang.reflect.Method.invoke(Native Method)
	at org.eclipse.core.launcher.Main.basicRun(Main.java:151)
	at org.eclipse.core.launcher.Main.run(Main.java:433)
	at org.eclipse.core.launcher.Main.main(Main.java:306)</thetext>
          </long_desc>
          <long_desc isprivate="0">
            <commentid>27529</commentid>
            <who name="David McKnight">dmcknigh</who>
            <bug_when>2002-02-20 14:09:14 -0500</bug_when>
            <thetext>The problem is that we&apos;re trying to open an editor on a directory which you 
shouldn&apos;t be able to do.  This was first brought up in defect 9684.

*** This bug has been marked as a duplicate of 9684 ***</thetext>
          </long_desc>
          <long_desc isprivate="0">
            <commentid>169254</commentid>
            <who name="Sebastien Marineau">sebastien</who>
            <bug_when>2003-06-25 19:14:55 -0400</bug_when>
            <thetext>Move to version 1</thetext>
          </long_desc>
      
      

    </bug>

</bugzilla>