<?xml version="1.0" encoding="UTF-8" standalone="yes" ?>


<bugzilla version="4.2.1"
          urlbase="https://bugs.eclipse.org/bugs/"
          
          maintainer="webmaster@eclipse.org"
>

    <bug>
          <bug_id>10242</bug_id>
          
          <creation_ts>2002-02-26 06:02:00 -0500</creation_ts>
          <short_desc>Launch/Debug history contains a number</short_desc>
          <delta_ts>2002-02-28 09:33:02 -0500</delta_ts>
          <reporter_accessible>1</reporter_accessible>
          <cclist_accessible>1</cclist_accessible>
          <classification_id>2</classification_id>
          <classification>Eclipse</classification>
          <product>JDT</product>
          <component>Debug</component>
          <version>2.0</version>
          <rep_platform>PC</rep_platform>
          <op_sys>Windows NT</op_sys>
          <bug_status>RESOLVED</bug_status>
          <resolution>WORKSFORME</resolution>
          
          
          <bug_file_loc></bug_file_loc>
          <status_whiteboard></status_whiteboard>
          <keywords></keywords>
          <priority>P3</priority>
          <bug_severity>normal</bug_severity>
          <target_milestone>---</target_milestone>
          
          
          <everconfirmed>1</everconfirmed>
          <reporter name="Dani Megert">daniel_megert</reporter>
          <assigned_to name="Darin Wright">darin.eclipse</assigned_to>
          
          
          <votes>0</votes>

      

      

      

          <long_desc isprivate="0">
            <commentid>28002</commentid>
            <who name="Dani Megert">daniel_megert</who>
            <bug_when>2002-02-26 06:02:56 -0500</bug_when>
            <thetext>Build 20020214 + exported plug-ins from 20020226

When I press the down arrow (history) on the Debug or Lunch icon then I see an
entry &quot;1&quot;.</thetext>
          </long_desc>
          <long_desc isprivate="0">
            <commentid>28856</commentid>
            <who name="Darin Wright">darin.eclipse</who>
            <bug_when>2002-02-27 15:17:40 -0500</bug_when>
            <thetext>Any steps to reproduce? It almost sounds like you create a launch cofig with a 
blank name?</thetext>
          </long_desc>
          <long_desc isprivate="0">
            <commentid>29013</commentid>
            <who name="Dani Megert">daniel_megert</who>
            <bug_when>2002-02-28 02:38:03 -0500</bug_when>
            <thetext>I have an old workspace. I guess the recent launches were shown like numbers.
Others here in Zurich had it too. It went away when I switched to the new launch
configs: (Preferences -&gt; Debug -&gt; config-based.

I did not create a launch config with blank name.</thetext>
          </long_desc>
          <long_desc isprivate="0">
            <commentid>29076</commentid>
            <who name="Darin Wright">darin.eclipse</who>
            <bug_when>2002-02-28 09:33:02 -0500</bug_when>
            <thetext>Closing for now (unless is becomes a common problem). Once we switch users over 
to launch configs, this should not be a problem.</thetext>
          </long_desc>
      
      

    </bug>

</bugzilla>