<?xml version="1.0" encoding="UTF-8" standalone="yes" ?>


<bugzilla version="4.2.1"
          urlbase="https://bugs.eclipse.org/bugs/"
          
          maintainer="webmaster@eclipse.org"
>

    <bug>
          <bug_id>10456</bug_id>
          
          <creation_ts>2002-02-27 21:21:00 -0500</creation_ts>
          <short_desc>Replace with Tag no progress and should use checkout</short_desc>
          <delta_ts>2005-07-22 16:47:30 -0400</delta_ts>
          <reporter_accessible>1</reporter_accessible>
          <cclist_accessible>1</cclist_accessible>
          <classification_id>2</classification_id>
          <classification>Eclipse</classification>
          <product>Platform</product>
          <component>Team</component>
          <version>2.0</version>
          <rep_platform>Other</rep_platform>
          <op_sys>other</op_sys>
          <bug_status>RESOLVED</bug_status>
          <resolution>FIXED</resolution>
          
          
          <bug_file_loc></bug_file_loc>
          <status_whiteboard></status_whiteboard>
          <keywords></keywords>
          <priority>P5</priority>
          <bug_severity>normal</bug_severity>
          <target_milestone>2.0 M5</target_milestone>
          
          
          <everconfirmed>1</everconfirmed>
          <reporter name="Jean-Michel Lemieux">jean-michel_lemieux</reporter>
          <assigned_to name="Michael Valenta">Michael_Valenta</assigned_to>
          <cc>Michael_Valenta</cc>
    
    <cc>philippe_mulet</cc>
          
          <votes>0</votes>

      

      

      

          <long_desc isprivate="0">
            <commentid>28971</commentid>
            <who name="Jean-Michel Lemieux">jean-michel_lemieux</who>
            <bug_when>2002-02-27 21:21:29 -0500</bug_when>
            <thetext>Both operations perform a lot of work before showing an hourglass or any 
progress dialog. Also, shouldn&apos;t replace run checkout (clean copy) instead of 
update?</thetext>
          </long_desc>
          <long_desc isprivate="0">
            <commentid>29414</commentid>
            <who name="Michael Valenta">Michael_Valenta</who>
            <bug_when>2002-03-01 08:01:58 -0500</bug_when>
            <thetext>Replace uses update so that only the files that need replacing are fetched. We 
do a pre-traverse of the tree to ensure that unmanaged resources are 
removed and modified files are not sent up so we should be optimal on the 
communications side and we get the same results as a frech checkout.</thetext>
          </long_desc>
          <long_desc isprivate="0">
            <commentid>39065</commentid>
            <who name="Michael Valenta">Michael_Valenta</who>
            <bug_when>2002-04-05 14:16:42 -0500</bug_when>
            <thetext>*** Bug 12870 has been marked as a duplicate of this bug. ***</thetext>
          </long_desc>
          <long_desc isprivate="0">
            <commentid>39405</commentid>
            <who name="Michael Valenta">Michael_Valenta</who>
            <bug_when>2002-04-08 11:01:14 -0400</bug_when>
            <thetext>The deletion of unmanaged files has been made into an option that is enabled by 
default. </thetext>
          </long_desc>
          <long_desc isprivate="0">
            <commentid>507490</commentid>
            <who name="Jonathan Stinton">jstinton</who>
            <bug_when>2005-07-22 15:17:53 -0400</bug_when>
            <thetext>*** Bug 96509 has been marked as a duplicate of this bug. ***</thetext>
          </long_desc>
      
      

    </bug>

</bugzilla>