<?xml version="1.0" encoding="UTF-8" standalone="yes" ?>


<bugzilla version="4.2.1"
          urlbase="https://bugs.eclipse.org/bugs/"
          
          maintainer="webmaster@eclipse.org"
>

    <bug>
          <bug_id>10579</bug_id>
          
          <creation_ts>2002-03-01 09:28:00 -0500</creation_ts>
          <short_desc>Show plug-in ID in PDE Target Platform preference page</short_desc>
          <delta_ts>2002-03-03 18:43:21 -0500</delta_ts>
          <reporter_accessible>1</reporter_accessible>
          <cclist_accessible>1</cclist_accessible>
          <classification_id>2</classification_id>
          <classification>Eclipse</classification>
          <product>PDE</product>
          <component>UI</component>
          <version>2.0</version>
          <rep_platform>PC</rep_platform>
          <op_sys>Windows NT</op_sys>
          <bug_status>RESOLVED</bug_status>
          <resolution>FIXED</resolution>
          
          
          <bug_file_loc></bug_file_loc>
          <status_whiteboard></status_whiteboard>
          <keywords></keywords>
          <priority>P3</priority>
          <bug_severity>enhancement</bug_severity>
          <target_milestone>---</target_milestone>
          
          
          <everconfirmed>1</everconfirmed>
          <reporter name="Dani Megert">daniel_megert</reporter>
          <assigned_to name="Dejan Glozic">dejan</assigned_to>
          
          
          <votes>0</votes>

      

      

      

          <long_desc isprivate="0">
            <commentid>29440</commentid>
            <who name="Dani Megert">daniel_megert</who>
            <bug_when>2002-03-01 09:28:38 -0500</bug_when>
            <thetext>Allow to choose between plug-in name and ID like in the other lists (e.g. import)</thetext>
          </long_desc>
          <long_desc isprivate="0">
            <commentid>29441</commentid>
            <who name="Dejan Glozic">dejan</who>
            <bug_when>2002-03-01 09:33:54 -0500</bug_when>
            <thetext>We plan to remove toggle from individual wizards and move it to PDE preference 
page. This way, users can choose between IDs and translated names using one 
master switch that will affect all PDE-contributed artifacts.</thetext>
          </long_desc>
          <long_desc isprivate="0">
            <commentid>29655</commentid>
            <who name="Dejan Glozic">dejan</who>
            <bug_when>2002-03-03 18:43:21 -0500</bug_when>
            <thetext>Implemented - will appear in the next integration build.</thetext>
          </long_desc>
      
      

    </bug>

</bugzilla>