<?xml version="1.0" encoding="UTF-8" standalone="yes" ?>


<bugzilla version="4.2.1"
          urlbase="https://bugs.eclipse.org/bugs/"
          
          maintainer="webmaster@eclipse.org"
>

    <bug>
          <bug_id>10236</bug_id>
          
          <creation_ts>2002-02-26 04:00:00 -0500</creation_ts>
          <short_desc>Enable decorators in Type hierarchy view</short_desc>
          <delta_ts>2002-03-04 12:03:21 -0500</delta_ts>
          <reporter_accessible>1</reporter_accessible>
          <cclist_accessible>1</cclist_accessible>
          <classification_id>2</classification_id>
          <classification>Eclipse</classification>
          <product>JDT</product>
          <component>UI</component>
          <version>2.0</version>
          <rep_platform>PC</rep_platform>
          <op_sys>Windows 2000</op_sys>
          <bug_status>RESOLVED</bug_status>
          <resolution>FIXED</resolution>
          
          
          <bug_file_loc></bug_file_loc>
          <status_whiteboard></status_whiteboard>
          <keywords></keywords>
          <priority>P1</priority>
          <bug_severity>normal</bug_severity>
          <target_milestone>---</target_milestone>
          
          
          <everconfirmed>1</everconfirmed>
          <reporter name="Erich Gamma">erich_gamma</reporter>
          <assigned_to name="Martin Aeschlimann">martin_aeschlimann</assigned_to>
          
          
          <votes>0</votes>

      

      

      

          <long_desc isprivate="0">
            <commentid>27989</commentid>
            <who name="Erich Gamma">erich_gamma</who>
            <bug_when>2002-02-26 04:00:35 -0500</bug_when>
            <thetext>See the packages view for how to do this.</thetext>
          </long_desc>
          <long_desc isprivate="0">
            <commentid>29850</commentid>
            <who name="Martin Aeschlimann">martin_aeschlimann</who>
            <bug_when>2002-03-04 12:03:21 -0500</bug_when>
            <thetext>fixed &gt; 20020228</thetext>
          </long_desc>
      
      

    </bug>

</bugzilla>