<?xml version="1.0" encoding="UTF-8" standalone="yes" ?>


<bugzilla version="4.2.1"
          urlbase="https://bugs.eclipse.org/bugs/"
          
          maintainer="webmaster@eclipse.org"
>

    <bug>
          <bug_id>10586</bug_id>
          
          <creation_ts>2002-03-01 10:45:00 -0500</creation_ts>
          <short_desc>Use new workbench selection service</short_desc>
          <delta_ts>2002-03-15 11:45:53 -0500</delta_ts>
          <reporter_accessible>1</reporter_accessible>
          <cclist_accessible>1</cclist_accessible>
          <classification_id>2</classification_id>
          <classification>Eclipse</classification>
          <product>Platform</product>
          <component>Debug</component>
          <version>2.0</version>
          <rep_platform>PC</rep_platform>
          <op_sys>Windows 2000</op_sys>
          <bug_status>VERIFIED</bug_status>
          <resolution>FIXED</resolution>
          
          
          <bug_file_loc></bug_file_loc>
          <status_whiteboard></status_whiteboard>
          <keywords></keywords>
          <priority>P1</priority>
          <bug_severity>normal</bug_severity>
          <target_milestone>2.0 M5</target_milestone>
          
          
          <everconfirmed>1</everconfirmed>
          <reporter name="Darin Wright">darin.eclipse</reporter>
          <assigned_to name="Darin Wright">darin.eclipse</assigned_to>
          
          
          <votes>0</votes>

      

      

      

          <long_desc isprivate="0">
            <commentid>29462</commentid>
            <who name="Darin Wright">darin.eclipse</who>
            <bug_when>2002-03-01 10:45:07 -0500</bug_when>
            <thetext>Debug views should be converted to use the new workbench selection service.
See bug #2668</thetext>
          </long_desc>
          <long_desc isprivate="0">
            <commentid>32356</commentid>
            <who name="Darin Swanson">Darin_Swanson</who>
            <bug_when>2002-03-13 10:35:13 -0500</bug_when>
            <thetext>Converted.
Deleted our workaround classes.</thetext>
          </long_desc>
          <long_desc isprivate="0">
            <commentid>32358</commentid>
            <who name="Darin Swanson">Darin_Swanson</who>
            <bug_when>2002-03-13 10:35:38 -0500</bug_when>
            <thetext>Please verify.</thetext>
          </long_desc>
          <long_desc isprivate="0">
            <commentid>33138</commentid>
            <who name="Darin Wright">darin.eclipse</who>
            <bug_when>2002-03-15 11:45:53 -0500</bug_when>
            <thetext>Verified</thetext>
          </long_desc>
      
      

    </bug>

</bugzilla>