<?xml version="1.0" encoding="UTF-8" standalone="yes" ?>


<bugzilla version="4.2.1"
          urlbase="https://bugs.eclipse.org/bugs/"
          
          maintainer="webmaster@eclipse.org"
>

    <bug>
          <bug_id>10275</bug_id>
          
          <creation_ts>2002-02-26 12:23:00 -0500</creation_ts>
          <short_desc>Search: reference to class not found</short_desc>
          <delta_ts>2002-03-01 06:26:53 -0500</delta_ts>
          <reporter_accessible>1</reporter_accessible>
          <cclist_accessible>1</cclist_accessible>
          <classification_id>2</classification_id>
          <classification>Eclipse</classification>
          <product>JDT</product>
          <component>Core</component>
          <version>2.0</version>
          <rep_platform>PC</rep_platform>
          <op_sys>Windows 2000</op_sys>
          <bug_status>RESOLVED</bug_status>
          <resolution>WONTFIX</resolution>
          
          
          <bug_file_loc></bug_file_loc>
          <status_whiteboard></status_whiteboard>
          <keywords></keywords>
          <priority>P2</priority>
          <bug_severity>critical</bug_severity>
          <target_milestone>2.0 M4</target_milestone>
          
          
          <everconfirmed>1</everconfirmed>
          <reporter name="Dirk Baeumer">dirk_baeumer</reporter>
          <assigned_to name="Jerome Lanneluc">jerome_lanneluc</assigned_to>
          
          
          <votes>0</votes>

      

      

      

          <long_desc isprivate="0">
            <commentid>28127</commentid>
            <who name="Dirk Baeumer">dirk_baeumer</who>
            <bug_when>2002-02-26 12:23:54 -0500</bug_when>
            <thetext>Build 20020214

- open class MethodDeclaration form DOM/AST
- select SingleVariableDeclaration from the code

	private ASTNode.NodeList parameters =
		new ASTNode.NodeList(true, SingleVariableDeclaration.class);;

- search for references
observe: the above reference isn&apos;t part of the search result</thetext>
          </long_desc>
          <long_desc isprivate="0">
            <commentid>28128</commentid>
            <who name="Dirk Baeumer">dirk_baeumer</who>
            <bug_when>2002-02-26 12:24:44 -0500</bug_when>
            <thetext>I have JDTCore in binary in my workspace</thetext>
          </long_desc>
          <long_desc isprivate="0">
            <commentid>28154</commentid>
            <who name="Philippe Mulet">philippe_mulet</who>
            <bug_when>2002-02-26 12:55:25 -0500</bug_when>
            <thetext>Was able to reproduce with JDT/Core in source form.</thetext>
          </long_desc>
          <long_desc isprivate="0">
            <commentid>28928</commentid>
            <who name="Jerome Lanneluc">jerome_lanneluc</who>
            <bug_when>2002-02-27 17:25:07 -0500</bug_when>
            <thetext>Was not able to reproduce in build 20020226 with JDT/Core in source form.
Will try with JDT/Core in binary form.</thetext>
          </long_desc>
          <long_desc isprivate="0">
            <commentid>29407</commentid>
            <who name="Jerome Lanneluc">jerome_lanneluc</who>
            <bug_when>2002-03-01 06:26:53 -0500</bug_when>
            <thetext>The class file for MethodDeclaration does not contain a class reference to 
SingleVariableDeclaration as the compiler (and any compiler would do the same) 
generates a Class.forName(String) bytecode.

This is a limitation of searching in binaries. Sorry.</thetext>
          </long_desc>
      
      

    </bug>

</bugzilla>