<?xml version="1.0" encoding="UTF-8" standalone="yes" ?>


<bugzilla version="4.2.1"
          urlbase="https://bugs.eclipse.org/bugs/"
          
          maintainer="webmaster@eclipse.org"
>

    <bug>
          <bug_id>10463</bug_id>
          
          <creation_ts>2002-02-28 04:19:00 -0500</creation_ts>
          <short_desc>ClassCastException in Launch Configurations</short_desc>
          <delta_ts>2002-02-28 08:58:49 -0500</delta_ts>
          <reporter_accessible>1</reporter_accessible>
          <cclist_accessible>1</cclist_accessible>
          <classification_id>2</classification_id>
          <classification>Eclipse</classification>
          <product>JDT</product>
          <component>Debug</component>
          <version>2.0</version>
          <rep_platform>PC</rep_platform>
          <op_sys>Windows 2000</op_sys>
          <bug_status>RESOLVED</bug_status>
          <resolution>DUPLICATE</resolution>
          <dup_id>10377</dup_id>
          
          <bug_file_loc></bug_file_loc>
          <status_whiteboard></status_whiteboard>
          <keywords></keywords>
          <priority>P3</priority>
          <bug_severity>normal</bug_severity>
          <target_milestone>---</target_milestone>
          
          
          <everconfirmed>1</everconfirmed>
          <reporter name="Andre Weinand">andre_weinand</reporter>
          <assigned_to name="Darin Wright">darin.eclipse</assigned_to>
          
          
          <votes>0</votes>

      

      

      

          <long_desc isprivate="0">
            <commentid>29019</commentid>
            <who name="Andre Weinand">andre_weinand</who>
            <bug_when>2002-02-28 04:19:47 -0500</bug_when>
            <thetext>20020226
JDK 1.4

At the end of importing &apos;External Plug-Ins and Fragments&apos; into my workspace I 
got the following CCEs:

org.eclipse.swt.SWTException: Failed to execute runnable 
(java.lang.ClassCastException: 
org.eclipse.debug.internal.ui.launchConfigurations.LaunchConfigurationHistoryEle
ment)
	at org.eclipse.swt.SWT.error(SWT.java:1887)
	at org.eclipse.swt.widgets.Synchronizer.runAsyncMessages
(Synchronizer.java:96)
	at org.eclipse.swt.widgets.Display.runAsyncMessages(Display.java:1397)
	at org.eclipse.swt.widgets.Display.readAndDispatch(Display.java:1211)
	at org.eclipse.ui.internal.Workbench.runEventLoop(Workbench.java:788)
	at org.eclipse.ui.internal.Workbench.run(Workbench.java:771)
	at org.eclipse.core.internal.boot.InternalBootLoader.run
(InternalBootLoader.java:777)
	at org.eclipse.core.boot.BootLoader.run(BootLoader.java:319)
	at java.lang.reflect.Method.invoke(Native Method)
	at org.eclipse.core.launcher.Main.basicRun(Main.java:151)
	at org.eclipse.core.launcher.Main.run(Main.java:502)
	at org.eclipse.core.launcher.UIMain.main(UIMain.java:52)
*** Stack trace of contained exception ***
java.lang.ClassCastException: 
org.eclipse.debug.internal.ui.launchConfigurations.LaunchConfigurationHistoryEle
ment
	at org.eclipse.debug.internal.ui.DebugUIPlugin.removeDeletedHistories
(DebugUIPlugin.java:726)
	at org.eclipse.debug.internal.ui.DebugUIPlugin$6.run
(DebugUIPlugin.java:712)
	at org.eclipse.swt.widgets.RunnableLock.run(RunnableLock.java:29)
	at org.eclipse.swt.widgets.Synchronizer.runAsyncMessages
(Synchronizer.java:93)
	at org.eclipse.swt.widgets.Display.runAsyncMessages(Display.java:1397)
	at org.eclipse.swt.widgets.Display.readAndDispatch(Display.java:1211)
	at org.eclipse.ui.internal.Workbench.runEventLoop(Workbench.java:788)
	at org.eclipse.ui.internal.Workbench.run(Workbench.java:771)
	at org.eclipse.core.internal.boot.InternalBootLoader.run
(InternalBootLoader.java:777)
	at org.eclipse.core.boot.BootLoader.run(BootLoader.java:319)
	at java.lang.reflect.Method.invoke(Native Method)
	at org.eclipse.core.launcher.Main.basicRun(Main.java:151)
	at org.eclipse.core.launcher.Main.run(Main.java:502)
	at org.eclipse.core.launcher.UIMain.main(UIMain.java:52)</thetext>
          </long_desc>
          <long_desc isprivate="0">
            <commentid>29060</commentid>
            <who name="Darin Wright">darin.eclipse</who>
            <bug_when>2002-02-28 08:58:49 -0500</bug_when>
            <thetext>

*** This bug has been marked as a duplicate of 10377 ***</thetext>
          </long_desc>
      
      

    </bug>

</bugzilla>