<?xml version="1.0" encoding="UTF-8" standalone="yes" ?>


<bugzilla version="4.2.1"
          urlbase="https://bugs.eclipse.org/bugs/"
          
          maintainer="webmaster@eclipse.org"
>

    <bug>
          <bug_id>10475</bug_id>
          
          <creation_ts>2002-02-28 09:53:00 -0500</creation_ts>
          <short_desc>Show commit comment in sync view</short_desc>
          <delta_ts>2002-05-17 20:32:35 -0400</delta_ts>
          <reporter_accessible>1</reporter_accessible>
          <cclist_accessible>1</cclist_accessible>
          <classification_id>2</classification_id>
          <classification>Eclipse</classification>
          <product>Platform</product>
          <component>Team</component>
          <version>2.0</version>
          <rep_platform>PC</rep_platform>
          <op_sys>Windows 2000</op_sys>
          <bug_status>RESOLVED</bug_status>
          <resolution>DUPLICATE</resolution>
          <dup_id>11426</dup_id>
          
          <bug_file_loc></bug_file_loc>
          <status_whiteboard></status_whiteboard>
          <keywords></keywords>
          <priority>P3</priority>
          <bug_severity>normal</bug_severity>
          <target_milestone>2.0 M6</target_milestone>
          
          
          <everconfirmed>1</everconfirmed>
          <reporter name="Michael Valenta">Michael_Valenta</reporter>
          <assigned_to name="James Moody">James_Moody</assigned_to>
          
          
          <votes>0</votes>

      

      

      

          <long_desc isprivate="0">
            <commentid>29082</commentid>
            <who name="Michael Valenta">Michael_Valenta</who>
            <bug_when>2002-02-28 09:53:15 -0500</bug_when>
            <thetext>Although not essential, it would be nice to have hover help in the sync view 
that displayed the commit message associated with an incomming change so you 
could see what was fixed. Currently you can get this information by choosing 
Show in Resource History. However, this results in a change in UI context, 
expecially if you are using fast views.</thetext>
          </long_desc>
          <long_desc isprivate="0">
            <commentid>29285</commentid>
            <who name="Kevin McGuire">Kevin_McGuire</who>
            <bug_when>2002-02-28 16:04:54 -0500</bug_when>
            <thetext>Hover help wouldn&apos;t be good choice because commit comments can be long and 
multiline.

However, the idea is correct: it would be nice to see the comments.  James and 
I were just discussing this yesterday, actually.</thetext>
          </long_desc>
          <long_desc isprivate="0">
            <commentid>29415</commentid>
            <who name="Michael Valenta">Michael_Valenta</who>
            <bug_when>2002-03-01 08:07:55 -0500</bug_when>
            <thetext>Would something similar to the codeassist window in JDT be appropriate? Having 
the user explicitly perform an operation (like CTRL-space) is good since we&apos;ll 
have to hit the server to get the comment. We&apos;ll also want to look into how to 
fetch the message for a single revision instead of fetching the whole log.

</thetext>
          </long_desc>
          <long_desc isprivate="0">
            <commentid>47637</commentid>
            <who name="Kevin McGuire">Kevin_McGuire</who>
            <bug_when>2002-04-29 18:08:15 -0400</bug_when>
            <thetext>Lets try again without the hover help this time :)</thetext>
          </long_desc>
          <long_desc isprivate="0">
            <commentid>55548</commentid>
            <who name="Kevin McGuire">Kevin_McGuire</who>
            <bug_when>2002-05-17 20:32:35 -0400</bug_when>
            <thetext>reworded title from
    Hover help in sync view would be nice

since we now know that using hover help for this is a big problem.

*** This bug has been marked as a duplicate of 11426 ***</thetext>
          </long_desc>
      
      

    </bug>

</bugzilla>