<?xml version="1.0" encoding="UTF-8" standalone="yes" ?>


<bugzilla version="4.2.1"
          urlbase="https://bugs.eclipse.org/bugs/"
          
          maintainer="webmaster@eclipse.org"
>

    <bug>
          <bug_id>10175</bug_id>
          
          <creation_ts>2002-02-25 11:38:00 -0500</creation_ts>
          <short_desc>Editors dialog improvements</short_desc>
          <delta_ts>2002-03-25 11:37:04 -0500</delta_ts>
          <reporter_accessible>1</reporter_accessible>
          <cclist_accessible>1</cclist_accessible>
          <classification_id>2</classification_id>
          <classification>Eclipse</classification>
          <product>Platform</product>
          <component>UI</component>
          <version>2.0</version>
          <rep_platform>PC</rep_platform>
          <op_sys>Windows 2000</op_sys>
          <bug_status>RESOLVED</bug_status>
          <resolution>FIXED</resolution>
          
          
          <bug_file_loc></bug_file_loc>
          <status_whiteboard></status_whiteboard>
          <keywords></keywords>
          <priority>P3</priority>
          <bug_severity>normal</bug_severity>
          <target_milestone>---</target_milestone>
          
          
          <everconfirmed>1</everconfirmed>
          <reporter name="Nick Edgar">nick_edgar</reporter>
          <assigned_to name="Eduardo Pereira">eduardo_pereira</assigned_to>
          
          
          <votes>0</votes>

      

      

      

          <long_desc isprivate="0">
            <commentid>27828</commentid>
            <who name="Nick Edgar">nick_edgar</who>
            <bug_when>2002-02-25 11:38:09 -0500</bug_when>
            <thetext>Build 20020214

The following improvements / simplifications should be made to the editors 
dialog.

Since we now have one page per window, there is less need to show editors in 
all perspectives in the editors dialog.  The terminology is also confusing, 
since perspective is no longer == page.
We should remove this option and the corresponding column.
It should just show all editors in the current page.
For multiple windows, the assumption is that they are really different working 
contexts, so the user should use the dialog in each window.

With the improvements to the recent file list, there is less need to show 
recent files in the editors dialog. 
We should remove this option too.

We should be sure to save all relevant UI state:
- sort order (default sort order is resource name)
- position of window (should save this even if dialog is canceled)
- column widths (this was recently fixed)</thetext>
          </long_desc>
          <long_desc isprivate="0">
            <commentid>36147</commentid>
            <who name="Eduardo Pereira">eduardo_pereira</who>
            <bug_when>2002-03-25 11:37:04 -0500</bug_when>
            <thetext>We have simplified the dialog as well as add new buttons to help editor 
managments (select clean editor and invert selection). The 3rd column and the 
show history button were deleted.</thetext>
          </long_desc>
      
      

    </bug>

</bugzilla>