<?xml version="1.0" encoding="UTF-8" standalone="yes" ?>


<bugzilla version="4.2.1"
          urlbase="https://bugs.eclipse.org/bugs/"
          
          maintainer="webmaster@eclipse.org"
>

    <bug>
          <bug_id>10615</bug_id>
          
          <creation_ts>2002-03-01 15:36:00 -0500</creation_ts>
          <short_desc>performance improvements in file transfer</short_desc>
          <delta_ts>2009-01-09 16:56:04 -0500</delta_ts>
          <reporter_accessible>1</reporter_accessible>
          <cclist_accessible>1</cclist_accessible>
          <classification_id>4</classification_id>
          <classification>Tools</classification>
          <product>CDT</product>
          <component>cdt-core</component>
          <version>2.0</version>
          <rep_platform>PC</rep_platform>
          <op_sys>All</op_sys>
          <bug_status>RESOLVED</bug_status>
          <resolution>FIXED</resolution>
          
          
          <bug_file_loc></bug_file_loc>
          <status_whiteboard></status_whiteboard>
          <keywords></keywords>
          <priority>P4</priority>
          <bug_severity>normal</bug_severity>
          <target_milestone>---</target_milestone>
          
          
          <everconfirmed>1</everconfirmed>
          <reporter name="David McKnight">dmcknigh</reporter>
          <assigned_to name="David McKnight">dmcknigh</assigned_to>
          
          
          <votes>0</votes>

      

      

      

          <long_desc isprivate="0">
            <commentid>29549</commentid>
            <who name="David McKnight">dmcknigh</who>
            <bug_when>2002-03-01 15:36:42 -0500</bug_when>
            <thetext>Remote file transfer actions are not working as fast as they should.  They 
currently run in a background thread and use very little of the CPU.  With a 
higher priority and better CPU utilization, file transfer could be much faster.</thetext>
          </long_desc>
          <long_desc isprivate="0">
            <commentid>53552</commentid>
            <who name="David McKnight">dmcknigh</who>
            <bug_when>2002-05-14 16:50:17 -0400</bug_when>
            <thetext>Performance seems okay now.  If we need improvements later we can always come 
back to this.</thetext>
          </long_desc>
      
      

    </bug>

</bugzilla>