<?xml version="1.0" encoding="UTF-8" standalone="yes" ?>


<bugzilla version="4.2.1"
          urlbase="https://bugs.eclipse.org/bugs/"
          
          maintainer="webmaster@eclipse.org"
>

    <bug>
          <bug_id>10267</bug_id>
          
          <creation_ts>2002-02-26 11:41:00 -0500</creation_ts>
          <short_desc>State of open Workbench Windows gets partially lost on shutdown</short_desc>
          <delta_ts>2002-03-25 10:43:43 -0500</delta_ts>
          <reporter_accessible>1</reporter_accessible>
          <cclist_accessible>1</cclist_accessible>
          <classification_id>2</classification_id>
          <classification>Eclipse</classification>
          <product>Platform</product>
          <component>UI</component>
          <version>2.0</version>
          <rep_platform>PC</rep_platform>
          <op_sys>Windows 2000</op_sys>
          <bug_status>RESOLVED</bug_status>
          <resolution>FIXED</resolution>
          
          
          <bug_file_loc></bug_file_loc>
          <status_whiteboard></status_whiteboard>
          <keywords></keywords>
          <priority>P2</priority>
          <bug_severity>normal</bug_severity>
          <target_milestone>---</target_milestone>
          
          
          <everconfirmed>1</everconfirmed>
          <reporter name="Randy Hudson">hudsonr</reporter>
          <assigned_to name="Eduardo Pereira">eduardo_pereira</assigned_to>
          
          
          <votes>0</votes>

      

      

      

          <long_desc isprivate="0">
            <commentid>28093</commentid>
            <who name="Randy Hudson">hudsonr</who>
            <bug_when>2002-02-26 11:41:16 -0500</bug_when>
            <thetext>If I shutdown eclipse with some editors dirty, I will get prompted to save 
those editors.  However, certain workbench windows have already started 
closing.  If I press cancel at that time, the shutdown is aborted, and I lost 
the open windows that did NOT have dirty editors and came before the window 
which did.</thetext>
          </long_desc>
          <long_desc isprivate="0">
            <commentid>36080</commentid>
            <who name="Eduardo Pereira">eduardo_pereira</who>
            <bug_when>2002-03-25 10:43:43 -0500</bug_when>
            <thetext>Fixed and released.</thetext>
          </long_desc>
      
      

    </bug>

</bugzilla>