<?xml version="1.0" encoding="UTF-8" standalone="yes" ?>


<bugzilla version="4.2.1"
          urlbase="https://bugs.eclipse.org/bugs/"
          
          maintainer="webmaster@eclipse.org"
>

    <bug>
          <bug_id>10468</bug_id>
          
          <creation_ts>2002-02-28 08:32:00 -0500</creation_ts>
          <short_desc>DOM/AST: TypeDeclaration#isLocalTypeDeclaration doesn&apos;t consider anonymous types</short_desc>
          <delta_ts>2002-03-01 04:35:43 -0500</delta_ts>
          <reporter_accessible>1</reporter_accessible>
          <cclist_accessible>1</cclist_accessible>
          <classification_id>2</classification_id>
          <classification>Eclipse</classification>
          <product>JDT</product>
          <component>Core</component>
          <version>2.0</version>
          <rep_platform>PC</rep_platform>
          <op_sys>Windows 2000</op_sys>
          <bug_status>RESOLVED</bug_status>
          <resolution>FIXED</resolution>
          
          
          <bug_file_loc></bug_file_loc>
          <status_whiteboard></status_whiteboard>
          <keywords></keywords>
          <priority>P3</priority>
          <bug_severity>normal</bug_severity>
          <target_milestone>2.0 M4</target_milestone>
          
          
          <everconfirmed>1</everconfirmed>
          <reporter name="Dirk Baeumer">dirk_baeumer</reporter>
          <assigned_to name="Jim des Rivieres">jim_des_rivieres</assigned_to>
          <cc>Olivier_Thomann</cc>
          
          <votes>0</votes>

      

      

      

          <long_desc isprivate="0">
            <commentid>29053</commentid>
            <who name="Dirk Baeumer">dirk_baeumer</who>
            <bug_when>2002-02-28 08:32:32 -0500</bug_when>
            <thetext>Build 20020226

Anonymous types can also be local. As well checking for member types if the are 
anonymous is incorrect too. Either these methods (yes I have read the comment) 
do what the name suggests or we remove them. Currently they are only a source 
for problems.</thetext>
          </long_desc>
          <long_desc isprivate="0">
            <commentid>29073</commentid>
            <who name="Olivier Thomann">Olivier_Thomann</who>
            <bug_when>2002-02-28 09:29:14 -0500</bug_when>
            <thetext>I vote to remove them. They simply don&apos;t check what they should. An anonymous type is a local type, 
but this method cannot be used for them.

public boolean isMemberTypeDeclaration() 
{
	ASTNode parent = getParent();
	return (parent instanceof TypeDeclaration)
		|| 
(parent instanceof ClassInstanceCreation);
}
should be:

public boolean 
isMemberTypeDeclaration() {
	return getParent() instanceof TypeDeclaration;
}
</thetext>
          </long_desc>
          <long_desc isprivate="0">
            <commentid>29078</commentid>
            <who name="Dirk Baeumer">dirk_baeumer</who>
            <bug_when>2002-02-28 09:37:51 -0500</bug_when>
            <thetext>I know that removing them is the easiest for you but actual we need methods to 
deceide if a type declaration is local or not. Since you know the AST and its 
structure I think the node should provide corresponding methods. Otherwise 
clients have to implement it by themselves and for sure they will do it 
incorrect. </thetext>
          </long_desc>
          <long_desc isprivate="0">
            <commentid>29081</commentid>
            <who name="Olivier Thomann">Olivier_Thomann</who>
            <bug_when>2002-02-28 09:43:35 -0500</bug_when>
            <thetext>Then I suggest the following code:
	public boolean isMemberTypeDeclaration() {
		return getParent() instanceof TypeDeclaration;
	}

and:
	public boolean isLocalTypeDeclaration() {
		return getParent() instanceof TypeDeclarationStatement;
	}
We should add a isLocalTypeDeclaration on the ClassInstanceCreation node which 
would return:
	public boolean isLocalTypeDeclaration() {
		return hasBody;
	}

NOTE: A local type is a type which is contained in a statement. Its parent 
should be a TypeDeclarationStatement.
A member type is a type for which the parent is a type declaration. An 
anonymous type is not a &quot;member&quot; type in the inner specification. It is a local 
type.
I need to add tests to ensure these APIs work as expected.
What do you think?</thetext>
          </long_desc>
          <long_desc isprivate="0">
            <commentid>29100</commentid>
            <who name="Jim des Rivieres">jim_des_rivieres</who>
            <bug_when>2002-02-28 10:42:10 -0500</bug_when>
            <thetext>Anonymous types are represented by ClassInstanceCreation expressions;
they are not represented by TypeDeclaration nodes.

isLocalTypeDeclaration is specified (and implemented) incorrectly:
a TypeDeclaration declares a local type if it&apos;s parent is a 
TypeDeclarationStatement (not a Block). 

If class C is declared as a member of a local (including anonymous) type,
then it is considered a member type - even when the type it is nested inside
is not.

</thetext>
          </long_desc>
      
      

    </bug>

</bugzilla>