<?xml version="1.0" encoding="UTF-8" standalone="yes" ?>


<bugzilla version="4.2.1"
          urlbase="https://bugs.eclipse.org/bugs/"
          
          maintainer="webmaster@eclipse.org"
>

    <bug>
          <bug_id>10256</bug_id>
          
          <creation_ts>2002-02-26 10:34:00 -0500</creation_ts>
          <short_desc>C++ errors in Tasks view are not removed after problems are fixed.</short_desc>
          <delta_ts>2009-01-09 16:55:47 -0500</delta_ts>
          <reporter_accessible>1</reporter_accessible>
          <cclist_accessible>1</cclist_accessible>
          <classification_id>4</classification_id>
          <classification>Tools</classification>
          <product>CDT</product>
          <component>cdt-core</component>
          <version>1.0</version>
          <rep_platform>PC</rep_platform>
          <op_sys>Linux</op_sys>
          <bug_status>RESOLVED</bug_status>
          <resolution>DUPLICATE</resolution>
          <dup_id>9983</dup_id>
          
          <bug_file_loc></bug_file_loc>
          <status_whiteboard></status_whiteboard>
          <keywords></keywords>
          <priority>P3</priority>
          <bug_severity>normal</bug_severity>
          <target_milestone>---</target_milestone>
          
          
          <everconfirmed>1</everconfirmed>
          <reporter name="Samantha Chan">chanskw</reporter>
          <assigned_to name="David McKnight">dmcknigh</assigned_to>
          
          
          <votes>0</votes>

      

      

      

          <long_desc isprivate="0">
            <commentid>28039</commentid>
            <who name="Samantha Chan">chanskw</who>
            <bug_when>2002-02-26 10:34:45 -0500</bug_when>
            <thetext>Testcase:
Any testcase

1.  Introduce some compilation error into the testcase and rebuild the problem.
2.  The compilation errors will be shown in the output view.
3.  Open the Tasks view, the compilations can also be found in the Tasks view.
4.  Fix the compilation errors and rebuild the project.  The error icon in the 
LPEX editor will not go away.  Also, the error messages in the Task view are 
not removed.  

I tried the same thing with a Java project, the error messages in the task view 
are removed once the problems are fixed.  I think we should do the same thing.</thetext>
          </long_desc>
          <long_desc isprivate="0">
            <commentid>28045</commentid>
            <who name="David McKnight">dmcknigh</who>
            <bug_when>2002-02-26 10:55:32 -0500</bug_when>
            <thetext>This is really a duplicate of 9983.

*** This bug has been marked as a duplicate of 9983 ***</thetext>
          </long_desc>
      
      

    </bug>

</bugzilla>