<?xml version="1.0" encoding="UTF-8" standalone="yes" ?>


<bugzilla version="4.2.1"
          urlbase="https://bugs.eclipse.org/bugs/"
          
          maintainer="webmaster@eclipse.org"
>

    <bug>
          <bug_id>10402</bug_id>
          
          <creation_ts>2002-02-27 12:27:00 -0500</creation_ts>
          <short_desc>Unable to debug remote VM from debug perspective</short_desc>
          <delta_ts>2002-04-30 13:50:24 -0400</delta_ts>
          <reporter_accessible>1</reporter_accessible>
          <cclist_accessible>1</cclist_accessible>
          <classification_id>2</classification_id>
          <classification>Eclipse</classification>
          <product>JDT</product>
          <component>Debug</component>
          <version>2.0</version>
          <rep_platform>PC</rep_platform>
          <op_sys>other</op_sys>
          <bug_status>RESOLVED</bug_status>
          <resolution>DUPLICATE</resolution>
          <dup_id>7245</dup_id>
          
          <bug_file_loc></bug_file_loc>
          <status_whiteboard></status_whiteboard>
          <keywords></keywords>
          <priority>P2</priority>
          <bug_severity>normal</bug_severity>
          <target_milestone>2.0 M6</target_milestone>
          
          
          <everconfirmed>1</everconfirmed>
          <reporter name="Peter Burka">peter_burka</reporter>
          <assigned_to name="Darin Wright">darin.eclipse</assigned_to>
          
          
          <votes>0</votes>

      

      

      

          <long_desc isprivate="0">
            <commentid>28762</commentid>
            <who name="Peter Burka">peter_burka</who>
            <bug_when>2002-02-27 12:27:17 -0500</bug_when>
            <thetext>Whenever I try to connect to a remote VM from within the debug perspective, I 
get an error dialog which says:

&apos;Launch attempt failed: Remote Java Application
Reason:
 Unable to resove a project for an attach launch context&apos;.

#1 - why didn&apos;t it prompt me for a project?
#2 - why do I even need a project?  Presumably I should be able to examine 
threads, etc. with no context at all.

(20020215 stable build)</thetext>
          </long_desc>
          <long_desc isprivate="0">
            <commentid>29139</commentid>
            <who name="Darin Wright">darin.eclipse</who>
            <bug_when>2002-02-28 11:24:57 -0500</bug_when>
            <thetext>(1) When using launch configs, you are forced to specify a project (so problem 
#1 is sort of fixed)
(2) We require a project in order to lookup source. If there is no project, we 
have no context in which to lookup source. 

However, we should not require a project. Instead, we should just let the 
config specify where source should be located - via a project or via the file 
system.</thetext>
          </long_desc>
          <long_desc isprivate="0">
            <commentid>47996</commentid>
            <who name="Darin Wright">darin.eclipse</who>
            <bug_when>2002-04-30 13:50:24 -0400</bug_when>
            <thetext>

*** This bug has been marked as a duplicate of 7245 ***</thetext>
          </long_desc>
      
      

    </bug>

</bugzilla>