<?xml version="1.0" encoding="UTF-8" standalone="yes" ?>


<bugzilla version="4.2.1"
          urlbase="https://bugs.eclipse.org/bugs/"
          
          maintainer="webmaster@eclipse.org"
>

    <bug>
          <bug_id>10097</bug_id>
          
          <creation_ts>2002-02-22 06:02:00 -0500</creation_ts>
          <short_desc>Short cut for &quot;Comment / Uncomment&quot;</short_desc>
          <delta_ts>2002-05-09 15:39:54 -0400</delta_ts>
          <reporter_accessible>1</reporter_accessible>
          <cclist_accessible>1</cclist_accessible>
          <classification_id>2</classification_id>
          <classification>Eclipse</classification>
          <product>JDT</product>
          <component>UI</component>
          <version>2.0</version>
          <rep_platform>All</rep_platform>
          <op_sys>All</op_sys>
          <bug_status>RESOLVED</bug_status>
          <resolution>DUPLICATE</resolution>
          <dup_id>5646</dup_id>
          
          <bug_file_loc></bug_file_loc>
          <status_whiteboard></status_whiteboard>
          <keywords></keywords>
          <priority>P2</priority>
          <bug_severity>enhancement</bug_severity>
          <target_milestone>---</target_milestone>
          
          
          <everconfirmed>1</everconfirmed>
          <reporter name="David Corbin">dcorbin</reporter>
          <assigned_to name="Kai-Uwe Maetzel">kai-uwe_maetzel</assigned_to>
          <cc>jed.anderson</cc>
          
          <votes>0</votes>

      

      

      

          <long_desc isprivate="0">
            <commentid>27649</commentid>
            <who name="David Corbin">dcorbin</who>
            <bug_when>2002-02-22 06:02:43 -0500</bug_when>
            <thetext>I would like to see a shortcut for this feature.  Preferably CTRL-/ .</thetext>
          </long_desc>
          <long_desc isprivate="0">
            <commentid>31625</commentid>
            <who name="Erich Gamma">erich_gamma</who>
            <bug_when>2002-03-11 09:40:08 -0500</bug_when>
            <thetext>will be done as part of the menu reorg work.</thetext>
          </long_desc>
          <long_desc isprivate="0">
            <commentid>49897</commentid>
            <who name="Erich Gamma">erich_gamma</who>
            <bug_when>2002-05-04 15:01:37 -0400</bug_when>
            <thetext>it is now menu reorg time...</thetext>
          </long_desc>
          <long_desc isprivate="0">
            <commentid>51739</commentid>
            <who name="Erich Gamma">erich_gamma</who>
            <bug_when>2002-05-09 15:39:54 -0400</bug_when>
            <thetext>

*** This bug has been marked as a duplicate of 5646 ***</thetext>
          </long_desc>
      
      

    </bug>

</bugzilla>