<?xml version="1.0" encoding="UTF-8" standalone="yes" ?>


<bugzilla version="4.2.1"
          urlbase="https://bugs.eclipse.org/bugs/"
          
          maintainer="webmaster@eclipse.org"
>

    <bug>
          <bug_id>10196</bug_id>
          
          <creation_ts>2002-02-25 13:52:00 -0500</creation_ts>
          <short_desc>Cannot browse for &quot;Parse Include Path&quot; for remote project.</short_desc>
          <delta_ts>2009-01-09 16:55:42 -0500</delta_ts>
          <reporter_accessible>1</reporter_accessible>
          <cclist_accessible>1</cclist_accessible>
          <classification_id>4</classification_id>
          <classification>Tools</classification>
          <product>CDT</product>
          <component>cdt-core</component>
          <version>1.0</version>
          <rep_platform>PC</rep_platform>
          <op_sys>Linux</op_sys>
          <bug_status>CLOSED</bug_status>
          <resolution>FIXED</resolution>
          
          
          <bug_file_loc></bug_file_loc>
          <status_whiteboard></status_whiteboard>
          <keywords></keywords>
          <priority>P3</priority>
          <bug_severity>normal</bug_severity>
          <target_milestone>---</target_milestone>
          
          
          <everconfirmed>1</everconfirmed>
          <reporter name="Samantha Chan">chanskw</reporter>
          <assigned_to name="David McKnight">dmcknigh</assigned_to>
          
          
          <votes>0</votes>

      

      

      

          <long_desc isprivate="0">
            <commentid>27875</commentid>
            <who name="Samantha Chan">chanskw</who>
            <bug_when>2002-02-25 13:52:01 -0500</bug_when>
            <thetext>In a local project, I can specify the Parse Inlcude Path by using the &quot;Browse&quot; 
button in the &quot;Parse Inluce Path&quot; dialog box.  As I click on the &quot;Browse&quot; 
button, another dialog will come up and I can specify a directory where I want 
to start my navigation.

In a remote project, if I click on the same &quot;Browse&quot; button, a different dialog 
will pop up.  However, I cannot do anything with this new dialog.  I cannot 
specify any directory, and I cannot navigate the file system.  I had to dismiss 
the dialog and type in the Parse Include Path manually.</thetext>
          </long_desc>
          <long_desc isprivate="0">
            <commentid>28129</commentid>
            <who name="David McKnight">dmcknigh</who>
            <bug_when>2002-02-26 12:27:32 -0500</bug_when>
            <thetext>This is mostly a usability problem.  I&apos;ve changed a few things so that it 
behaves better.</thetext>
          </long_desc>
          <long_desc isprivate="0">
            <commentid>185091</commentid>
            <who name="Sebastien Marineau">sebastien</who>
            <bug_when>2003-09-10 08:57:16 -0400</bug_when>
            <thetext>Closing</thetext>
          </long_desc>
      
      

    </bug>

</bugzilla>