<?xml version="1.0" encoding="UTF-8" standalone="yes" ?>


<bugzilla version="4.2.1"
          urlbase="https://bugs.eclipse.org/bugs/"
          
          maintainer="webmaster@eclipse.org"
>

    <bug>
          <bug_id>10103</bug_id>
          
          <creation_ts>2002-02-22 11:18:00 -0500</creation_ts>
          <short_desc>eclipse projects cannot handle large number of files</short_desc>
          <delta_ts>2002-06-05 13:00:00 -0400</delta_ts>
          <reporter_accessible>1</reporter_accessible>
          <cclist_accessible>1</cclist_accessible>
          <classification_id>2</classification_id>
          <classification>Eclipse</classification>
          <product>Platform</product>
          <component>Resources</component>
          <version>1.0</version>
          <rep_platform>PC</rep_platform>
          <op_sys>Windows 2000</op_sys>
          <bug_status>RESOLVED</bug_status>
          <resolution>WORKSFORME</resolution>
          
          
          <bug_file_loc></bug_file_loc>
          <status_whiteboard></status_whiteboard>
          <keywords></keywords>
          <priority>P2</priority>
          <bug_severity>major</bug_severity>
          <target_milestone>---</target_milestone>
          
          
          <everconfirmed>1</everconfirmed>
          <reporter name="Frank McGrath">fmcgrath</reporter>
          <assigned_to name="DJ Houghton">dj_houghton</assigned_to>
          
          
          <votes>0</votes>

      

      

      

          <long_desc isprivate="0">
            <commentid>27665</commentid>
            <who name="Frank McGrath">fmcgrath</who>
            <bug_when>2002-02-22 11:18:40 -0500</bug_when>
            <thetext>I tried to create a project which contained a nested directory with lots of 
files.  The directory had about 13000 files in it - these are logically part of 
the project, but I am not directly manipulating them through any editor or 
viewer.  When I refresh the project from local, the Progress Information dialog 
comes up, and appears to make progress, but it is unacceptably slow.  I waited 
over 7 minutes on a P4-1.4GHz machine with fast SCSI drives and 512Meg of 
memory.  I gave up and never finished the operation.
I reproduced this with a &quot;simple&quot; project as well as with a Java project.</thetext>
          </long_desc>
          <long_desc isprivate="0">
            <commentid>30689</commentid>
            <who name="Jed Anderson">jed.anderson</who>
            <bug_when>2002-03-06 16:22:43 -0500</bug_when>
            <thetext>When I Refresh from Local 7092 files it takes between 3 &amp; 5 seconds.  I&apos;m
running on a 800MHz, 384M RAM and no SCSI.  I think there is something else
going on.  Did you have autobuild on?</thetext>
          </long_desc>
          <long_desc isprivate="0">
            <commentid>41512</commentid>
            <who name="DJ Houghton">dj_houghton</who>
            <bug_when>2002-04-11 14:07:48 -0400</bug_when>
            <thetext>Please annotate. Thanks.</thetext>
          </long_desc>
          <long_desc isprivate="0">
            <commentid>68011</commentid>
            <who name="John Arthorne">john_arthorne</who>
            <bug_when>2002-06-04 18:04:28 -0400</bug_when>
            <thetext>Just as another data point, I was doing some stress testing of eclipse this 
afternoon.  I added all projects from eclipse.org to a single workspace:

177 projects
9066 folders
30787 files

Eclipse handled this without any problems.  I didn&apos;t try compiling it though ;)
</thetext>
          </long_desc>
          <long_desc isprivate="0">
            <commentid>68793</commentid>
            <who name="DJ Houghton">dj_houghton</who>
            <bug_when>2002-06-05 13:00:00 -0400</bug_when>
            <thetext>No additional information from originator.
Have tested projects with large amounts of files with no problems.
Please re-open if you are still haveing problems in the latest builds.</thetext>
          </long_desc>
      
      

    </bug>

</bugzilla>