<?xml version="1.0" encoding="UTF-8" standalone="yes" ?>


<bugzilla version="4.2.1"
          urlbase="https://bugs.eclipse.org/bugs/"
          
          maintainer="webmaster@eclipse.org"
>

    <bug>
          <bug_id>10240</bug_id>
          
          <creation_ts>2002-02-26 05:51:00 -0500</creation_ts>
          <short_desc>JDTCompilerAdapter  doesn&apos;t understand &quot;deprecation&quot; from Ant</short_desc>
          <delta_ts>2002-03-01 04:36:57 -0500</delta_ts>
          <reporter_accessible>1</reporter_accessible>
          <cclist_accessible>1</cclist_accessible>
          <classification_id>2</classification_id>
          <classification>Eclipse</classification>
          <product>JDT</product>
          <component>Core</component>
          <version>2.0</version>
          <rep_platform>PC</rep_platform>
          <op_sys>Windows 2000</op_sys>
          <bug_status>RESOLVED</bug_status>
          <resolution>FIXED</resolution>
          
          
          <bug_file_loc></bug_file_loc>
          <status_whiteboard></status_whiteboard>
          <keywords></keywords>
          <priority>P3</priority>
          <bug_severity>normal</bug_severity>
          <target_milestone>2.0 M4</target_milestone>
          
          
          <everconfirmed>1</everconfirmed>
          <reporter name="Guus Bosman">guusbosman</reporter>
          <assigned_to name="Olivier Thomann">Olivier_Thomann</assigned_to>
          
          
          <votes>0</votes>

      

      

      

          <long_desc isprivate="0">
            <commentid>27999</commentid>
            <who name="Guus Bosman">guusbosman</who>
            <bug_when>2002-02-26 05:51:07 -0500</bug_when>
            <thetext>When using an Ant build.xml file with the following target: 

&lt;javac srcdir=&quot;${src}&quot; destdir=&quot;${build}&quot;
  excludes=&quot;tests/**, classes/**&quot;
  classpath=&quot;${all_libs};${weblogic_home}/lib/weblogic.jar;lib/eretail.jar&quot;
  deprecation=&quot;${deprecated}&quot;
/&gt;

The JDTCompiler complains that it doesn&apos;t know the directory &quot;-deprecation&quot;, 
and it causes the whole IDE to crash (looks like a System.exit()).</thetext>
          </long_desc>
          <long_desc isprivate="0">
            <commentid>28085</commentid>
            <who name="Philippe Mulet">philippe_mulet</who>
            <bug_when>2002-02-26 11:32:22 -0500</bug_when>
            <thetext>Olivier - Can you please do the necessary so that the batch compiler 
understands -deprecation ?

You might also want to check the compiler exiting the IDE in case of problem 
(we want to *not* perform a System.exit(...) when running through the Ant task 
I think). Please double check with Platform/Ant.</thetext>
          </long_desc>
          <long_desc isprivate="0">
            <commentid>28193</commentid>
            <who name="Olivier Thomann">Olivier_Thomann</who>
            <bug_when>2002-02-26 14:05:30 -0500</bug_when>
            <thetext>Fixed and released in HEAD. -deprecation is now equivalent to -warn:deprecation.
If -nowarn or -
warn:none is specified after this option, it invalidates it.
</thetext>
          </long_desc>
          <long_desc isprivate="0">
            <commentid>28364</commentid>
            <who name="Olivier Thomann">Olivier_Thomann</who>
            <bug_when>2002-02-26 16:38:25 -0500</bug_when>
            <thetext>I have found the problem on the pde.code side which led to a system.exit. The option -noExit was 
specified at the end. Then when an unknown option is used in the command line, the batch compiler 
did a system.exit. Putting this option (-noExit) as the first option doesn&apos;t crash the IDE 
anymore. You get an error message in the ant console instead. We need to provide a complete javac 
ant task based on our batch compiler to completely fix this problem. Hopefully the fix in pde.core 
will be released soon.</thetext>
          </long_desc>
      
      

    </bug>

</bugzilla>