<?xml version="1.0" encoding="UTF-8" standalone="yes" ?>


<bugzilla version="4.2.1"
          urlbase="https://bugs.eclipse.org/bugs/"
          
          maintainer="webmaster@eclipse.org"
>

    <bug>
          <bug_id>10355</bug_id>
          
          <creation_ts>2002-02-26 23:43:00 -0500</creation_ts>
          <short_desc>Stdin/stdout/stderr for run/debug</short_desc>
          <delta_ts>2002-04-30 12:08:57 -0400</delta_ts>
          <reporter_accessible>1</reporter_accessible>
          <cclist_accessible>1</cclist_accessible>
          <classification_id>4</classification_id>
          <classification>Tools</classification>
          <product>CDT</product>
          <component>cdt-debug</component>
          <version>2.0</version>
          <rep_platform>All</rep_platform>
          <op_sys>All</op_sys>
          <bug_status>RESOLVED</bug_status>
          <resolution>DUPLICATE</resolution>
          <dup_id>11963</dup_id>
          
          <bug_file_loc></bug_file_loc>
          <status_whiteboard></status_whiteboard>
          <keywords></keywords>
          <priority>P3</priority>
          <bug_severity>enhancement</bug_severity>
          <target_milestone>---</target_milestone>
          
          
          <everconfirmed>1</everconfirmed>
          <reporter name="Brian Thomson">thomson</reporter>
          <assigned_to name="Samantha Chan">chanskw</assigned_to>
          
          
          <votes>0</votes>

      

      

      

          <long_desc isprivate="0">
            <commentid>28420</commentid>
            <who name="Brian Thomson">thomson</who>
            <bug_when>2002-02-26 23:43:31 -0500</bug_when>
            <thetext>Stdin/stdout/stderr for run/debug.  Standard input, output and error are used by
GdbPicl to communicate with Gdb.  As a result, program&apos;s output and error
messages are not displayed in any console views.  Users also have no means of
interacting with the debugged program directly.   GdbPicl needs implementations
to properly filter out program&apos;s output for display and to allow users to
interact with the program.</thetext>
          </long_desc>
          <long_desc isprivate="0">
            <commentid>29002</commentid>
            <who name="Samantha Chan">chanskw</who>
            <bug_when>2002-02-27 23:37:16 -0500</bug_when>
            <thetext>rely on some changes in debug ui</thetext>
          </long_desc>
          <long_desc isprivate="0">
            <commentid>47932</commentid>
            <who name="Samantha Chan">chanskw</who>
            <bug_when>2002-04-30 12:08:57 -0400</bug_when>
            <thetext>

*** This bug has been marked as a duplicate of 11963 ***</thetext>
          </long_desc>
      
      

    </bug>

</bugzilla>