<?xml version="1.0" encoding="UTF-8" standalone="yes" ?>


<bugzilla version="4.2.1"
          urlbase="https://bugs.eclipse.org/bugs/"
          
          maintainer="webmaster@eclipse.org"
>

    <bug>
          <bug_id>10153</bug_id>
          
          <creation_ts>2002-02-25 08:45:00 -0500</creation_ts>
          <short_desc>Autoconf: Deleting a source file does not change the disabled generate confogure action to be enabled</short_desc>
          <delta_ts>2009-01-09 14:10:18 -0500</delta_ts>
          <reporter_accessible>1</reporter_accessible>
          <cclist_accessible>1</cclist_accessible>
          <classification_id>4</classification_id>
          <classification>Tools</classification>
          <product>CDT</product>
          <component>cdt-other</component>
          <version>1.0</version>
          <rep_platform>PC</rep_platform>
          <op_sys>All</op_sys>
          <bug_status>CLOSED</bug_status>
          <resolution>WONTFIX</resolution>
          
          
          <bug_file_loc></bug_file_loc>
          <status_whiteboard></status_whiteboard>
          <keywords></keywords>
          <priority>P3</priority>
          <bug_severity>major</bug_severity>
          <target_milestone>2.0 - Release</target_milestone>
          
          
          <everconfirmed>1</everconfirmed>
          <reporter name="Yasser Elmankabady">eyasser</reporter>
          <assigned_to name="Yasser Elmankabady">eyasser</assigned_to>
          
          
          <votes>0</votes>

      

      

      

          <long_desc isprivate="0">
            <commentid>27774</commentid>
            <who name="Yasser Elmankabady">eyasser</who>
            <bug_when>2002-02-25 08:45:39 -0500</bug_when>
            <thetext>When deleting a source file, I would excpect that the generate configure action 
to be enabled as the configure script now is outdated.</thetext>
          </long_desc>
          <long_desc isprivate="0">
            <commentid>169196</commentid>
            <who name="Sebastien Marineau">sebastien</who>
            <bug_when>2003-06-25 14:49:16 -0400</bug_when>
            <thetext>Bug applies to old CDT code; closing as part of cleanup.</thetext>
          </long_desc>
          <long_desc isprivate="0">
            <commentid>185117</commentid>
            <who name="Sebastien Marineau">sebastien</who>
            <bug_when>2003-09-10 09:04:38 -0400</bug_when>
            <thetext>Closing</thetext>
          </long_desc>
      
      

    </bug>

</bugzilla>