<?xml version="1.0" encoding="UTF-8" standalone="yes" ?>


<bugzilla version="4.2.1"
          urlbase="https://bugs.eclipse.org/bugs/"
          
          maintainer="webmaster@eclipse.org"
>

    <bug>
          <bug_id>10546</bug_id>
          
          <creation_ts>2002-02-28 17:48:00 -0500</creation_ts>
          <short_desc>Replace Method from Local History: compare dialog has wrong source</short_desc>
          <delta_ts>2002-05-31 14:46:01 -0400</delta_ts>
          <reporter_accessible>1</reporter_accessible>
          <cclist_accessible>1</cclist_accessible>
          <classification_id>2</classification_id>
          <classification>Eclipse</classification>
          <product>JDT</product>
          <component>UI</component>
          <version>2.0</version>
          <rep_platform>PC</rep_platform>
          <op_sys>Windows NT</op_sys>
          <bug_status>RESOLVED</bug_status>
          <resolution>WONTFIX</resolution>
          
          
          <bug_file_loc></bug_file_loc>
          <status_whiteboard></status_whiteboard>
          <keywords></keywords>
          <priority>P2</priority>
          <bug_severity>normal</bug_severity>
          <target_milestone>---</target_milestone>
          
          
          <everconfirmed>1</everconfirmed>
          <reporter name="Peter Burka">peter_burka</reporter>
          <assigned_to name="Andre Weinand">andre_weinand</assigned_to>
          
          
          <votes>0</votes>

      

      

      

          <long_desc isprivate="0">
            <commentid>29353</commentid>
            <who name="Peter Burka">peter_burka</who>
            <bug_when>2002-02-28 17:48:50 -0500</bug_when>
            <thetext>In the Outline view, you can select an individual method and replace it with 
another version from the local history.  When you open the history dialog, the 
pane on the left appears to show the entire contents of the file, while the 
pane on the right shows only the selected method.  These are nearly impossible 
to compare.

(20020215 build)</thetext>
          </long_desc>
          <long_desc isprivate="0">
            <commentid>64702</commentid>
            <who name="Andre Weinand">andre_weinand</who>
            <bug_when>2002-05-31 14:46:01 -0400</bug_when>
            <thetext>The described effect exists only if I cannot parse an entry in the local 
history. In newer version of Eclipse the parsing error is clearly flagged and 
the &apos;Replace&apos; button is disabled.</thetext>
          </long_desc>
      
      

    </bug>

</bugzilla>