<?xml version="1.0" encoding="UTF-8" standalone="yes" ?>


<bugzilla version="4.2.1"
          urlbase="https://bugs.eclipse.org/bugs/"
          
          maintainer="webmaster@eclipse.org"
>

    <bug>
          <bug_id>10128</bug_id>
          
          <creation_ts>2002-02-22 19:35:00 -0500</creation_ts>
          <short_desc>When I select Organize Imports, I would like to see some indication that it ran</short_desc>
          <delta_ts>2002-04-02 05:12:17 -0500</delta_ts>
          <reporter_accessible>1</reporter_accessible>
          <cclist_accessible>1</cclist_accessible>
          <classification_id>2</classification_id>
          <classification>Eclipse</classification>
          <product>JDT</product>
          <component>UI</component>
          <version>2.0</version>
          <rep_platform>PC</rep_platform>
          <op_sys>Windows 2000</op_sys>
          <bug_status>RESOLVED</bug_status>
          <resolution>FIXED</resolution>
          
          
          <bug_file_loc></bug_file_loc>
          <status_whiteboard></status_whiteboard>
          <keywords></keywords>
          <priority>P4</priority>
          <bug_severity>normal</bug_severity>
          <target_milestone>---</target_milestone>
          
          
          <everconfirmed>1</everconfirmed>
          <reporter name="David Corbin">dcorbin</reporter>
          <assigned_to name="Martin Aeschlimann">martin_aeschlimann</assigned_to>
          
          
          <votes>0</votes>

      

      

      

          <long_desc isprivate="0">
            <commentid>27722</commentid>
            <who name="David Corbin">dcorbin</who>
            <bug_when>2002-02-22 19:35:17 -0500</bug_when>
            <thetext>Frequently, I find that invoke Organize Imports from the keyboard, but there is
no indication that the key stroke was pressed.  A visual bell, something on the
status bar, or tap on the Task/Search/Console view where it tells you what it
did would be acceptable.</thetext>
          </long_desc>
          <long_desc isprivate="0">
            <commentid>31619</commentid>
            <who name="Erich Gamma">erich_gamma</who>
            <bug_when>2002-03-11 09:32:58 -0500</bug_when>
            <thetext>we should write to the status bar how many import statements got added or 
removed.</thetext>
          </long_desc>
          <long_desc isprivate="0">
            <commentid>37784</commentid>
            <who name="Martin Aeschlimann">martin_aeschlimann</who>
            <bug_when>2002-04-02 05:12:17 -0500</bug_when>
            <thetext>fixed &gt; 20020328</thetext>
          </long_desc>
      
      

    </bug>

</bugzilla>