<?xml version="1.0" encoding="UTF-8" standalone="yes" ?>


<bugzilla version="4.2.1"
          urlbase="https://bugs.eclipse.org/bugs/"
          
          maintainer="webmaster@eclipse.org"
>

    <bug>
          <bug_id>10106</bug_id>
          
          <creation_ts>2002-02-22 12:18:00 -0500</creation_ts>
          <short_desc>autoconf: if source in top level directory then ask user for target type(program/library)</short_desc>
          <delta_ts>2009-01-09 14:10:13 -0500</delta_ts>
          <reporter_accessible>1</reporter_accessible>
          <cclist_accessible>1</cclist_accessible>
          <classification_id>4</classification_id>
          <classification>Tools</classification>
          <product>CDT</product>
          <component>cdt-other</component>
          <version>1.0</version>
          <rep_platform>PC</rep_platform>
          <op_sys>All</op_sys>
          <bug_status>CLOSED</bug_status>
          <resolution>DUPLICATE</resolution>
          <dup_id>10105</dup_id>
          
          <bug_file_loc></bug_file_loc>
          <status_whiteboard></status_whiteboard>
          <keywords></keywords>
          <priority>P3</priority>
          <bug_severity>enhancement</bug_severity>
          <target_milestone>---</target_milestone>
          
          
          <everconfirmed>1</everconfirmed>
          <reporter name="Robert Weisz">weisz</reporter>
          <assigned_to name="Yasser Elmankabady">eyasser</assigned_to>
          <cc>eyasser</cc>
          
          <votes>0</votes>

      

      

      

          <long_desc isprivate="0">
            <commentid>27676</commentid>
            <who name="Robert Weisz">weisz</who>
            <bug_when>2002-02-22 12:18:45 -0500</bug_when>
            <thetext>For cases where the program structure is not GNU &quot;compliant&quot;, i.e. there
are source files in the top level, then bring up a dialog to ask user if the
target is program/library, instead of having user do some guesswork that he
has to go to the advanced menu and set this info there.

Currently no target is created without any information to the user about
why it was not created at the end of generate/run configure.</thetext>
          </long_desc>
          <long_desc isprivate="0">
            <commentid>28194</commentid>
            <who name="Yasser Elmankabady">eyasser</who>
            <bug_when>2002-02-26 14:07:20 -0500</bug_when>
            <thetext>

*** This bug has been marked as a duplicate of 10105 ***</thetext>
          </long_desc>
          <long_desc isprivate="0">
            <commentid>169251</commentid>
            <who name="Sebastien Marineau">sebastien</who>
            <bug_when>2003-06-25 19:14:03 -0400</bug_when>
            <thetext>Move to version 1</thetext>
          </long_desc>
      
      

    </bug>

</bugzilla>