<?xml version="1.0" encoding="UTF-8" standalone="yes" ?>


<bugzilla version="4.2.1"
          urlbase="https://bugs.eclipse.org/bugs/"
          
          maintainer="webmaster@eclipse.org"
>

    <bug>
          <bug_id>10554</bug_id>
          
          <creation_ts>2002-02-28 19:07:00 -0500</creation_ts>
          <short_desc>Syntax highlighting feature request (numbers and operators)</short_desc>
          <delta_ts>2009-08-30 02:42:17 -0400</delta_ts>
          <reporter_accessible>1</reporter_accessible>
          <cclist_accessible>1</cclist_accessible>
          <classification_id>2</classification_id>
          <classification>Eclipse</classification>
          <product>JDT</product>
          <component>UI</component>
          <version>2.0</version>
          <rep_platform>PC</rep_platform>
          <op_sys>Windows 2000</op_sys>
          <bug_status>RESOLVED</bug_status>
          <resolution>WONTFIX</resolution>
          
          
          <bug_file_loc></bug_file_loc>
          <status_whiteboard></status_whiteboard>
          <keywords></keywords>
          <priority>P3</priority>
          <bug_severity>enhancement</bug_severity>
          <target_milestone>---</target_milestone>
          
          
          <everconfirmed>1</everconfirmed>
          <reporter name="Tony DeFusco">tdefusco</reporter>
          <assigned_to name="JDT-UI-Inbox">jdt-ui-inbox</assigned_to>
          
          
          <votes>0</votes>

      

      

      

          <long_desc isprivate="0">
            <commentid>29369</commentid>
            <who name="Tony DeFusco">tdefusco</who>
            <bug_when>2002-02-28 19:07:38 -0500</bug_when>
            <thetext>It would be useful to have syntax highlighting of numeric literals (e.g. 1.07D, 
0xad4f, 1000L, etc.) and Java operators (e.g. &gt;&gt;&gt;, +, ?:, ==, &amp;, etc.) and 
punctuation (e.g. ;, [, {, etc.)

Thanks in advance.</thetext>
          </long_desc>
          <long_desc isprivate="0">
            <commentid>29411</commentid>
            <who name="DJ Houghton">dj_houghton</who>
            <bug_when>2002-03-01 06:52:37 -0500</bug_when>
            <thetext>Moving to JDT/UI for comment.</thetext>
          </long_desc>
          <long_desc isprivate="0">
            <commentid>51751</commentid>
            <who name="Erich Gamma">erich_gamma</who>
            <bug_when>2002-05-09 15:47:09 -0400</bug_when>
            <thetext>sorry, not for 2.0</thetext>
          </long_desc>
          <long_desc isprivate="0">
            <commentid>1586697</commentid>
            <who name="Eclipse Webmaster">webmaster</who>
            <bug_when>2009-08-30 02:42:17 -0400</bug_when>
            <thetext>As of now &apos;LATER&apos; and &apos;REMIND&apos; resolutions are no longer supported.
Please reopen this bug if it is still valid for you.</thetext>
          </long_desc>
      
      

    </bug>

</bugzilla>