<?xml version="1.0" encoding="UTF-8" standalone="yes" ?>


<bugzilla version="4.2.1"
          urlbase="https://bugs.eclipse.org/bugs/"
          
          maintainer="webmaster@eclipse.org"
>

    <bug>
          <bug_id>10549</bug_id>
          
          <creation_ts>2002-02-28 18:10:00 -0500</creation_ts>
          <short_desc>Replace Method with Previous from Local History does nothing</short_desc>
          <delta_ts>2002-05-31 14:48:13 -0400</delta_ts>
          <reporter_accessible>1</reporter_accessible>
          <cclist_accessible>1</cclist_accessible>
          <classification_id>2</classification_id>
          <classification>Eclipse</classification>
          <product>JDT</product>
          <component>UI</component>
          <version>2.0</version>
          <rep_platform>PC</rep_platform>
          <op_sys>Windows NT</op_sys>
          <bug_status>RESOLVED</bug_status>
          <resolution>WORKSFORME</resolution>
          
          
          <bug_file_loc></bug_file_loc>
          <status_whiteboard></status_whiteboard>
          <keywords></keywords>
          <priority>P2</priority>
          <bug_severity>major</bug_severity>
          <target_milestone>---</target_milestone>
          
          
          <everconfirmed>1</everconfirmed>
          <reporter name="Peter Burka">peter_burka</reporter>
          <assigned_to name="Andre Weinand">andre_weinand</assigned_to>
          
          
          <votes>0</votes>

      

      

      

          <long_desc isprivate="0">
            <commentid>29358</commentid>
            <who name="Peter Burka">peter_burka</who>
            <bug_when>2002-02-28 18:10:11 -0500</bug_when>
            <thetext>As far as I can tell, selecting a method in the Outliner and selecting &apos;Replace 
With&apos;-&gt;&apos;Previous from Local History&apos; has no effect whatsoever.  I chose the 
option several times in a row with no effect.  I then chose the dialog option, 
selected the previous edition, and the replace occurred as expected.

(20021215 build)</thetext>
          </long_desc>
          <long_desc isprivate="0">
            <commentid>64709</commentid>
            <who name="Andre Weinand">andre_weinand</who>
            <bug_when>2002-05-31 14:48:13 -0400</bug_when>
            <thetext>Can&apos;t reproduce this behavior in 20020528.</thetext>
          </long_desc>
      
      

    </bug>

</bugzilla>