<?xml version="1.0" encoding="UTF-8" standalone="yes" ?>


<bugzilla version="4.2.1"
          urlbase="https://bugs.eclipse.org/bugs/"
          
          maintainer="webmaster@eclipse.org"
>

    <bug>
          <bug_id>10467</bug_id>
          
          <creation_ts>2002-02-28 08:04:00 -0500</creation_ts>
          <short_desc>JUnit: Runs field appears limited to 2 digits</short_desc>
          <delta_ts>2002-04-07 14:08:46 -0400</delta_ts>
          <reporter_accessible>1</reporter_accessible>
          <cclist_accessible>1</cclist_accessible>
          <classification_id>2</classification_id>
          <classification>Eclipse</classification>
          <product>JDT</product>
          <component>UI</component>
          <version>2.0</version>
          <rep_platform>PC</rep_platform>
          <op_sys>Windows 2000</op_sys>
          <bug_status>RESOLVED</bug_status>
          <resolution>FIXED</resolution>
          
          
          <bug_file_loc></bug_file_loc>
          <status_whiteboard></status_whiteboard>
          <keywords></keywords>
          <priority>P3</priority>
          <bug_severity>normal</bug_severity>
          <target_milestone>---</target_milestone>
          
          
          <everconfirmed>1</everconfirmed>
          <reporter name="David Corbin">dcorbin</reporter>
          <assigned_to name="Erich Gamma">erich_gamma</assigned_to>
          
          
          <votes>0</votes>

      

      

      

          <long_desc isprivate="0">
            <commentid>29050</commentid>
            <who name="David Corbin">dcorbin</who>
            <bug_when>2002-02-28 08:04:47 -0500</bug_when>
            <thetext>After successfully running of suite of 300 and some tests, the Runs field says
&quot;31&quot;, rather than &quot;318&quot;.

Related, despite (because of?) the icons, the Run/Errors/Failures display &quot;kind
of runs together&quot;.  When glanced at, it doesn&apos;t really appear as three distinct
fields.  Stacking them vertically might address both problems.</thetext>
          </long_desc>
          <long_desc isprivate="0">
            <commentid>29439</commentid>
            <who name="David Corbin">dcorbin</who>
            <bug_when>2002-03-01 09:28:34 -0500</bug_when>
            <thetext>Well, this was very narrow-minded bug report (pun intended).  I&apos;ve discovered
that having a wider view doesn&apos;t have this problem.  But I still the plug-in
could do a better job of handling narrow views (to a point, of course.</thetext>
          </long_desc>
          <long_desc isprivate="0">
            <commentid>29668</commentid>
            <who name="Erich Gamma">erich_gamma</who>
            <bug_when>2002-03-03 19:23:45 -0500</bug_when>
            <thetext>we should look into splitting the status running line into two lines. There is 
enough vertical space, i.e.:

  Runs: 999    Tests: 999    
Errors: 999 Failures: 999</thetext>
          </long_desc>
          <long_desc isprivate="0">
            <commentid>39239</commentid>
            <who name="Erich Gamma">erich_gamma</who>
            <bug_when>2002-04-07 14:08:46 -0400</bug_when>
            <thetext>alternative layout looks ugly. Removed the run icon to gain some additional 
horizontal space.</thetext>
          </long_desc>
      
      

    </bug>

</bugzilla>