<?xml version="1.0" encoding="UTF-8" standalone="yes" ?>


<bugzilla version="4.2.1"
          urlbase="https://bugs.eclipse.org/bugs/"
          
          maintainer="webmaster@eclipse.org"
>

    <bug>
          <bug_id>10018</bug_id>
          
          <creation_ts>2002-02-20 10:48:00 -0500</creation_ts>
          <short_desc>System Objects View does not take into consideration existing selection</short_desc>
          <delta_ts>2009-01-09 16:55:33 -0500</delta_ts>
          <reporter_accessible>1</reporter_accessible>
          <cclist_accessible>1</cclist_accessible>
          <classification_id>4</classification_id>
          <classification>Tools</classification>
          <product>CDT</product>
          <component>cdt-core</component>
          <version>1.0</version>
          <rep_platform>PC</rep_platform>
          <op_sys>All</op_sys>
          <bug_status>CLOSED</bug_status>
          <resolution>FIXED</resolution>
          
          
          <bug_file_loc></bug_file_loc>
          <status_whiteboard></status_whiteboard>
          <keywords></keywords>
          <priority>P3</priority>
          <bug_severity>normal</bug_severity>
          <target_milestone>---</target_milestone>
          
          
          <everconfirmed>1</everconfirmed>
          <reporter name="Robert Weisz">weisz</reporter>
          <assigned_to name="David McKnight">dmcknigh</assigned_to>
          
          
          <votes>0</votes>

      

      

      

          <long_desc isprivate="0">
            <commentid>27517</commentid>
            <who name="Robert Weisz">weisz</who>
            <bug_when>2002-02-20 10:48:18 -0500</bug_when>
            <thetext>Let&apos;s say I have projects P1 and P2.  P1 is selected, and I add 
Perspective-&gt;Show View-&gt;C/C++ System Objects .
The view opens and says &quot;No input&quot;, although P1 is selected.
If I click on P1, then the view gets populated. This is not intuitive, clicking
on a project that visually seems to be selected already.

An additional problem in this area: let&apos;s say P2 is a closed project.
If I click on it, the System Objects view still shows the input from P1.
This is not expected, it should show probably empty, since P2 is closed.

If I open P2 and then click on it, then the System Objects view shows input from  
P2, which is as expected.</thetext>
          </long_desc>
          <long_desc isprivate="0">
            <commentid>35600</commentid>
            <who name="David McKnight">dmcknigh</who>
            <bug_when>2002-03-22 13:12:26 -0500</bug_when>
            <thetext>This is a more general selection problem with the parse object views.  There are 
a number of related problems including history checking, handling enabled state 
of actions and views amoung others.  The fixes here should resolve most of these 
issues.i</thetext>
          </long_desc>
          <long_desc isprivate="0">
            <commentid>169255</commentid>
            <who name="Sebastien Marineau">sebastien</who>
            <bug_when>2003-06-25 19:15:09 -0400</bug_when>
            <thetext>Move to version 1</thetext>
          </long_desc>
      
      

    </bug>

</bugzilla>