<?xml version="1.0" encoding="UTF-8" standalone="yes" ?>


<bugzilla version="4.2.1"
          urlbase="https://bugs.eclipse.org/bugs/"
          
          maintainer="webmaster@eclipse.org"
>

    <bug>
          <bug_id>10451</bug_id>
          
          <creation_ts>2002-02-27 17:53:00 -0500</creation_ts>
          <short_desc>replicating hidden files/directories</short_desc>
          <delta_ts>2009-01-12 09:19:54 -0500</delta_ts>
          <reporter_accessible>1</reporter_accessible>
          <cclist_accessible>1</cclist_accessible>
          <classification_id>4</classification_id>
          <classification>Tools</classification>
          <product>CDT</product>
          <component>cdt-other</component>
          <version>2.0</version>
          <rep_platform>PC</rep_platform>
          <op_sys>Linux</op_sys>
          <bug_status>RESOLVED</bug_status>
          <resolution>FIXED</resolution>
          
          
          <bug_file_loc></bug_file_loc>
          <status_whiteboard></status_whiteboard>
          <keywords></keywords>
          <priority>P4</priority>
          <bug_severity>enhancement</bug_severity>
          <target_milestone>2.0 - Release</target_milestone>
          
          
          <everconfirmed>1</everconfirmed>
          <reporter name="Enrique Varillas">enriquev</reporter>
          <assigned_to name="David McKnight">dmcknigh</assigned_to>
          
          
          <votes>0</votes>

      

      

      

          <long_desc isprivate="0">
            <commentid>28939</commentid>
            <who name="Enrique Varillas">enriquev</who>
            <bug_when>2002-02-27 17:53:50 -0500</bug_when>
            <thetext>This is a usability issue. Would a user expect every file/directory in his
project to be replicated including the hidden ones? I would expect so.
The current replication mechanism does not replicate the hidden
files/directories.</thetext>
          </long_desc>
          <long_desc isprivate="0">
            <commentid>54490</commentid>
            <who name="David McKnight">dmcknigh</who>
            <bug_when>2002-05-16 10:34:35 -0400</bug_when>
            <thetext>I&apos;ve added this support, athough from the views you won&apos;t be able to &quot;see&quot; the 
hidden files/directories.</thetext>
          </long_desc>
      
      

    </bug>

</bugzilla>