<?xml version="1.0" encoding="UTF-8" standalone="yes" ?>


<bugzilla version="4.2.1"
          urlbase="https://bugs.eclipse.org/bugs/"
          
          maintainer="webmaster@eclipse.org"
>

    <bug>
          <bug_id>10225</bug_id>
          
          <creation_ts>2002-02-25 17:51:00 -0500</creation_ts>
          <short_desc>Titles for  Parse views are incorrect</short_desc>
          <delta_ts>2009-01-09 16:55:45 -0500</delta_ts>
          <reporter_accessible>1</reporter_accessible>
          <cclist_accessible>1</cclist_accessible>
          <classification_id>4</classification_id>
          <classification>Tools</classification>
          <product>CDT</product>
          <component>cdt-core</component>
          <version>1.0</version>
          <rep_platform>PC</rep_platform>
          <op_sys>Linux</op_sys>
          <bug_status>CLOSED</bug_status>
          <resolution>FIXED</resolution>
          
          
          <bug_file_loc></bug_file_loc>
          <status_whiteboard></status_whiteboard>
          <keywords></keywords>
          <priority>P3</priority>
          <bug_severity>minor</bug_severity>
          <target_milestone>---</target_milestone>
          
          
          <everconfirmed>1</everconfirmed>
          <reporter name="Samantha Chan">chanskw</reporter>
          <assigned_to name="David McKnight">dmcknigh</assigned_to>
          
          
          <votes>0</votes>

      

      

      

          <long_desc isprivate="0">
            <commentid>27964</commentid>
            <who name="Samantha Chan">chanskw</who>
            <bug_when>2002-02-25 17:51:47 -0500</bug_when>
            <thetext>I have got two projects in my workspace:
TestC (local project)
remote_payroll (remote project)

I have the following three Parse views opened:
- C/C++ System Object
- C/C++ Project-Objects
- C/C++ Parsed-Files 
The three views were organized as tabs.  i.e.  only one of the three window is 
active at a time.

1.  In C/C++ Projects View, select &quot;TestC&quot; project.  I had the  C/C++ Project-
Objects view at the moment.  The title of of the C/C++ Project-objects view 
read &quot;TestC Project-Objects&quot;.
2.  Then, in the C/C++ Projects view, I switch to the remote_payroll project.  
The remote project is closed.  Title of the C/C++ Project-Objects view changed 
to &quot;remote_payroll Project Objects&quot;.
3.  I switched to the C/&quot;C++ System-Objects&quot; view, the title of the view 
is &quot;TestC System-Objects&quot;.  To be consistent with the other view, its title 
should also be changed to &quot;remote_payroll System-Objects&quot;.
4.  I switch back to the TestC project in C/C++ Projects view, and then swtich 
back to the &quot;C/C++ Project-Objects&quot; view.  The title of the &quot;C/C++ Project-
Objects&quot; view still read &quot;remote_payroll Project-Objects&quot;.  The title should 
read &quot;TestC Project-Objects&quot; instead.</thetext>
          </long_desc>
          <long_desc isprivate="0">
            <commentid>35636</commentid>
            <who name="David McKnight">dmcknigh</who>
            <bug_when>2002-03-22 14:13:22 -0500</bug_when>
            <thetext>This is a symptom of another bug to do with selection handling in the parsed 
objects views.  I&apos;ve fixed the selection bug and this one has been fixed in the 
process.</thetext>
          </long_desc>
          <long_desc isprivate="0">
            <commentid>185092</commentid>
            <who name="Sebastien Marineau">sebastien</who>
            <bug_when>2003-09-10 08:57:30 -0400</bug_when>
            <thetext>Closing</thetext>
          </long_desc>
      
      

    </bug>

</bugzilla>