<?xml version="1.0" encoding="UTF-8" standalone="yes" ?>


<bugzilla version="4.2.1"
          urlbase="https://bugs.eclipse.org/bugs/"
          
          maintainer="webmaster@eclipse.org"
>

    <bug>
          <bug_id>10633</bug_id>
          
          <creation_ts>2002-03-03 02:07:00 -0500</creation_ts>
          <short_desc>Combo.setText is insufficent</short_desc>
          <delta_ts>2002-03-03 02:08:16 -0500</delta_ts>
          <reporter_accessible>1</reporter_accessible>
          <cclist_accessible>1</cclist_accessible>
          <classification_id>2</classification_id>
          <classification>Eclipse</classification>
          <product>Platform</product>
          <component>UI</component>
          <version>1.0</version>
          <rep_platform>PC</rep_platform>
          <op_sys>other</op_sys>
          <bug_status>RESOLVED</bug_status>
          <resolution>DUPLICATE</resolution>
          <dup_id>10632</dup_id>
          
          <bug_file_loc></bug_file_loc>
          <status_whiteboard></status_whiteboard>
          <keywords></keywords>
          <priority>P1</priority>
          <bug_severity>critical</bug_severity>
          <target_milestone>---</target_milestone>
          
          
          <everconfirmed>1</everconfirmed>
          <reporter name="Mazen Faraj">mfaraj</reporter>
          <assigned_to name="Kevin Haaland">Kevin_Haaland</assigned_to>
          
          
          <votes>0</votes>

      

      

      

          <long_desc isprivate="0">
            <commentid>29604</commentid>
            <who name="Mazen Faraj">mfaraj</who>
            <bug_when>2002-03-03 02:07:11 -0500</bug_when>
            <thetext>if you have a combo that has the number 99 as an iten in its list, and you do 
combo.setText(&quot;9&quot;) then instead of the selection being -1, and 9 being 
displayed in the text area of the combo, you get &quot;99&quot; being selected in the 
text area. So basically the first item in the combo list that matched the &quot;9&quot; 
was selected.
While this might be an OS behavior, it is insufficient! what if I *do* want 
only 9 and not the 99 item, how do I set the text to 9?</thetext>
          </long_desc>
          <long_desc isprivate="0">
            <commentid>29605</commentid>
            <who name="Mazen Faraj">mfaraj</who>
            <bug_when>2002-03-03 02:08:16 -0500</bug_when>
            <thetext>

*** This bug has been marked as a duplicate of 10632 ***</thetext>
          </long_desc>
      
      

    </bug>

</bugzilla>