<?xml version="1.0" encoding="UTF-8" standalone="yes" ?>


<bugzilla version="4.2.1"
          urlbase="https://bugs.eclipse.org/bugs/"
          
          maintainer="webmaster@eclipse.org"
>

    <bug>
          <bug_id>10306</bug_id>
          
          <creation_ts>2002-02-26 15:47:00 -0500</creation_ts>
          <short_desc>Bad PluginVersionIdentifier doesn&apos;t produce meaningful error</short_desc>
          <delta_ts>2002-03-12 10:16:41 -0500</delta_ts>
          <reporter_accessible>1</reporter_accessible>
          <cclist_accessible>1</cclist_accessible>
          <classification_id>2</classification_id>
          <classification>Eclipse</classification>
          <product>Platform</product>
          <component>Resources</component>
          <version>2.0</version>
          <rep_platform>All</rep_platform>
          <op_sys>All</op_sys>
          <bug_status>RESOLVED</bug_status>
          <resolution>FIXED</resolution>
          
          
          <bug_file_loc></bug_file_loc>
          <status_whiteboard></status_whiteboard>
          <keywords></keywords>
          <priority>P3</priority>
          <bug_severity>normal</bug_severity>
          <target_milestone>2.0 M4</target_milestone>
          
          
          <everconfirmed>1</everconfirmed>
          <reporter name="Debbie Wilson">debbie_wilson</reporter>
          <assigned_to name="Debbie Wilson">debbie_wilson</assigned_to>
          <cc>dj_houghton</cc>
          
          <votes>0</votes>

      

      

      

          <long_desc isprivate="0">
            <commentid>28348</commentid>
            <who name="Debbie Wilson">debbie_wilson</who>
            <bug_when>2002-02-26 15:47:38 -0500</bug_when>
            <thetext>If you have a bad plugin version identifier in a plugin or fragment, the class 
PluginVersionIdentifier will cause an Assert 
(org.eclipse.core.internal.runtime.AssertionFailedException).  The parser just 
drops control until someone catches Exception (in this case 
RegistryLoader.processManifestFile) but by then we have lost the context 
information.  We no longer know that a bad version identifier caused this 
problem.  And so the only error message we get is something of the form:
&quot;Error while processing file:&lt;filename&gt;&quot;  (i.e. it doesn&apos;t say anything about 
version id).

Perhaps PluginVersionIdentifier could through a specific, public exception.  Or 
perhaps it could return something indicating that the construction of the 
PluginVersionIdentifier did not work.</thetext>
          </long_desc>
          <long_desc isprivate="0">
            <commentid>28863</commentid>
            <who name="Debbie Wilson">debbie_wilson</who>
            <bug_when>2002-02-27 15:43:04 -0500</bug_when>
            <thetext>In PluginVersionIdentifier, check for alpha characters in the major, minor or 
service components (if they exist) and generate an Assert with a message 
indicating numerics are the only characters allowed.

In PluginVersionIdentifier, change all Asserts to also give a detailed message 
about the reason they are throwing the Assert.

In RegistryLoader (processManifestFile), where we already catch Exception (but 
do nothing with it), add a new Warning status to the factory.error (as is 
already done) but this time, include the detailed message from the exception.  
Now the message given in the Assert in the PluginVersionIdentifier will also be 
output.  

HOWEVER, the down side of this is that we will output the detailed message 
included in any other exception that the parser throws.  Is it reasonable to 
risk some non-friendly error messages for the sake of getting more detailed 
information about problems in our plugins/fragments?

Updated testcases to include new error messages.
</thetext>
          </long_desc>
      
      

    </bug>

</bugzilla>