<?xml version="1.0" encoding="UTF-8" standalone="yes" ?>


<bugzilla version="4.2.1"
          urlbase="https://bugs.eclipse.org/bugs/"
          
          maintainer="webmaster@eclipse.org"
>

    <bug>
          <bug_id>10265</bug_id>
          
          <creation_ts>2002-02-26 11:32:00 -0500</creation_ts>
          <short_desc>Search History view</short_desc>
          <delta_ts>2009-08-30 02:16:41 -0400</delta_ts>
          <reporter_accessible>1</reporter_accessible>
          <cclist_accessible>1</cclist_accessible>
          <classification_id>2</classification_id>
          <classification>Eclipse</classification>
          <product>Platform</product>
          <component>Search</component>
          <version>2.0</version>
          <rep_platform>PC</rep_platform>
          <op_sys>Windows NT</op_sys>
          <bug_status>RESOLVED</bug_status>
          <resolution>WONTFIX</resolution>
          
          
          <bug_file_loc></bug_file_loc>
          <status_whiteboard></status_whiteboard>
          <keywords></keywords>
          <priority>P3</priority>
          <bug_severity>enhancement</bug_severity>
          <target_milestone>---</target_milestone>
          
          
          <everconfirmed>1</everconfirmed>
          <reporter name="Dani Megert">daniel_megert</reporter>
          <assigned_to name="Platform-Search-Inbox">platform-search-inbox</assigned_to>
          <cc>nick_edgar</cc>
          
          <votes>0</votes>

      

      

      

          <long_desc isprivate="0">
            <commentid>28083</commentid>
            <who name="Dani Megert">daniel_megert</who>
            <bug_when>2002-02-26 11:32:15 -0500</bug_when>
            <thetext>Feature which allows users to navigate between search results. Different people
at the TC (e.g. Kent Johnson) wanted this feature.</thetext>
          </long_desc>
          <long_desc isprivate="0">
            <commentid>49935</commentid>
            <who name="Erich Gamma">erich_gamma</who>
            <bug_when>2002-05-04 19:15:41 -0400</bug_when>
            <thetext>not for 2.0</thetext>
          </long_desc>
          <long_desc isprivate="0">
            <commentid>88620</commentid>
            <who name="Dani Megert">daniel_megert</who>
            <bug_when>2002-08-30 05:49:29 -0400</bug_when>
            <thetext>*** Bug 8336 has been marked as a duplicate of this bug. ***</thetext>
          </long_desc>
          <long_desc isprivate="0">
            <commentid>1583651</commentid>
            <who name="Denis Roy">denis.roy</who>
            <bug_when>2009-08-30 02:16:41 -0400</bug_when>
            <thetext>As of now &apos;LATER&apos; and &apos;REMIND&apos; resolutions are no longer supported.
Please reopen this bug if it is still valid for you.</thetext>
          </long_desc>
      
      

    </bug>

</bugzilla>