<?xml version="1.0" encoding="UTF-8" standalone="yes" ?>


<bugzilla version="4.2.1"
          urlbase="https://bugs.eclipse.org/bugs/"
          
          maintainer="webmaster@eclipse.org"
>

    <bug>
          <bug_id>10011</bug_id>
          
          <creation_ts>2002-02-20 06:28:00 -0500</creation_ts>
          <short_desc>Team 2.0: Decorators for outgoing changes sometimes incorrect</short_desc>
          <delta_ts>2002-09-09 14:16:47 -0400</delta_ts>
          <reporter_accessible>1</reporter_accessible>
          <cclist_accessible>1</cclist_accessible>
          <classification_id>2</classification_id>
          <classification>Eclipse</classification>
          <product>Platform</product>
          <component>Team</component>
          <version>2.0</version>
          <rep_platform>PC</rep_platform>
          <op_sys>Windows 2000</op_sys>
          <bug_status>RESOLVED</bug_status>
          <resolution>DUPLICATE</resolution>
          <dup_id>3979</dup_id>
          
          <bug_file_loc></bug_file_loc>
          <status_whiteboard></status_whiteboard>
          <keywords></keywords>
          <priority>P3</priority>
          <bug_severity>normal</bug_severity>
          <target_milestone>---</target_milestone>
          
          
          <everconfirmed>1</everconfirmed>
          <reporter name="Leon J. Breedt">ljb</reporter>
          <assigned_to name="Kevin McGuire">Kevin_McGuire</assigned_to>
          
          
          <votes>0</votes>

      

      

      

          <long_desc isprivate="0">
            <commentid>27507</commentid>
            <who name="Leon J. Breedt">ljb</who>
            <bug_when>2002-02-20 06:28:02 -0500</bug_when>
            <thetext>Build: 20020214

Details:
The decorators for outgoing changes sometimes show changes for packages which 
have no changed files in. I guess this is maybe because they&apos;re below the 
actual changed packages in the physical directories.

Example:
Change a file in package v.w.x.y.z.

The packages v.w.x and v.w.x.y also get a decorator for outgoing changes, 
although expanding them shows none of the files in it have changed. This is 
misleading.</thetext>
          </long_desc>
          <long_desc isprivate="0">
            <commentid>27508</commentid>
            <who name="Leon J. Breedt">ljb</who>
            <bug_when>2002-02-20 06:28:58 -0500</bug_when>
            <thetext>Clarification: The report refers to decorators in the Java Package view.</thetext>
          </long_desc>
          <long_desc isprivate="0">
            <commentid>27522</commentid>
            <who name="James Moody">James_Moody</who>
            <bug_when>2002-02-20 11:37:51 -0500</bug_when>
            <thetext>Yes. I believe this likely will not be fixed for 2.0. Technically it is true 
from the point of view that package fragments adapt to IFolders, and those 
particular IFolders are dirty because their children are dirty. The problem is 
that package fragments are semantically shallow, and folders are semantically 
deep, and since decorators are contributed to resources, you get the folder 
behaviour instead of the desired package fragment behaviour. This is a 
complicated problem that we have given a lot of thought to (mapping of logical 
resources to physical resources) but I think that any really correct solution 
will be much to complicated to include in 2.0.</thetext>
          </long_desc>
          <long_desc isprivate="0">
            <commentid>27941</commentid>
            <who name="Jean-Michel Lemieux">jean-michel_lemieux</who>
            <bug_when>2002-02-25 17:00:44 -0500</bug_when>
            <thetext>As James has pointed out, we would really like to address this problem, but it 
won&apos;t be done in the 2.0 timeframe.</thetext>
          </long_desc>
          <long_desc isprivate="0">
            <commentid>90646</commentid>
            <who name="Michael Valenta">Michael_Valenta</who>
            <bug_when>2002-09-09 14:16:05 -0400</bug_when>
            <thetext>Reopening</thetext>
          </long_desc>
          <long_desc isprivate="0">
            <commentid>90647</commentid>
            <who name="Michael Valenta">Michael_Valenta</who>
            <bug_when>2002-09-09 14:16:47 -0400</bug_when>
            <thetext>

*** This bug has been marked as a duplicate of 3979 ***</thetext>
          </long_desc>
      
      

    </bug>

</bugzilla>