<?xml version="1.0" encoding="UTF-8" standalone="yes" ?>


<bugzilla version="4.2.1"
          urlbase="https://bugs.eclipse.org/bugs/"
          
          maintainer="webmaster@eclipse.org"
>

    <bug>
          <bug_id>10161</bug_id>
          
          <creation_ts>2002-02-25 09:36:00 -0500</creation_ts>
          <short_desc>Autoconf: Advanced create/update all automake files action is disabled when the project has no sub-directories</short_desc>
          <delta_ts>2009-01-09 14:10:19 -0500</delta_ts>
          <reporter_accessible>1</reporter_accessible>
          <cclist_accessible>1</cclist_accessible>
          <classification_id>4</classification_id>
          <classification>Tools</classification>
          <product>CDT</product>
          <component>cdt-other</component>
          <version>1.0</version>
          <rep_platform>PC</rep_platform>
          <op_sys>Linux-Motif</op_sys>
          <bug_status>CLOSED</bug_status>
          <resolution>FIXED</resolution>
          
          
          <bug_file_loc></bug_file_loc>
          <status_whiteboard></status_whiteboard>
          <keywords></keywords>
          <priority>P3</priority>
          <bug_severity>major</bug_severity>
          <target_milestone>---</target_milestone>
          
          
          <everconfirmed>1</everconfirmed>
          <reporter name="Yasser Elmankabady">eyasser</reporter>
          <assigned_to name="Yasser Elmankabady">eyasser</assigned_to>
          
          
          <votes>0</votes>

      

      

      

          <long_desc isprivate="0">
            <commentid>27786</commentid>
            <who name="Yasser Elmankabady">eyasser</who>
            <bug_when>2002-02-25 09:36:30 -0500</bug_when>
            <thetext> </thetext>
          </long_desc>
          <long_desc isprivate="0">
            <commentid>27787</commentid>
            <who name="Yasser Elmankabady">eyasser</who>
            <bug_when>2002-02-25 09:38:23 -0500</bug_when>
            <thetext>Fixed </thetext>
          </long_desc>
          <long_desc isprivate="0">
            <commentid>28053</commentid>
            <who name="Jeff Turnham">turnham</who>
            <bug_when>2002-02-26 11:01:03 -0500</bug_when>
            <thetext>Going to assign to Yasser</thetext>
          </long_desc>
          <long_desc isprivate="0">
            <commentid>28070</commentid>
            <who name="Yasser Elmankabady">eyasser</who>
            <bug_when>2002-02-26 11:20:34 -0500</bug_when>
            <thetext>fixed</thetext>
          </long_desc>
          <long_desc isprivate="0">
            <commentid>185118</commentid>
            <who name="Sebastien Marineau">sebastien</who>
            <bug_when>2003-09-10 09:04:52 -0400</bug_when>
            <thetext>Closing</thetext>
          </long_desc>
      
      

    </bug>

</bugzilla>