<?xml version="1.0" encoding="UTF-8" standalone="yes" ?>


<bugzilla version="4.2.1"
          urlbase="https://bugs.eclipse.org/bugs/"
          
          maintainer="webmaster@eclipse.org"
>

    <bug>
          <bug_id>10537</bug_id>
          
          <creation_ts>2002-02-28 17:10:00 -0500</creation_ts>
          <short_desc>File-&gt;Open Recent is hard to read</short_desc>
          <delta_ts>2002-09-05 13:41:16 -0400</delta_ts>
          <reporter_accessible>1</reporter_accessible>
          <cclist_accessible>1</cclist_accessible>
          <classification_id>2</classification_id>
          <classification>Eclipse</classification>
          <product>Platform</product>
          <component>UI</component>
          <version>2.0</version>
          <rep_platform>PC</rep_platform>
          <op_sys>Windows NT</op_sys>
          <bug_status>RESOLVED</bug_status>
          <resolution>FIXED</resolution>
          
          
          <bug_file_loc></bug_file_loc>
          <status_whiteboard></status_whiteboard>
          <keywords></keywords>
          <priority>P3</priority>
          <bug_severity>enhancement</bug_severity>
          <target_milestone>---</target_milestone>
          
          
          <everconfirmed>1</everconfirmed>
          <reporter name="Peter Burka">peter_burka</reporter>
          <assigned_to name="Kevin Haaland">Kevin_Haaland</assigned_to>
          
          
          <votes>0</votes>

      

      

      

          <long_desc isprivate="0">
            <commentid>29329</commentid>
            <who name="Peter Burka">peter_burka</who>
            <bug_when>2002-02-28 17:10:27 -0500</bug_when>
            <thetext>The entries in the File-&gt;Open Recent sub menu represent editors which I have 
had open recently.  I find it very difficult to find items in this list.  It 
looks like eclipse uses the full path name for most files.

These names tend to be VERY long.

Some sort of shorter name would be much easier to navigate.  Perhaps the file 
name followed by the path?

(e.g. &quot;Quux.java - ZZPeter2/src-foo/baz/&quot; instead of &quot;ZZPeter2/src-
foo/baz/Quux.java&quot;)

Throwing in some file icons might make it eaiser to find whet I&apos;m looking for, 
too.

(20021215 build)</thetext>
          </long_desc>
          <long_desc isprivate="0">
            <commentid>89955</commentid>
            <who name="Kevin Haaland">Kevin_Haaland</who>
            <bug_when>2002-09-05 13:41:16 -0400</bug_when>
            <thetext>Dup of defect that was fixed.</thetext>
          </long_desc>
      
      

    </bug>

</bugzilla>