<?xml version="1.0" encoding="UTF-8" standalone="yes" ?>


<bugzilla version="4.2.1"
          urlbase="https://bugs.eclipse.org/bugs/"
          
          maintainer="webmaster@eclipse.org"
>

    <bug>
          <bug_id>10316</bug_id>
          
          <creation_ts>2002-02-26 17:46:00 -0500</creation_ts>
          <short_desc>Incorrect drawing during collapsing/expanding of items in PDE editor</short_desc>
          <delta_ts>2002-07-14 01:50:02 -0400</delta_ts>
          <reporter_accessible>1</reporter_accessible>
          <cclist_accessible>1</cclist_accessible>
          <classification_id>2</classification_id>
          <classification>Eclipse</classification>
          <product>PDE</product>
          <component>UI</component>
          <version>2.0</version>
          <rep_platform>Other</rep_platform>
          <op_sys>Windows 98</op_sys>
          <bug_status>RESOLVED</bug_status>
          <resolution>WORKSFORME</resolution>
          
          
          <bug_file_loc></bug_file_loc>
          <status_whiteboard></status_whiteboard>
          <keywords></keywords>
          <priority>P3</priority>
          <bug_severity>normal</bug_severity>
          <target_milestone>---</target_milestone>
          
          
          <everconfirmed>1</everconfirmed>
          <reporter name="Lynne Kues">lynne_kues</reporter>
          <assigned_to name="Wassim Melhem">wassim.melhem</assigned_to>
          
          
          <votes>0</votes>

      

      

      

          <long_desc isprivate="0">
            <commentid>28374</commentid>
            <who name="Lynne Kues">lynne_kues</who>
            <bug_when>2002-02-26 17:46:53 -0500</bug_when>
            <thetext>Build 20020214.

1. Go to the PDE perspective. 
2. Open a PDE editor on a plugin.xml file.  My editor is in the center of the 
workbench window flanked by windows on the right, left, and bottom.
3. Double click on the PDE editor to maximize.
4. Now collapse/expand the General Information item.  You will see quite 
clearly (on my machine anyway) that the Runtime information in the next column 
is being written in the area of the General Information item as part of the 
collapse/expand operation.
5. Double click on the PDE editor to restore it back to its original state.  
6. Collapse/expand the General Information item.  You do not see the 
superfluous drawing.</thetext>
          </long_desc>
          <long_desc isprivate="0">
            <commentid>80147</commentid>
            <who name="Wassim Melhem">wassim.melhem</who>
            <bug_when>2002-07-14 01:50:02 -0400</bug_when>
            <thetext>Could not reproduce in the 2.0 driver.</thetext>
          </long_desc>
      
      

    </bug>

</bugzilla>