<?xml version="1.0" encoding="UTF-8" standalone="yes" ?>


<bugzilla version="4.2.1"
          urlbase="https://bugs.eclipse.org/bugs/"
          
          maintainer="webmaster@eclipse.org"
>

    <bug>
          <bug_id>10577</bug_id>
          
          <creation_ts>2002-03-01 09:00:00 -0500</creation_ts>
          <short_desc>Java Search: search scope &quot;Selected resource&quot; not working</short_desc>
          <delta_ts>2002-03-01 09:08:10 -0500</delta_ts>
          <reporter_accessible>1</reporter_accessible>
          <cclist_accessible>1</cclist_accessible>
          <classification_id>2</classification_id>
          <classification>Eclipse</classification>
          <product>JDT</product>
          <component>UI</component>
          <version>2.0</version>
          <rep_platform>PC</rep_platform>
          <op_sys>Windows NT</op_sys>
          <bug_status>RESOLVED</bug_status>
          <resolution>FIXED</resolution>
          
          
          <bug_file_loc></bug_file_loc>
          <status_whiteboard></status_whiteboard>
          <keywords></keywords>
          <priority>P3</priority>
          <bug_severity>major</bug_severity>
          <target_milestone>---</target_milestone>
          
          
          <everconfirmed>1</everconfirmed>
          <reporter name="Dani Megert">daniel_megert</reporter>
          <assigned_to name="Dani Megert">daniel_megert</assigned_to>
          
          
          <votes>0</votes>

      

      

      

          <long_desc isprivate="0">
            <commentid>29423</commentid>
            <who name="Dani Megert">daniel_megert</who>
            <bug_when>2002-03-01 09:00:28 -0500</bug_when>
            <thetext>Switch to new StructuredSelectionProvider intruduced this bug
a) because the provider does not do code resolve if the input is not a selection
service
b) because at the time the selection service is asked for the selection it takes
the selection form the newly opened Search view</thetext>
          </long_desc>
          <long_desc isprivate="0">
            <commentid>29432</commentid>
            <who name="Dani Megert">daniel_megert</who>
            <bug_when>2002-03-01 09:08:10 -0500</bug_when>
            <thetext>Fixed</thetext>
          </long_desc>
      
      

    </bug>

</bugzilla>