<?xml version="1.0" encoding="UTF-8" standalone="yes" ?>


<bugzilla version="4.2.1"
          urlbase="https://bugs.eclipse.org/bugs/"
          
          maintainer="webmaster@eclipse.org"
>

    <bug>
          <bug_id>10562</bug_id>
          
          <creation_ts>2002-03-01 04:43:00 -0500</creation_ts>
          <short_desc>Console switching</short_desc>
          <delta_ts>2002-07-08 15:54:48 -0400</delta_ts>
          <reporter_accessible>1</reporter_accessible>
          <cclist_accessible>1</cclist_accessible>
          <classification_id>2</classification_id>
          <classification>Eclipse</classification>
          <product>Platform</product>
          <component>Debug</component>
          <version>1.0</version>
          <rep_platform>All</rep_platform>
          <op_sys>All</op_sys>
          <bug_status>RESOLVED</bug_status>
          <resolution>DUPLICATE</resolution>
          <dup_id>7715</dup_id>
          
          <bug_file_loc></bug_file_loc>
          <status_whiteboard></status_whiteboard>
          <keywords></keywords>
          <priority>P3</priority>
          <bug_severity>enhancement</bug_severity>
          <target_milestone>---</target_milestone>
          
          
          <everconfirmed>1</everconfirmed>
          <reporter name="Ralf Steck">ralf.steck</reporter>
          <assigned_to name="Darin Wright">darin.eclipse</assigned_to>
          <cc>nick_edgar</cc>
          
          <votes>0</votes>

      

      

      

          <long_desc isprivate="0">
            <commentid>29390</commentid>
            <who name="Ralf Steck">ralf.steck</who>
            <bug_when>2002-03-01 04:43:19 -0500</bug_when>
            <thetext>Please provide a possibility to display more than one Console
(for multiple processes) with means for switching between them.
e.g. in a menu on the console view

Kind Regards,
Ralf</thetext>
          </long_desc>
          <long_desc isprivate="0">
            <commentid>29424</commentid>
            <who name="Darin Wright">darin.eclipse</who>
            <bug_when>2002-03-01 09:00:55 -0500</bug_when>
            <thetext>The workbench does not allow us to place more than one view of the same kind in 
a single perpsective.

Deferred</thetext>
          </long_desc>
          <long_desc isprivate="0">
            <commentid>79349</commentid>
            <who name="Darin Swanson">Darin_Swanson</who>
            <bug_when>2002-07-08 15:54:37 -0400</bug_when>
            <thetext>Reopening bug to mark as duplicate</thetext>
          </long_desc>
          <long_desc isprivate="0">
            <commentid>79350</commentid>
            <who name="Darin Swanson">Darin_Swanson</who>
            <bug_when>2002-07-08 15:54:48 -0400</bug_when>
            <thetext>

*** This bug has been marked as a duplicate of 7715 ***</thetext>
          </long_desc>
      
      

    </bug>

</bugzilla>