<?xml version="1.0" encoding="UTF-8" standalone="yes" ?>


<bugzilla version="4.2.1"
          urlbase="https://bugs.eclipse.org/bugs/"
          
          maintainer="webmaster@eclipse.org"
>

    <bug>
          <bug_id>10013</bug_id>
          
          <creation_ts>2002-02-20 07:16:00 -0500</creation_ts>
          <short_desc>Multiple File switch</short_desc>
          <delta_ts>2002-03-11 10:20:53 -0500</delta_ts>
          <reporter_accessible>1</reporter_accessible>
          <cclist_accessible>1</cclist_accessible>
          <classification_id>2</classification_id>
          <classification>Eclipse</classification>
          <product>JDT</product>
          <component>UI</component>
          <version>2.0</version>
          <rep_platform>All</rep_platform>
          <op_sys>All</op_sys>
          <bug_status>RESOLVED</bug_status>
          <resolution>WORKSFORME</resolution>
          
          
          <bug_file_loc></bug_file_loc>
          <status_whiteboard></status_whiteboard>
          <keywords></keywords>
          <priority>P3</priority>
          <bug_severity>enhancement</bug_severity>
          <target_milestone>---</target_milestone>
          
          
          <everconfirmed>1</everconfirmed>
          <reporter name="Chris Brown">brownc</reporter>
          <assigned_to name="Erich Gamma">erich_gamma</assigned_to>
          <cc>brownc</cc>
          
          <votes>0</votes>

      

      

      

          <long_desc isprivate="0">
            <commentid>27510</commentid>
            <who name="Chris Brown">brownc</who>
            <bug_when>2002-02-20 07:16:11 -0500</bug_when>
            <thetext>When using the Java Source Editor, you should be able to use Ctrl-Tab to switch 
between multiple Source Editor tabs.  Something typically found in a multi-
source editor.</thetext>
          </long_desc>
          <long_desc isprivate="0">
            <commentid>31653</commentid>
            <who name="Erich Gamma">erich_gamma</who>
            <bug_when>2002-03-11 10:20:53 -0500</bug_when>
            <thetext>try CTRL F6/SHIFT CTRL F6</thetext>
          </long_desc>
      
      

    </bug>

</bugzilla>