<?xml version="1.0" encoding="UTF-8" standalone="yes" ?>


<bugzilla version="4.2.1"
          urlbase="https://bugs.eclipse.org/bugs/"
          
          maintainer="webmaster@eclipse.org"
>

    <bug>
          <bug_id>10339</bug_id>
          
          <creation_ts>2002-02-26 23:28:00 -0500</creation_ts>
          <short_desc>Refactoring: Pull up should have &quot;select/deselect all&quot; options</short_desc>
          <delta_ts>2002-03-12 09:53:07 -0500</delta_ts>
          <reporter_accessible>1</reporter_accessible>
          <cclist_accessible>1</cclist_accessible>
          <classification_id>2</classification_id>
          <classification>Eclipse</classification>
          <product>JDT</product>
          <component>UI</component>
          <version>2.0</version>
          <rep_platform>All</rep_platform>
          <op_sys>All</op_sys>
          <bug_status>RESOLVED</bug_status>
          <resolution>FIXED</resolution>
          
          
          <bug_file_loc></bug_file_loc>
          <status_whiteboard></status_whiteboard>
          <keywords></keywords>
          <priority>P2</priority>
          <bug_severity>enhancement</bug_severity>
          <target_milestone>2.0 M5</target_milestone>
          
          
          <everconfirmed>1</everconfirmed>
          <reporter name="Rodrigo Peretti">rodrigo_peretti</reporter>
          <assigned_to name="Adam Kiezun">akiezun</assigned_to>
          
          
          <votes>0</votes>

      

      

      

          <long_desc isprivate="0">
            <commentid>28403</commentid>
            <who name="Rodrigo Peretti">rodrigo_peretti</who>
            <bug_when>2002-02-26 23:28:19 -0500</bug_when>
            <thetext>When selecting multiple methods for pull up, it would be nice to have the 
option to select/deselect all.</thetext>
          </long_desc>
          <long_desc isprivate="0">
            <commentid>28957</commentid>
            <who name="Erich Gamma">erich_gamma</who>
            <bug_when>2002-02-27 18:45:24 -0500</bug_when>
            <thetext>agreed and there should be a label below the list that shows the number of 
selected items.</thetext>
          </long_desc>
          <long_desc isprivate="0">
            <commentid>30916</commentid>
            <who name="Adam Kiezun">akiezun</who>
            <bug_when>2002-03-07 10:59:50 -0500</bug_when>
            <thetext>it&apos;s easily done because the tree always has exactly 1 root node

nevertheless - will add the buttons for M5
label too</thetext>
          </long_desc>
          <long_desc isprivate="0">
            <commentid>32001</commentid>
            <who name="Adam Kiezun">akiezun</who>
            <bug_when>2002-03-12 09:53:07 -0500</bug_when>
            <thetext>fixed</thetext>
          </long_desc>
      
      

    </bug>

</bugzilla>