<?xml version="1.0" encoding="UTF-8" standalone="yes" ?>


<bugzilla version="4.2.1"
          urlbase="https://bugs.eclipse.org/bugs/"
          
          maintainer="webmaster@eclipse.org"
>

    <bug>
          <bug_id>10321</bug_id>
          
          <creation_ts>2002-02-26 21:43:00 -0500</creation_ts>
          <short_desc>EPDC 308</short_desc>
          <delta_ts>2003-06-26 20:13:37 -0400</delta_ts>
          <reporter_accessible>1</reporter_accessible>
          <cclist_accessible>1</cclist_accessible>
          <classification_id>4</classification_id>
          <classification>Tools</classification>
          <product>CDT</product>
          <component>cdt-debug</component>
          <version>2.0</version>
          <rep_platform>All</rep_platform>
          <op_sys>All</op_sys>
          <bug_status>CLOSED</bug_status>
          <resolution>FIXED</resolution>
          
          
          <bug_file_loc></bug_file_loc>
          <status_whiteboard></status_whiteboard>
          <keywords></keywords>
          <priority>P1</priority>
          <bug_severity>enhancement</bug_severity>
          <target_milestone>2.0 - Release</target_milestone>
          
          
          <everconfirmed>1</everconfirmed>
          <reporter name="Brian Thomson">thomson</reporter>
          <assigned_to name="Samantha Chan">chanskw</assigned_to>
          
          
          <votes>0</votes>

      

      

      

          <long_desc isprivate="0">
            <commentid>28385</commentid>
            <who name="Brian Thomson">thomson</who>
            <bug_when>2002-02-26 21:43:43 -0500</bug_when>
            <thetext>The base debugger infrastructure shipped with Eclipse has been upgraded.  CDT
needs to synchronize with this.</thetext>
          </long_desc>
          <long_desc isprivate="0">
            <commentid>48352</commentid>
            <who name="Samantha Chan">chanskw</who>
            <bug_when>2002-05-01 10:28:27 -0400</bug_when>
            <thetext>Moved to EPDC 308</thetext>
          </long_desc>
          <long_desc isprivate="0">
            <commentid>169495</commentid>
            <who name="Sebastien Marineau">sebastien</who>
            <bug_when>2003-06-26 20:13:37 -0400</bug_when>
            <thetext>Move to 2.0 release (cleanup).</thetext>
          </long_desc>
      
      

    </bug>

</bugzilla>