<?xml version="1.0" encoding="UTF-8" standalone="yes" ?>


<bugzilla version="4.2.1"
          urlbase="https://bugs.eclipse.org/bugs/"
          
          maintainer="webmaster@eclipse.org"
>

    <bug>
          <bug_id>10398</bug_id>
          
          <creation_ts>2002-02-27 11:56:00 -0500</creation_ts>
          <short_desc>SWT error causes Workbench meltdown</short_desc>
          <delta_ts>2002-04-15 14:44:06 -0400</delta_ts>
          <reporter_accessible>1</reporter_accessible>
          <cclist_accessible>1</cclist_accessible>
          <classification_id>2</classification_id>
          <classification>Eclipse</classification>
          <product>Platform</product>
          <component>UI</component>
          <version>2.0</version>
          <rep_platform>PC</rep_platform>
          <op_sys>Windows 2000</op_sys>
          <bug_status>RESOLVED</bug_status>
          <resolution>FIXED</resolution>
          
          
          <bug_file_loc></bug_file_loc>
          <status_whiteboard></status_whiteboard>
          <keywords></keywords>
          <priority>P2</priority>
          <bug_severity>normal</bug_severity>
          <target_milestone>---</target_milestone>
          
          
          <everconfirmed>1</everconfirmed>
          <reporter name="Jeff Brown">jeff_brown</reporter>
          <assigned_to name="Eduardo Pereira">eduardo_pereira</assigned_to>
          
          
          <votes>0</votes>

      

      

      

          <long_desc isprivate="0">
            <commentid>28733</commentid>
            <who name="Jeff Brown">jeff_brown</who>
            <bug_when>2002-02-27 11:56:11 -0500</bug_when>
            <thetext>A few minutes ago I discovered the new dialog for reporting
internal errors related to SWT.  It said something like:
  &quot;An SWT error has occurred.  You should exit the workbench
   now.  Further errors could cause the workbench to close
   without notice.&quot;

This is more or less what happened:

Curious, I clicked on Details.
No additional details pane appeared.
So I clicked again.
Then the workbench closed without notice, but the dialog remained.
So I stupidly clicked Details again.
The &quot;saving workbench state&quot; progress monitor appeared again
  and went away.
So I clicked ok.
And it tried to save the workbench state again, and popped up a new
  SWT error dialog.
I think I clicked away (with Ok) one or two more of the things.

After this point, Eclipse hangs on startup after closing the
splash screen.  To recover, I tried the following:
  - delete the .lock file and try again
  - delete the .registry file and try again
  - delete everything under .metadata/plugins except org.eclipse.core.resources
This worked.

I would attach an archive of my workspace, but I did not think about
it at the time.  Sorry!</thetext>
          </long_desc>
          <long_desc isprivate="0">
            <commentid>42697</commentid>
            <who name="Eduardo Pereira">eduardo_pereira</who>
            <bug_when>2002-04-15 14:44:06 -0400</bug_when>
            <thetext>1) Closing all InternalErrorDialog(s). 
      This should avoid the problem of clicking on detail button after exiting;
2) Made sure it will not try to save workspace twice;
      This should avoid hanging on startup
3) Save all user files without asking
      This will make sure we do not have another dialog where the user can 
cancel the operation.
</thetext>
          </long_desc>
      
      

    </bug>

</bugzilla>