<?xml version="1.0" encoding="UTF-8" standalone="yes" ?>


<bugzilla version="4.2.1"
          urlbase="https://bugs.eclipse.org/bugs/"
          
          maintainer="webmaster@eclipse.org"
>

    <bug>
          <bug_id>10426</bug_id>
          
          <creation_ts>2002-02-27 15:13:00 -0500</creation_ts>
          <short_desc>Esc traverse does not go up hierarchy</short_desc>
          <delta_ts>2002-03-07 10:57:44 -0500</delta_ts>
          <reporter_accessible>1</reporter_accessible>
          <cclist_accessible>1</cclist_accessible>
          <classification_id>2</classification_id>
          <classification>Eclipse</classification>
          <product>Platform</product>
          <component>SWT</component>
          <version>2.0</version>
          <rep_platform>PC</rep_platform>
          <op_sys>Windows 2000</op_sys>
          <bug_status>RESOLVED</bug_status>
          <resolution>FIXED</resolution>
          
          
          <bug_file_loc></bug_file_loc>
          <status_whiteboard></status_whiteboard>
          <keywords></keywords>
          <priority>P3</priority>
          <bug_severity>normal</bug_severity>
          <target_milestone>2.0 M4</target_milestone>
          
          
          <everconfirmed>1</everconfirmed>
          <reporter name="Nick Edgar">nick_edgar</reporter>
          <assigned_to name="Steve Northover">steve_northover</assigned_to>
          
          
          <votes>0</votes>

      

      

      

          <long_desc isprivate="0">
            <commentid>28853</commentid>
            <who name="Nick Edgar">nick_edgar</who>
            <bug_when>2002-02-27 15:13:03 -0500</bug_when>
            <thetext>Build 20020226

I&apos;m trying to hook Esc so that it activates the current editor.
(I tried doing this using an accelerator a while back, but that doesn&apos;t work 
since it steals it from other places, e.g. renaming a file).

I&apos;m now trying to use a traverse listener on the shell, however it never gets 
notified of Esc.  It looks like the traverse handling for Esc does not go up 
the parent chain.

Is this as intended or a bug?

Is there any way for me to hook Esc from a parent widget, yet still have 
children handle it if they need to?</thetext>
          </long_desc>
          <long_desc isprivate="0">
            <commentid>29096</commentid>
            <who name="Mike Wilson">Mike_Wilson</who>
            <bug_when>2002-02-28 10:32:37 -0500</bug_when>
            <thetext>We had already had a discussion about this, where you were asked if you wanted 
it to behave that way. The code has been written for a while and was waiting 
on your acknowledgement. SN will put it in.</thetext>
          </long_desc>
          <long_desc isprivate="0">
            <commentid>29501</commentid>
            <who name="Steve Northover">steve_northover</who>
            <bug_when>2002-03-01 12:13:36 -0500</bug_when>
            <thetext>Fixed &gt; 20020301.</thetext>
          </long_desc>
      
      

    </bug>

</bugzilla>