<?xml version="1.0" encoding="UTF-8" standalone="yes" ?>


<bugzilla version="4.2.1"
          urlbase="https://bugs.eclipse.org/bugs/"
          
          maintainer="webmaster@eclipse.org"
>

    <bug>
          <bug_id>10041</bug_id>
          
          <creation_ts>2002-02-21 05:25:00 -0500</creation_ts>
          <short_desc>Console output becomes very slow for long lines</short_desc>
          <delta_ts>2002-02-28 09:40:43 -0500</delta_ts>
          <reporter_accessible>1</reporter_accessible>
          <cclist_accessible>1</cclist_accessible>
          <classification_id>2</classification_id>
          <classification>Eclipse</classification>
          <product>JDT</product>
          <component>Debug</component>
          <version>2.0</version>
          <rep_platform>PC</rep_platform>
          <op_sys>Windows 2000</op_sys>
          <bug_status>RESOLVED</bug_status>
          <resolution>DUPLICATE</resolution>
          <dup_id>6949</dup_id>
          
          <bug_file_loc></bug_file_loc>
          <status_whiteboard></status_whiteboard>
          <keywords></keywords>
          <priority>P3</priority>
          <bug_severity>minor</bug_severity>
          <target_milestone>---</target_milestone>
          
          
          <everconfirmed>1</everconfirmed>
          <reporter name="Wolf Siberski">siberski</reporter>
          <assigned_to name="Darin Wright">darin.eclipse</assigned_to>
          
          
          <votes>0</votes>

      

      

      

          <long_desc isprivate="0">
            <commentid>27561</commentid>
            <who name="Wolf Siberski">siberski</who>
            <bug_when>2002-02-21 05:25:58 -0500</bug_when>
            <thetext>Run the sample program below. It takes several minutes until the lines
are printed to console.

public class LongOutput {
	public static final int LINE_LENGTH = 5000;
	
	public static void main(String[] args) {
		StringBuffer sb = new StringBuffer();
		for ( int i = 0; i &lt; LINE_LENGTH; i++ ) {
			sb.append(&quot;X&quot;);
		}
		
		for ( int i = 0; i &lt; 10; i++ ) {
			System.out.println( sb );
		}
	}
}</thetext>
          </long_desc>
          <long_desc isprivate="0">
            <commentid>28969</commentid>
            <who name="Erich Gamma">erich_gamma</who>
            <bug_when>2002-02-27 19:00:01 -0500</bug_when>
            <thetext>moving to Debug</thetext>
          </long_desc>
          <long_desc isprivate="0">
            <commentid>29079</commentid>
            <who name="Darin Wright">darin.eclipse</who>
            <bug_when>2002-02-28 09:40:43 -0500</bug_when>
            <thetext>

*** This bug has been marked as a duplicate of 6949 ***</thetext>
          </long_desc>
      
      

    </bug>

</bugzilla>