<?xml version="1.0" encoding="UTF-8" standalone="yes" ?>


<bugzilla version="4.2.1"
          urlbase="https://bugs.eclipse.org/bugs/"
          
          maintainer="webmaster@eclipse.org"
>

    <bug>
          <bug_id>10273</bug_id>
          
          <creation_ts>2002-02-26 12:13:00 -0500</creation_ts>
          <short_desc>NPEs caused by unitialized &apos;item&apos; field in event</short_desc>
          <delta_ts>2002-03-13 09:33:02 -0500</delta_ts>
          <reporter_accessible>1</reporter_accessible>
          <cclist_accessible>1</cclist_accessible>
          <classification_id>2</classification_id>
          <classification>Eclipse</classification>
          <product>Platform</product>
          <component>SWT</component>
          <version>2.0</version>
          <rep_platform>PC</rep_platform>
          <op_sys>Windows 2000</op_sys>
          <bug_status>RESOLVED</bug_status>
          <resolution>FIXED</resolution>
          
          
          <bug_file_loc></bug_file_loc>
          <status_whiteboard></status_whiteboard>
          <keywords></keywords>
          <priority>P3</priority>
          <bug_severity>normal</bug_severity>
          <target_milestone>---</target_milestone>
          
          
          <everconfirmed>1</everconfirmed>
          <reporter name="Ian Petersen">Ian_Petersen</reporter>
          <assigned_to name="Veronika Irvine">veronika_irvine</assigned_to>
          <cc>hudsonr</cc>
          
          <votes>0</votes>

      

      

      

          <long_desc isprivate="0">
            <commentid>28120</commentid>
            <who name="Ian Petersen">Ian_Petersen</who>
            <bug_when>2002-02-26 12:13:50 -0500</bug_when>
            <thetext>Build: 20020214

Description:
Expanding a node in a table tree with the mouse works fine, but using the 
keyboard causes null pointer exceptions.  I poked through the code and compared 
TableTree.onKeyDown(Event) to TableTree.onMouseDown(Event).  I think the 
problem in onKeyDown is the event that is passed to Widget.notifyListeners.  In 
onMouseDown, event.item is initialized to the TreeItem which is being 
expanded.  In onKeyDown, event.item is left as null.  

Steps:
1.  Run Eclipse with the org.eclipse.ui.examples.propertysheet plugin loaded.
2.  Create a file foo.usr somewhere in the workspace.
3.  Click on this file in the navigator, an outline appears in the outliner.
4.  Drill down in the outline to select the name of a person.
5.  If the properties view is not already open, open it.
6.  In the properties view, expand a node by clicking on the [+] with your 
mouse.  This works properly.
7.  Select another row in the table that has children but do not expand it.
8.  If an editor for the property value becomes active, pres Esc to dismiss the 
editor.
9.  Press the right arrow key to expand the node.  This causes a null pointer 
exception.

Stack Trace:
java.lang.NullPointerException
	at org.eclipse.ui.views.properties.PropertySheetViewer.createChildren
(PropertySheetViewer.java:208)
	at org.eclipse.ui.views.properties.PropertySheetViewer.handleTreeExpand
(PropertySheetViewer.java:587)
	at org.eclipse.ui.views.properties.PropertySheetViewer.access$7
(PropertySheetViewer.java:586)
	at org.eclipse.ui.views.properties.PropertySheetViewer$4.treeExpanded
(PropertySheetViewer.java:621)
	at org.eclipse.swt.widgets.TypedListener.handleEvent
(TypedListener.java:171)
	at org.eclipse.swt.widgets.EventTable.sendEvent(EventTable.java:74)
	at org.eclipse.swt.widgets.Widget.notifyListeners(Widget.java:637)
	at org.eclipse.swt.custom.TableTree.onKeyDown(TableTree.java:497)
	at org.eclipse.swt.custom.TableTree$1.handleEvent(TableTree.java:71)
	at org.eclipse.swt.widgets.EventTable.sendEvent(EventTable.java:74)
	at org.eclipse.swt.widgets.Widget.notifyListeners(Widget.java:637)
	at org.eclipse.swt.widgets.Display.runDeferredEvents(Display.java:1413)
	at org.eclipse.swt.widgets.Display.readAndDispatch(Display.java:1205)
	at org.eclipse.ui.internal.Workbench.runEventLoop(Workbench.java:788)
	at org.eclipse.ui.internal.Workbench.run(Workbench.java:771)
	at org.eclipse.core.internal.boot.InternalBootLoader.run
(InternalBootLoader.java:777)
	at org.eclipse.core.boot.BootLoader.run(BootLoader.java:319)
	at SlimLauncher.main(SlimLauncher.java:14)</thetext>
          </long_desc>
          <long_desc isprivate="0">
            <commentid>30897</commentid>
            <who name="Randy Giffen">Randy_Giffen</who>
            <bug_when>2002-03-07 10:33:20 -0500</bug_when>
            <thetext>*** Bug 10946 has been marked as a duplicate of this bug. ***</thetext>
          </long_desc>
          <long_desc isprivate="0">
            <commentid>32337</commentid>
            <who name="Veronika Irvine">veronika_irvine</who>
            <bug_when>2002-03-13 09:33:02 -0500</bug_when>
            <thetext>Fixed in &gt; 20020312</thetext>
          </long_desc>
      
      

    </bug>

</bugzilla>