<?xml version="1.0" encoding="UTF-8" standalone="yes" ?>


<bugzilla version="4.2.1"
          urlbase="https://bugs.eclipse.org/bugs/"
          
          maintainer="webmaster@eclipse.org"
>

    <bug>
          <bug_id>10257</bug_id>
          
          <creation_ts>2002-02-26 11:00:00 -0500</creation_ts>
          <short_desc>Make sure that Commands are surrounded in &quot;...&quot;s</short_desc>
          <delta_ts>2009-01-12 09:19:51 -0500</delta_ts>
          <reporter_accessible>1</reporter_accessible>
          <cclist_accessible>1</cclist_accessible>
          <classification_id>4</classification_id>
          <classification>Tools</classification>
          <product>CDT</product>
          <component>cdt-other</component>
          <version>1.0</version>
          <rep_platform>PC</rep_platform>
          <op_sys>Linux</op_sys>
          <bug_status>CLOSED</bug_status>
          <resolution>FIXED</resolution>
          
          
          <bug_file_loc></bug_file_loc>
          <status_whiteboard></status_whiteboard>
          <keywords></keywords>
          <priority>P3</priority>
          <bug_severity>normal</bug_severity>
          <target_milestone>1.0 - Release</target_milestone>
          
          
          <everconfirmed>1</everconfirmed>
          <reporter name="Jeff Turnham">turnham</reporter>
          <assigned_to name="David McKnight">dmcknigh</assigned_to>
          
          
          <votes>0</votes>

      

      

      

          <long_desc isprivate="0">
            <commentid>28051</commentid>
            <who name="Jeff Turnham">turnham</who>
            <bug_when>2002-02-26 11:00:12 -0500</bug_when>
            <thetext>Make sure this is fixed</thetext>
          </long_desc>
          <long_desc isprivate="0">
            <commentid>29107</commentid>
            <who name="Jeff Turnham">turnham</who>
            <bug_when>2002-02-28 10:47:54 -0500</bug_when>
            <thetext>As discussed, I&apos;ll hand this defect to you, since a bit more work is required 
including detecting whether the SHELL env var is set, and if not just invoking 
the command directly in exec.</thetext>
          </long_desc>
          <long_desc isprivate="0">
            <commentid>29228</commentid>
            <who name="David McKnight">dmcknigh</who>
            <bug_when>2002-02-28 13:16:36 -0500</bug_when>
            <thetext>I put in the change for working with &quot;null&quot; shells.  As for the quotes, there&apos;s 
really no problem unless we pass the command miner &quot;sh -c&quot;.   Currently this is 
only done in autoconf when using cygwin.  It&apos;s the autoconf miner&apos;s 
responsibility to give the quotes.</thetext>
          </long_desc>
          <long_desc isprivate="0">
            <commentid>169298</commentid>
            <who name="Sebastien Marineau">sebastien</who>
            <bug_when>2003-06-25 19:28:41 -0400</bug_when>
            <thetext>Close as part of cleanup</thetext>
          </long_desc>
      
      

    </bug>

</bugzilla>