<?xml version="1.0" encoding="UTF-8" standalone="yes" ?>


<bugzilla version="4.2.1"
          urlbase="https://bugs.eclipse.org/bugs/"
          
          maintainer="webmaster@eclipse.org"
>

    <bug>
          <bug_id>10120</bug_id>
          
          <creation_ts>2002-02-22 15:25:00 -0500</creation_ts>
          <short_desc>NL: Rollup 2 WSWD Brazilian Portuguese problems</short_desc>
          <delta_ts>2005-09-14 09:44:40 -0400</delta_ts>
          <reporter_accessible>1</reporter_accessible>
          <cclist_accessible>1</cclist_accessible>
          <classification_id>2</classification_id>
          <classification>Eclipse</classification>
          <product>Platform</product>
          <component>Releng</component>
          <version>2.0</version>
          <rep_platform>PC</rep_platform>
          <op_sys>Windows 2000</op_sys>
          <bug_status>RESOLVED</bug_status>
          <resolution>FIXED</resolution>
          
          
          <bug_file_loc></bug_file_loc>
          <status_whiteboard></status_whiteboard>
          <keywords></keywords>
          <priority>P3</priority>
          <bug_severity>normal</bug_severity>
          <target_milestone>---</target_milestone>
          
          
          <everconfirmed>1</everconfirmed>
          <reporter name="Tod Creasey">Tod_Creasey</reporter>
          <assigned_to name="Cam-Thu Le">camle</assigned_to>
          <cc>Kevin_Haaland</cc>
          
          <votes>0</votes>

      

      

      

          <long_desc isprivate="0">
            <commentid>27707</commentid>
            <who name="Tod Creasey">Tod_Creasey</who>
            <bug_when>2002-02-22 15:25:37 -0500</bug_when>
            <thetext>Delete has an untranslated accelerator (should be Excluir)

Code Assist has an untranslated accelerator (read Ctrl+Space shou;ld be 
Ctrl+Espaço</thetext>
          </long_desc>
          <long_desc isprivate="0">
            <commentid>82987</commentid>
            <who name="Tod Creasey">Tod_Creasey</who>
            <bug_when>2002-07-29 14:47:19 -0400</bug_when>
            <thetext>This is still an issue in Brazilian Portuguese in R2.0. Space is not translated 
in any accelerators but is defined as Espa\u00E7o. Same for delete which is 
defined as Excluir</thetext>
          </long_desc>
          <long_desc isprivate="0">
            <commentid>530793</commentid>
            <who name="Sonia Dimitrov">sonia_dimitrov</who>
            <bug_when>2005-09-14 09:44:40 -0400</bug_when>
            <thetext>Closing, re-open if required.</thetext>
          </long_desc>
      
      

    </bug>

</bugzilla>