<?xml version="1.0" encoding="UTF-8" standalone="yes" ?>


<bugzilla version="4.2.1"
          urlbase="https://bugs.eclipse.org/bugs/"
          
          maintainer="webmaster@eclipse.org"
>

    <bug>
          <bug_id>10550</bug_id>
          
          <creation_ts>2002-02-28 18:14:00 -0500</creation_ts>
          <short_desc>Hilight cursor row (accessibility for the visually impaired)</short_desc>
          <delta_ts>2002-03-20 06:45:47 -0500</delta_ts>
          <reporter_accessible>1</reporter_accessible>
          <cclist_accessible>1</cclist_accessible>
          <classification_id>2</classification_id>
          <classification>Eclipse</classification>
          <product>JDT</product>
          <component>UI</component>
          <version>2.0</version>
          <rep_platform>All</rep_platform>
          <op_sys>All</op_sys>
          <bug_status>VERIFIED</bug_status>
          <resolution>FIXED</resolution>
          
          
          <bug_file_loc></bug_file_loc>
          <status_whiteboard></status_whiteboard>
          <keywords>accessibility</keywords>
          <priority>P3</priority>
          <bug_severity>enhancement</bug_severity>
          <target_milestone>2.0 M4</target_milestone>
          
          
          <everconfirmed>1</everconfirmed>
          <reporter name="Rick Goldstein">rick.goldstein</reporter>
          <assigned_to name="Kai-Uwe Maetzel">kai-uwe_maetzel</assigned_to>
          
          
          <votes>0</votes>

      

      

      

          <long_desc isprivate="0">
            <commentid>29360</commentid>
            <who name="Rick Goldstein">rick.goldstein</who>
            <bug_when>2002-02-28 18:14:26 -0500</bug_when>
            <thetext>I am legally blind, with good central vision but very little peripheral 
vision.  This makes it extremely difficult to follow and locate the cursor when 
it moves outside of my direct control.  This is especially true since I can&apos;t 
make use of highlighting, as I need a high constrast (i.e. dark) background 
(see, for example, bug 10050).

I would like a way for the editor to do one of the following (in order of 
preference, lowest to highest):

1) provide line numbers, so I can use the cursor position information in the 
status bar to guide me to the right line

2) provide some visual indication in the left vertical bar (where compile error 
icons and such appear) of the current line

3) provide the ability to optionally highlight the entire line on which the 
cursor is currently placed (with the ability to select the highlight and text 
colors)</thetext>
          </long_desc>
          <long_desc isprivate="0">
            <commentid>32026</commentid>
            <who name="Kai-Uwe Maetzel">kai-uwe_maetzel</who>
            <bug_when>2002-03-12 10:17:13 -0500</bug_when>
            <thetext>Line highlighting supported in Java editor. Will become part of default text 
editor as well for 2.0. Build 20020312.</thetext>
          </long_desc>
          <long_desc isprivate="0">
            <commentid>34250</commentid>
            <who name="Claude Knaus">Claude_Knaus</who>
            <bug_when>2002-03-20 06:45:47 -0500</bug_when>
            <thetext>verified.</thetext>
          </long_desc>
      
      

    </bug>

</bugzilla>