<?xml version="1.0" encoding="UTF-8" standalone="yes" ?>


<bugzilla version="4.2.1"
          urlbase="https://bugs.eclipse.org/bugs/"
          
          maintainer="webmaster@eclipse.org"
>

    <bug>
          <bug_id>10000</bug_id>
          
          <creation_ts>2002-02-19 11:07:00 -0500</creation_ts>
          <short_desc>getter/setter code generation drops &quot;F&quot; in &quot;...First&quot; for &quot;First first&quot;.</short_desc>
          <delta_ts>2012-09-29 02:28:51 -0400</delta_ts>
          <reporter_accessible>1</reporter_accessible>
          <cclist_accessible>1</cclist_accessible>
          <classification_id>2</classification_id>
          <classification>Eclipse</classification>
          <product>JDT</product>
          <component>UI</component>
          <version>2.0</version>
          <rep_platform>PC</rep_platform>
          <op_sys>Windows 2000</op_sys>
          <bug_status>RESOLVED</bug_status>
          <resolution>WORKSFORME</resolution>
          
          
          <bug_file_loc></bug_file_loc>
          <status_whiteboard></status_whiteboard>
          <keywords></keywords>
          <priority>P5</priority>
          <bug_severity>normal</bug_severity>
          <target_milestone>---</target_milestone>
          
          
          <everconfirmed>1</everconfirmed>
          <reporter name="Wolfgang Frech">wolfgang.frech</reporter>
          <assigned_to name="Erich Gamma">erich_gamma</assigned_to>
          <cc>dlutzjx</cc>
          
          <votes>0</votes>

      

      

      

          <long_desc isprivate="0">
            <commentid>27487</commentid>
            <who name="Wolfgang Frech">wolfgang.frech</who>
            <bug_when>2002-02-19 11:07:07 -0500</bug_when>
            <thetext>In a class named &quot;First&quot;, the names for getters created for a private field
named &quot;first&quot; are &quot;getIrst&quot; and &quot;setIrst&quot;, instead of &quot;getFirst&quot; and &quot;setFirst&quot;,
resp.  The generated javadoc comments match the method names, that is: they
deviate from the naming convention, too.

Steps to reproduce:

Step 1)  Create a class &quot;First&quot; in any package.
Step 2)  Type &quot;private First first;&quot; in body of class and save.
Step 3)	 Select field &quot;first&quot; in outline view.
Step 4)  Select context menue &quot;Create getter and setter&quot;.
Result:
--- snip ---
/* (c) Copyright 2002 Xenium AG. All Rights Reserved.*/
package other;
/**
 * @version 	1.0
 * @author
 */
public class First {
	private First first;
	/**
	 * Gets the irst.
	 * @return Returns a First
	 */
	public First getIrst() {
		return first;
	}
	/**
	 * Sets the irst.
	 * @param irst The irst to set
	 */
	public void setIrst(First irst) {
		first = irst;
	}
}
--- snip ---

Reported against stable build 20020214.

Workaround: rename field or (not sure) avoid leading &quot;F&quot;.

Not so serious playing around:  error occurs with &quot;private Foo foo;&quot;,
but not with &quot;private First second;&quot; or &quot;private Some some;&quot;.</thetext>
          </long_desc>
          <long_desc isprivate="0">
            <commentid>27505</commentid>
            <who name="Martin Aeschlimann">martin_aeschlimann</who>
            <bug_when>2002-02-19 21:49:25 -0500</bug_when>
            <thetext>Works as designed:
The behaviour is coming from the settings in the preference page:
Java -&gt; code generation, &apos;Remove prefix from field name&apos;.</thetext>
          </long_desc>
      
      

    </bug>

</bugzilla>