<?xml version="1.0" encoding="UTF-8" standalone="yes" ?>


<bugzilla version="4.2.1"
          urlbase="https://bugs.eclipse.org/bugs/"
          
          maintainer="webmaster@eclipse.org"
>

    <bug>
          <bug_id>10084</bug_id>
          
          <creation_ts>2002-02-21 16:19:00 -0500</creation_ts>
          <short_desc>Fix up setting of Parse Quality and other Parse Properties..</short_desc>
          <delta_ts>2009-01-09 14:09:07 -0500</delta_ts>
          <reporter_accessible>1</reporter_accessible>
          <cclist_accessible>1</cclist_accessible>
          <classification_id>4</classification_id>
          <classification>Tools</classification>
          <product>CDT</product>
          <component>cdt-other</component>
          <version>1.0</version>
          <rep_platform>PC</rep_platform>
          <op_sys>Linux</op_sys>
          <bug_status>CLOSED</bug_status>
          <resolution>DUPLICATE</resolution>
          <dup_id>10539</dup_id>
          
          <bug_file_loc></bug_file_loc>
          <status_whiteboard></status_whiteboard>
          <keywords></keywords>
          <priority>P3</priority>
          <bug_severity>major</bug_severity>
          <target_milestone>1.0 - Release</target_milestone>
          
          
          <everconfirmed>1</everconfirmed>
          <reporter name="Jeff Turnham">turnham</reporter>
          <assigned_to name="Jeff Turnham">turnham</assigned_to>
          
          
          <votes>0</votes>

      

      

      

          <long_desc isprivate="0">
            <commentid>27623</commentid>
            <who name="Jeff Turnham">turnham</who>
            <bug_when>2002-02-21 16:19:35 -0500</bug_when>
            <thetext>A while ago I noticed that Parse Quality and some other properties, didn&apos;t 
always work (especially in the remote scenario)...so I need to go through and 
verify they are all working properly.</thetext>
          </long_desc>
          <long_desc isprivate="0">
            <commentid>34904</commentid>
            <who name="Jeff Turnham">turnham</who>
            <bug_when>2002-03-20 20:13:45 -0500</bug_when>
            <thetext>

*** This bug has been marked as a duplicate of 10539 ***</thetext>
          </long_desc>
          <long_desc isprivate="0">
            <commentid>34906</commentid>
            <who name="Jeff Turnham">turnham</who>
            <bug_when>2002-03-20 20:14:32 -0500</bug_when>
            <thetext>I&apos;ll just use Enrique&apos;s defect to fix this problem (10539)
</thetext>
          </long_desc>
      
      

    </bug>

</bugzilla>