<?xml version="1.0" encoding="UTF-8" standalone="yes" ?>


<bugzilla version="4.2.1"
          urlbase="https://bugs.eclipse.org/bugs/"
          
          maintainer="webmaster@eclipse.org"
>

    <bug>
          <bug_id>10072</bug_id>
          
          <creation_ts>2002-02-21 12:41:00 -0500</creation_ts>
          <short_desc>Debug UI:  Adding a storage monitor from the Storage&apos;s view local toolbar action is not working remotely</short_desc>
          <delta_ts>2003-09-10 09:02:44 -0400</delta_ts>
          <reporter_accessible>1</reporter_accessible>
          <cclist_accessible>1</cclist_accessible>
          <classification_id>4</classification_id>
          <classification>Tools</classification>
          <product>CDT</product>
          <component>cdt-debug</component>
          <version>1.0</version>
          <rep_platform>PC</rep_platform>
          <op_sys>Linux-Motif</op_sys>
          <bug_status>CLOSED</bug_status>
          <resolution>DUPLICATE</resolution>
          <dup_id>10068</dup_id>
          
          <bug_file_loc></bug_file_loc>
          <status_whiteboard></status_whiteboard>
          <keywords></keywords>
          <priority>P2</priority>
          <bug_severity>major</bug_severity>
          <target_milestone>---</target_milestone>
          <dependson>10068</dependson>
          
          <everconfirmed>1</everconfirmed>
          <reporter name="Yasser Elmankabady">eyasser</reporter>
          <assigned_to name="Samantha Chan">chanskw</assigned_to>
          
          
          <votes>0</votes>

      

      

      

          <long_desc isprivate="0">
            <commentid>27599</commentid>
            <who name="Yasser Elmankabady">eyasser</who>
            <bug_when>2002-02-21 12:41:40 -0500</bug_when>
            <thetext>Using the local tool bar action to add a new storage monitor to the storage&apos;s 
view is not working in the remote scenario. From the &quot;Monitor expression&quot; popup 
dialog type the name then click OK. as a result, no new storage monitor will be 
updated in the Storage&apos; view.

Please note that the storage monitor&apos;s popup dialog is the same as the one used 
in the Monitors.</thetext>
          </long_desc>
          <long_desc isprivate="0">
            <commentid>27614</commentid>
            <who name="Samantha Chan">chanskw</who>
            <bug_when>2002-02-21 15:01:50 -0500</bug_when>
            <thetext>Debug UI Bug</thetext>
          </long_desc>
          <long_desc isprivate="0">
            <commentid>28983</commentid>
            <who name="Samantha Chan">chanskw</who>
            <bug_when>2002-02-27 22:32:32 -0500</bug_when>
            <thetext>

*** This bug has been marked as a duplicate of 10068 ***</thetext>
          </long_desc>
          <long_desc isprivate="0">
            <commentid>185108</commentid>
            <who name="Sebastien Marineau">sebastien</who>
            <bug_when>2003-09-10 09:02:44 -0400</bug_when>
            <thetext>Closing</thetext>
          </long_desc>
      
      

    </bug>

</bugzilla>