<?xml version="1.0" encoding="UTF-8" standalone="yes" ?>


<bugzilla version="4.2.1"
          urlbase="https://bugs.eclipse.org/bugs/"
          
          maintainer="webmaster@eclipse.org"
>

    <bug>
          <bug_id>10214</bug_id>
          
          <creation_ts>2002-02-25 16:29:00 -0500</creation_ts>
          <short_desc>Add transitional support for history with both launching styles</short_desc>
          <delta_ts>2002-02-26 10:52:02 -0500</delta_ts>
          <reporter_accessible>1</reporter_accessible>
          <cclist_accessible>1</cclist_accessible>
          <classification_id>2</classification_id>
          <classification>Eclipse</classification>
          <product>JDT</product>
          <component>Debug</component>
          <version>2.0</version>
          <rep_platform>Other</rep_platform>
          <op_sys>other</op_sys>
          <bug_status>VERIFIED</bug_status>
          <resolution>FIXED</resolution>
          
          
          <bug_file_loc></bug_file_loc>
          <status_whiteboard></status_whiteboard>
          <keywords></keywords>
          <priority>P3</priority>
          <bug_severity>normal</bug_severity>
          <target_milestone>---</target_milestone>
          
          
          <everconfirmed>1</everconfirmed>
          <reporter name="Joe Szurszewski">eclipse</reporter>
          <assigned_to name="Darin Swanson">Darin_Swanson</assigned_to>
          
          
          <votes>0</votes>

      

      

      

          <long_desc isprivate="0">
            <commentid>27919</commentid>
            <who name="Joe Szurszewski">eclipse</who>
            <bug_when>2002-02-25 16:29:39 -0500</bug_when>
            <thetext>Make sure there is support for history and relaunching both styles of launching (old launcher 
based style, and new configuration based style).  When the launching style is changed, the 
history is erased.</thetext>
          </long_desc>
          <long_desc isprivate="0">
            <commentid>27920</commentid>
            <who name="Joe Szurszewski">eclipse</who>
            <bug_when>2002-02-25 16:30:42 -0500</bug_when>
            <thetext>Fixed.</thetext>
          </long_desc>
          <long_desc isprivate="0">
            <commentid>27921</commentid>
            <who name="Joe Szurszewski">eclipse</who>
            <bug_when>2002-02-25 16:30:58 -0500</bug_when>
            <thetext>Please verify.</thetext>
          </long_desc>
          <long_desc isprivate="0">
            <commentid>28044</commentid>
            <who name="Darin Swanson">Darin_Swanson</who>
            <bug_when>2002-02-26 10:52:02 -0500</bug_when>
            <thetext>Changed the strings in the debug preference page to not indicate which style 
had history etc.

Verified.</thetext>
          </long_desc>
      
      

    </bug>

</bugzilla>