<?xml version="1.0" encoding="UTF-8" standalone="yes" ?>


<bugzilla version="4.2.1"
          urlbase="https://bugs.eclipse.org/bugs/"
          
          maintainer="webmaster@eclipse.org"
>

    <bug>
          <bug_id>10150</bug_id>
          
          <creation_ts>2002-02-25 04:06:00 -0500</creation_ts>
          <short_desc>conflicting files should not be allowed to be checked in.</short_desc>
          <delta_ts>2002-04-09 09:15:57 -0400</delta_ts>
          <reporter_accessible>1</reporter_accessible>
          <cclist_accessible>1</cclist_accessible>
          <classification_id>2</classification_id>
          <classification>Eclipse</classification>
          <product>Platform</product>
          <component>Team</component>
          <version>2.0</version>
          <rep_platform>PC</rep_platform>
          <op_sys>Linux-Motif</op_sys>
          <bug_status>VERIFIED</bug_status>
          <resolution>FIXED</resolution>
          
          
          <bug_file_loc></bug_file_loc>
          <status_whiteboard></status_whiteboard>
          <keywords></keywords>
          <priority>P3</priority>
          <bug_severity>normal</bug_severity>
          <target_milestone>---</target_milestone>
          
          
          <everconfirmed>1</everconfirmed>
          <reporter name="Philippe Duperron">pduperron</reporter>
          <assigned_to name="Jean-Michel Lemieux">jean-michel_lemieux</assigned_to>
          <cc>jean-michel_lemieux</cc>
          
          <votes>0</votes>

      

      

      

          <long_desc isprivate="0">
            <commentid>27765</commentid>
            <who name="Philippe Duperron">pduperron</who>
            <bug_when>2002-02-25 04:06:32 -0500</bug_when>
            <thetext>In a normal CVS client, a file which is the result of merge with conflicts
cannot be committed as long as it has not been re-edited and saved. (and it
stays with the status &quot;conflict&quot;)

Cvs console from eclipse :
&gt;running &apos;Team/Update&apos; once :
RCS file: /var/cvs/cvstest/Main.java,v
retrieving revision 1.7
retrieving revision 1.8
Merging differences between 1.7 and 1.8 into Main.java
rcsmerge: warning: conflicts during merge
cvs server: conflicts found in Main.java
C Main.java
&gt;running &apos;Team/Update&apos; twice :
M Main.java
&gt;running &apos;Team/Commit&apos; :
Checking in Main.java;
/var/cvs/cvstest/Main.java,v  &lt;--  Main.java
new revision: 1.9; previous revision: 1.8
done

The same test from a cvs command line client :
&gt;running &apos;cvs update&apos; once :
cvs server: Updating .
RCS file: /var/cvs/cvstest/Main.java,v
retrieving revision 1.8
retrieving revision 1.9
Merging differences between 1.8 and 1.9 into Main.java
rcsmerge: warning: conflicts during merge
cvs server: conflicts found in Main.java
C Main.java
&gt;running &apos;cvs update&apos; twice :
cvs server: Updating .
C Main.java
&gt;running &apos;cvs commit&apos;
cvs server: file `Main.java&apos; had a conflict and has not been modified
cvs [server aborted]: correct above errors first!
cvs commit: saving log message in /tmp/cvsHAlFOb</thetext>
          </long_desc>
          <long_desc isprivate="0">
            <commentid>27937</commentid>
            <who name="Jean-Michel Lemieux">jean-michel_lemieux</who>
            <bug_when>2002-02-25 16:58:21 -0500</bug_when>
            <thetext>Confirmed the bug - we should be sending the following to the server as the 
timestamp for merged files or simply not send them to the server. I have 
observed the following behavior of the command line client:

1. if the file was merged but has not been modified send entry as:
   /file.foo/1.1/+=/
   The &apos;+=&apos; indicating that the file has not been modified

2. if the file was merged then touched or edited then the entry line sent as:
   /file.foo/1.1/+modified/</thetext>
          </long_desc>
          <long_desc isprivate="0">
            <commentid>28715</commentid>
            <who name="Jean-Michel Lemieux">jean-michel_lemieux</who>
            <bug_when>2002-02-27 11:41:50 -0500</bug_when>
            <thetext>Fixed.
- added needsMerge icon in cvs decorations when a file has been merged via 
update and has conflicts. The decoration is updated when the file has been 
editied. This makes it easier to detect the update merge conflicts.
- commit operation sends proper conflict type to server thus allowing the 
server to veto the commit.</thetext>
          </long_desc>
      
      

    </bug>

</bugzilla>