<?xml version="1.0" encoding="UTF-8" standalone="yes" ?>


<bugzilla version="4.2.1"
          urlbase="https://bugs.eclipse.org/bugs/"
          
          maintainer="webmaster@eclipse.org"
>

    <bug>
          <bug_id>10319</bug_id>
          
          <creation_ts>2002-02-26 18:17:00 -0500</creation_ts>
          <short_desc>opening files with vi/lpex</short_desc>
          <delta_ts>2003-06-25 19:25:15 -0400</delta_ts>
          <reporter_accessible>1</reporter_accessible>
          <cclist_accessible>1</cclist_accessible>
          <classification_id>4</classification_id>
          <classification>Tools</classification>
          <product>CDT</product>
          <component>cdt-core</component>
          <version>2.0</version>
          <rep_platform>PC</rep_platform>
          <op_sys>Linux</op_sys>
          <bug_status>CLOSED</bug_status>
          <resolution>FIXED</resolution>
          
          
          <bug_file_loc>enriquev@ca.ibm.com</bug_file_loc>
          <status_whiteboard></status_whiteboard>
          <keywords></keywords>
          <priority>P3</priority>
          <bug_severity>minor</bug_severity>
          <target_milestone>2.0 - Release</target_milestone>
          
          
          <everconfirmed>1</everconfirmed>
          <reporter name="Enrique Varillas">enriquev</reporter>
          <assigned_to name="David McKnight">dmcknigh</assigned_to>
          
          
          <votes>0</votes>

      

      

      

          <long_desc isprivate="0">
            <commentid>28377</commentid>
            <who name="Enrique Varillas">enriquev</who>
            <bug_when>2002-02-26 18:17:39 -0500</bug_when>
            <thetext>In the C/C++ Projects view, if a user opens a file by double-clicking on it,
then some files (such as those that end in &quot;.in&quot;, &quot;.guess&quot;, &quot;.m4&quot;) are open with
the external editor vi and not with the Lpex editor.
(This is a usability issue: Need to make the association between editors and
file endings more explicit)</thetext>
          </long_desc>
          <long_desc isprivate="0">
            <commentid>53566</commentid>
            <who name="David McKnight">dmcknigh</who>
            <bug_when>2002-05-14 17:05:14 -0400</bug_when>
            <thetext>We can always add these extensions for our editor in the CDT plugin.xml file.</thetext>
          </long_desc>
          <long_desc isprivate="0">
            <commentid>54034</commentid>
            <who name="David McKnight">dmcknigh</who>
            <bug_when>2002-05-15 15:16:39 -0400</bug_when>
            <thetext>I&apos;m not sure what these extensions are, so you&apos;re probably the better person to 
update the CDT UI plugin.xml file.   If you look under extensions in the editors 
section, you can add extensions to register against lpex.</thetext>
          </long_desc>
          <long_desc isprivate="0">
            <commentid>69874</commentid>
            <who name="Enrique Varillas">enriquev</who>
            <bug_when>2002-06-06 14:14:06 -0400</bug_when>
            <thetext>added these extensions to cpp.ui/plugin.xml</thetext>
          </long_desc>
          <long_desc isprivate="0">
            <commentid>169291</commentid>
            <who name="Sebastien Marineau">sebastien</who>
            <bug_when>2003-06-25 19:25:15 -0400</bug_when>
            <thetext>Move to version 1</thetext>
          </long_desc>
      
      

    </bug>

</bugzilla>