<?xml version="1.0" encoding="UTF-8" standalone="yes" ?>


<bugzilla version="4.2.1"
          urlbase="https://bugs.eclipse.org/bugs/"
          
          maintainer="webmaster@eclipse.org"
>

    <bug>
          <bug_id>10474</bug_id>
          
          <creation_ts>2002-02-28 09:25:00 -0500</creation_ts>
          <short_desc>Setting select and reveal behavior of New Wizards</short_desc>
          <delta_ts>2002-04-23 08:52:03 -0400</delta_ts>
          <reporter_accessible>1</reporter_accessible>
          <cclist_accessible>1</cclist_accessible>
          <classification_id>2</classification_id>
          <classification>Eclipse</classification>
          <product>JDT</product>
          <component>UI</component>
          <version>2.0</version>
          <rep_platform>PC</rep_platform>
          <op_sys>Windows NT</op_sys>
          <bug_status>RESOLVED</bug_status>
          <resolution>WORKSFORME</resolution>
          
          
          <bug_file_loc></bug_file_loc>
          <status_whiteboard></status_whiteboard>
          <keywords></keywords>
          <priority>P2</priority>
          <bug_severity>normal</bug_severity>
          <target_milestone>---</target_milestone>
          
          
          <everconfirmed>1</everconfirmed>
          <reporter name="Dani Megert">daniel_megert</reporter>
          <assigned_to name="Dani Megert">daniel_megert</assigned_to>
          <cc>nick_edgar</cc>
          
          <votes>0</votes>

      

      

      

          <long_desc isprivate="0">
            <commentid>29069</commentid>
            <who name="Dani Megert">daniel_megert</who>
            <bug_when>2002-02-28 09:25:40 -0500</bug_when>
            <thetext>After creating a Java element our new wizards try to select and reveal the
element (and eventually open it in the editor).

This can cause out of synch behavior in the Java Browsing perspective

Test Case:
Create a new Class with main method
==&gt; the Members view stay empty because the Type view never got activated and
because selection events are only propagated for active parts.</thetext>
          </long_desc>
          <long_desc isprivate="0">
            <commentid>29666</commentid>
            <who name="Erich Gamma">erich_gamma</who>
            <bug_when>2002-03-03 19:12:10 -0500</bug_when>
            <thetext>Asking the Platform UI for advise.</thetext>
          </long_desc>
          <long_desc isprivate="0">
            <commentid>29780</commentid>
            <who name="Nick Edgar">nick_edgar</who>
            <bug_when>2002-03-04 10:13:02 -0500</bug_when>
            <thetext>If the Members view explicitly tracks the selection in the Type view, then it 
should track that view&apos;s selection explicitly, and not use the selection 
service for tracking the selection in the active part.
There is new API in tomorrow&apos;s build for simplifying this (without this you 
would have to track open/close of the target view yourself).
See ISelectionService.addSelectionListener(String partId, ISelectionListener 
listener).
Moving back to JDT-UI.

</thetext>
          </long_desc>
          <long_desc isprivate="0">
            <commentid>30039</commentid>
            <who name="Erich Gamma">erich_gamma</who>
            <bug_when>2002-03-04 18:31:42 -0500</bug_when>
            <thetext>We are trying hard to only use focus selection linking and not track selection 
changes in a particular view. This enables free configuration of the views in 
the perspective, e.g., users can use their own custom view inside the 
perspective.

Listening to selection changes from both the service and a particular part is 
ugly. Dani pls comment.</thetext>
          </long_desc>
          <long_desc isprivate="0">
            <commentid>31740</commentid>
            <who name="Dani Megert">daniel_megert</who>
            <bug_when>2002-03-11 11:50:24 -0500</bug_when>
            <thetext>Members view and all other Java Browsing views only listen to selection service.
Have to check what the wizards do.
</thetext>
          </long_desc>
          <long_desc isprivate="0">
            <commentid>45529</commentid>
            <who name="Dani Megert">daniel_megert</who>
            <bug_when>2002-04-23 08:52:03 -0400</bug_when>
            <thetext>The wizards have been changed to send out correct selection events.
</thetext>
          </long_desc>
      
      

    </bug>

</bugzilla>