<?xml version="1.0" encoding="UTF-8" standalone="yes" ?>


<bugzilla version="4.2.1"
          urlbase="https://bugs.eclipse.org/bugs/"
          
          maintainer="webmaster@eclipse.org"
>

    <bug>
          <bug_id>10533</bug_id>
          
          <creation_ts>2002-02-28 16:48:00 -0500</creation_ts>
          <short_desc>Delete of one (of two) Wizard descriptions makes all disappear</short_desc>
          <delta_ts>2002-05-21 11:04:04 -0400</delta_ts>
          <reporter_accessible>1</reporter_accessible>
          <cclist_accessible>1</cclist_accessible>
          <classification_id>2</classification_id>
          <classification>Eclipse</classification>
          <product>PDE</product>
          <component>UI</component>
          <version>1.0</version>
          <rep_platform>PC</rep_platform>
          <op_sys>Windows 2000</op_sys>
          <bug_status>RESOLVED</bug_status>
          <resolution>WORKSFORME</resolution>
          
          
          <bug_file_loc></bug_file_loc>
          <status_whiteboard></status_whiteboard>
          <keywords></keywords>
          <priority>P2</priority>
          <bug_severity>minor</bug_severity>
          <target_milestone>---</target_milestone>
          
          
          <everconfirmed>1</everconfirmed>
          <reporter name="Pat McCarthy">patmc</reporter>
          <assigned_to name="Wassim Melhem">wassim.melhem</assigned_to>
          
          
          <votes>0</votes>

      

      

      

          <long_desc isprivate="0">
            <commentid>29315</commentid>
            <who name="Pat McCarthy">patmc</who>
            <bug_when>2002-02-28 16:48:52 -0500</bug_when>
            <thetext>The extension editor page allows me to add multiple descriptions to a wizard 
entry (should it?).

When I had two - I selected one and pressed the delete button.  Both disappeared 
from the list - even while my Wizard entry stayed selected.  This made me think 
both were deleted.

When I clicked on the Wizard entry again - the description I did not delete 
reappeared in the list.

Note: Jumpstart Team is testing all our labs on 2/14 - you may get a few bug 
entries from us as we go through our student instructions on how to use PDE to 
build tools.</thetext>
          </long_desc>
          <long_desc isprivate="0">
            <commentid>56555</commentid>
            <who name="Wassim Melhem">wassim.melhem</who>
            <bug_when>2002-05-21 11:04:04 -0400</bug_when>
            <thetext>Build 20020519.
I could not reproduce the bug on this build.  When I deleted one &lt;description&gt;, 
the other one remained.  It must have been fixed at some point.
However, the fact that the editor allows you to add more than one &lt;description&gt; 
is a separate bug which I will open very shortly.</thetext>
          </long_desc>
      
      

    </bug>

</bugzilla>