<?xml version="1.0" encoding="UTF-8" standalone="yes" ?>


<bugzilla version="4.2.1"
          urlbase="https://bugs.eclipse.org/bugs/"
          
          maintainer="webmaster@eclipse.org"
>

    <bug>
          <bug_id>10609</bug_id>
          
          <creation_ts>2002-03-01 14:54:00 -0500</creation_ts>
          <short_desc>Convert Java to Plug-in Projects: selecting any selects all, somewhat stealthily</short_desc>
          <delta_ts>2002-03-18 09:51:48 -0500</delta_ts>
          <reporter_accessible>1</reporter_accessible>
          <cclist_accessible>1</cclist_accessible>
          <classification_id>2</classification_id>
          <classification>Eclipse</classification>
          <product>PDE</product>
          <component>UI</component>
          <version>2.0</version>
          <rep_platform>PC</rep_platform>
          <op_sys>Windows 2000</op_sys>
          <bug_status>RESOLVED</bug_status>
          <resolution>WORKSFORME</resolution>
          
          
          <bug_file_loc></bug_file_loc>
          <status_whiteboard></status_whiteboard>
          <keywords></keywords>
          <priority>P3</priority>
          <bug_severity>critical</bug_severity>
          <target_milestone>---</target_milestone>
          
          
          <everconfirmed>1</everconfirmed>
          <reporter name="Tom Roche">tlroche</reporter>
          <assigned_to name="Dejan Glozic">dejan</assigned_to>
          
          
          <votes>0</votes>

      

      

      

          <long_desc isprivate="0">
            <commentid>29535</commentid>
            <who name="Tom Roche">tlroche</who>
            <bug_when>2002-03-01 14:54:38 -0500</bug_when>
            <thetext>I&apos;m using platform=

Microsoft Windows 2000
5.00.2195
Service Pack 1

and eclipse=version 2.0 (prerelease) build 20020125 from selfhoster 

ftp://daberg.raleigh.ibm.com/self_hosting/v2_125/eclipse_v2_0125_wRTP_tools.zip

I attempted to convert a Java project to a plugin project by selecting
the project (in persp=Java, view=Packages) via the &quot;Convert Java to
Plug-in Projects&quot; wizard.

Its initial dialog gave me a list (containing all 91 projects in my
workspace, 90 of which were plugins) of checkboxes. I hit the Deselect
All button, which cleared all checks. I then scrolled the list to find
my Java project, and checked its checkbox. *Note that only one
checkbox showed a check before I hit Finish* Unfortunately I hit
Finish _before I noticed that the label beneath the list said &quot;91
selected&quot; instead of &quot;1 selected&quot;.

Worse yet, this was not merely a label bug. Subsequent operations took
a long time, consistent with the claim that the conversion was
executed on all the projects in the workspace.

I have recreated the bug on the eclipses of two other folks in my
workgroup (one of whom I believe to be using 20020214, all of whom I
believe to be on win2k) up to the point of hitting Finish. One user
had only web projects in his workspace, the other had only plugin
projects.

I also notice on my own eclipse that, when I now run the &quot;Convert Java
to Plug-in Projects&quot; wizard, the list area is entirely empty: there is
nothing to check. (Also the Select All, Select All, and Finish buttons
are all enabled.)

I searched bugzilla for

Description entry=Convert Java to Plug-in Projects

but found only the apparently unrelated bug 6761.

FWIW, Tom Roche &lt;tlroche@us.ibm.com&gt;</thetext>
          </long_desc>
          <long_desc isprivate="0">
            <commentid>29550</commentid>
            <who name="Tom Roche">tlroche</who>
            <bug_when>2002-03-01 15:39:23 -0500</bug_when>
            <thetext>Subsequently I find that plugins appear to have been damaged: I launch
a target eclipse, and find that the perspectives pulldown is empty,
web perspective (among others) is missing from Perspective&gt;Open&gt;Other,
and a formerly functional plugin fails to work.

FWIW, Tom Roche &lt;tlroche@us.ibm.com&gt;
</thetext>
          </long_desc>
          <long_desc isprivate="0">
            <commentid>31535</commentid>
            <who name="Dejan Glozic">dejan</who>
            <bug_when>2002-03-10 13:36:22 -0500</bug_when>
            <thetext>The support for project conversion has been reworked in the more recent 
drivers. Please try with the latest integration build to see if the bug is 
still current.</thetext>
          </long_desc>
          <long_desc isprivate="0">
            <commentid>33409</commentid>
            <who name="Dejan Glozic">dejan</who>
            <bug_when>2002-03-18 09:51:48 -0500</bug_when>
            <thetext>I think this is not hapenning any more.</thetext>
          </long_desc>
      
      

    </bug>

</bugzilla>