<?xml version="1.0" encoding="UTF-8" standalone="yes" ?>


<bugzilla version="4.2.1"
          urlbase="https://bugs.eclipse.org/bugs/"
          
          maintainer="webmaster@eclipse.org"
>

    <bug>
          <bug_id>10521</bug_id>
          
          <creation_ts>2002-02-28 16:13:00 -0500</creation_ts>
          <short_desc>[Team API] The &quot;Create Project&quot; wizard should be able to connect to CM provider without an additional step</short_desc>
          <delta_ts>2005-05-06 16:16:45 -0400</delta_ts>
          <reporter_accessible>1</reporter_accessible>
          <cclist_accessible>1</cclist_accessible>
          <classification_id>2</classification_id>
          <classification>Eclipse</classification>
          <product>Platform</product>
          <component>Team</component>
          <version>2.0</version>
          <rep_platform>PC</rep_platform>
          <op_sys>Windows 2000</op_sys>
          <bug_status>RESOLVED</bug_status>
          <resolution>WONTFIX</resolution>
          
          
          <bug_file_loc></bug_file_loc>
          <status_whiteboard></status_whiteboard>
          <keywords></keywords>
          <priority>P3</priority>
          <bug_severity>normal</bug_severity>
          <target_milestone>---</target_milestone>
          
          
          <everconfirmed>1</everconfirmed>
          <reporter name="Charles Rivet">crivet</reporter>
          <assigned_to name="Platform-VCM-Inbox">platform-vcm-inbox</assigned_to>
          <cc>aprasad</cc>
          
          <votes>0</votes>

      

      

      

          <long_desc isprivate="0">
            <commentid>29289</commentid>
            <who name="Charles Rivet">crivet</who>
            <bug_when>2002-02-28 16:13:27 -0500</bug_when>
            <thetext>The &quot;Create Project&quot; wizard should be able to connect to CM provider without an 
additional step (i.e.  context menu on the project).  This would allow a Team 
provider to scan for new files at project creation time.</thetext>
          </long_desc>
          <long_desc isprivate="0">
            <commentid>29317</commentid>
            <who name="Kevin McGuire">Kevin_McGuire</who>
            <bug_when>2002-02-28 16:50:35 -0500</bug_when>
            <thetext>There are two cases:
1. the project is being created in your view directory
2. you would like to &quot;guide&quot; the user to create the project in the view 
directory.

For case 1, you can add a delta listener on project creation.  This was 
described in email to Peter.

For case 2, this is future (post 2.0).</thetext>
          </long_desc>
          <long_desc isprivate="0">
            <commentid>39601</commentid>
            <who name="Kevin Haaland">Kevin_Haaland</who>
            <bug_when>2002-04-08 15:05:06 -0400</bug_when>
            <thetext>We should solve this for 2.0</thetext>
          </long_desc>
          <long_desc isprivate="0">
            <commentid>39625</commentid>
            <who name="Kevin McGuire">Kevin_McGuire</who>
            <bug_when>2002-04-08 15:40:14 -0400</bug_when>
            <thetext>If &quot;Share&quot; is replaced by adding a provider capability, then the provider 
should get a chance to set the project directory during the adding of the 
capability.

This is our intention for 2.0.</thetext>
          </long_desc>
          <long_desc isprivate="0">
            <commentid>50291</commentid>
            <who name="Kevin McGuire">Kevin_McGuire</who>
            <bug_when>2002-05-06 14:25:58 -0400</bug_when>
            <thetext>&quot;Capabilities&quot; have essentially been pulled for 2.0.  Have discussed with 
PeterH other possibilities for 2.0, but we&apos;ve decided that the current support 
is sufficient, since the provider can offer to move the project when the 
project is shared.
</thetext>
          </long_desc>
          <long_desc isprivate="0">
            <commentid>90652</commentid>
            <who name="Michael Valenta">Michael_Valenta</who>
            <bug_when>2002-09-09 14:25:50 -0400</bug_when>
            <thetext>Reopening</thetext>
          </long_desc>
          <long_desc isprivate="0">
            <commentid>445085</commentid>
            <who name="Michael Valenta">Michael_Valenta</who>
            <bug_when>2005-05-06 16:16:45 -0400</bug_when>
            <thetext>This bug has not been touched in 2 years. Closing as WONTFIX. If you feel this 
bug is important, feel free to reopen it.</thetext>
          </long_desc>
      
      

    </bug>

</bugzilla>