<?xml version="1.0" encoding="UTF-8" standalone="yes" ?>


<bugzilla version="4.2.1"
          urlbase="https://bugs.eclipse.org/bugs/"
          
          maintainer="webmaster@eclipse.org"
>

    <bug>
          <bug_id>10166</bug_id>
          
          <creation_ts>2002-02-25 10:43:00 -0500</creation_ts>
          <short_desc>Interface hides Object methods</short_desc>
          <delta_ts>2002-03-01 04:32:39 -0500</delta_ts>
          <reporter_accessible>1</reporter_accessible>
          <cclist_accessible>1</cclist_accessible>
          <classification_id>2</classification_id>
          <classification>Eclipse</classification>
          <product>JDT</product>
          <component>Core</component>
          <version>2.0</version>
          <rep_platform>PC</rep_platform>
          <op_sys>Windows 2000</op_sys>
          <bug_status>RESOLVED</bug_status>
          <resolution>DUPLICATE</resolution>
          <dup_id>9985</dup_id>
          
          <bug_file_loc></bug_file_loc>
          <status_whiteboard></status_whiteboard>
          <keywords></keywords>
          <priority>P3</priority>
          <bug_severity>normal</bug_severity>
          <target_milestone>2.0 M4</target_milestone>
          
          
          <everconfirmed>1</everconfirmed>
          <reporter name="Neil Swingler">neil</reporter>
          <assigned_to name="Philippe Mulet">philippe_mulet</assigned_to>
          
          
          <votes>0</votes>

      

      

      

          <long_desc isprivate="0">
            <commentid>27796</commentid>
            <who name="Neil Swingler">neil</who>
            <bug_when>2002-02-25 10:43:47 -0500</bug_when>
            <thetext>The following class won&apos;t compile. It appears the toString(int) method hides
the implicit toString() method from Object.

public class Test
{
    public static void main(String args[])
    {
        ((Interface) null).toString();
    }

    interface Interface
    {
        abstract String toString(int i);
    }

}

Using 20020214 stable build</thetext>
          </long_desc>
          <long_desc isprivate="0">
            <commentid>27933</commentid>
            <who name="Philippe Mulet">philippe_mulet</who>
            <bug_when>2002-02-25 16:55:43 -0500</bug_when>
            <thetext>Fixed in next integration build

*** This bug has been marked as a duplicate of 9985 ***</thetext>
          </long_desc>
      
      

    </bug>

</bugzilla>