<?xml version="1.0" encoding="UTF-8" standalone="yes" ?>


<bugzilla version="4.2.1"
          urlbase="https://bugs.eclipse.org/bugs/"
          
          maintainer="webmaster@eclipse.org"
>

    <bug>
          <bug_id>10407</bug_id>
          
          <creation_ts>2002-02-27 13:19:00 -0500</creation_ts>
          <short_desc>[Dialogs] Find dialog: initial text not selected</short_desc>
          <delta_ts>2003-09-23 14:10:16 -0400</delta_ts>
          <reporter_accessible>1</reporter_accessible>
          <cclist_accessible>1</cclist_accessible>
          <classification_id>2</classification_id>
          <classification>Eclipse</classification>
          <product>Platform</product>
          <component>Text</component>
          <version>2.0</version>
          <rep_platform>PC</rep_platform>
          <op_sys>Linux-Motif</op_sys>
          <bug_status>RESOLVED</bug_status>
          <resolution>FIXED</resolution>
          
          
          <bug_file_loc></bug_file_loc>
          <status_whiteboard></status_whiteboard>
          <keywords></keywords>
          <priority>P3</priority>
          <bug_severity>normal</bug_severity>
          <target_milestone>3.0 M4</target_milestone>
          
          
          <everconfirmed>1</everconfirmed>
          <reporter name="James Moody">James_Moody</reporter>
          <assigned_to name="Platform-Text-Inbox">platform-text-inbox</assigned_to>
          <cc>jared_burns</cc>
          
          <votes>0</votes>

      

      

      

          <long_desc isprivate="0">
            <commentid>28788</commentid>
            <who name="James Moody">James_Moody</who>
            <bug_when>2002-02-27 13:19:20 -0500</bug_when>
            <thetext>Linux only.

Open a text editor. Select a word (say, &quot;Foo&quot;). Press Ctrl-F for Find. The find
dialog opens up and Foo is in the &quot;Find&quot; field, but it is not selected. This is
a problem because when you begin typing (e.g. if you want to find something
other than Foo) you have to first select and delete Foo, whereas on Windows if
you just begin typing Foo is removed because it was selected to begin with.</thetext>
          </long_desc>
          <long_desc isprivate="0">
            <commentid>31146</commentid>
            <who name="Kevin Haaland">Kevin_Haaland</who>
            <bug_when>2002-03-07 23:03:16 -0500</bug_when>
            <thetext>Moving to SWT for initial investigation. Comments above appear to indicate 
differences in SWT behavior. </thetext>
          </long_desc>
          <long_desc isprivate="0">
            <commentid>32326</commentid>
            <who name="Mike Wilson">Mike_Wilson</who>
            <bug_when>2002-03-13 09:06:45 -0500</bug_when>
            <thetext>Note some differences in behavior are *expected* between platforms. GG should 
check if this is one of these, or is actually a bug.

James: Is this motif or gtk?
</thetext>
          </long_desc>
          <long_desc isprivate="0">
            <commentid>32338</commentid>
            <who name="James Moody">James_Moody</who>
            <bug_when>2002-03-13 09:44:51 -0500</bug_when>
            <thetext>Motif.</thetext>
          </long_desc>
          <long_desc isprivate="0">
            <commentid>64881</commentid>
            <who name="Grant Gayed">grant_gayed</who>
            <bug_when>2002-05-31 17:05:56 -0400</bug_when>
            <thetext>*** Bug 14986 has been marked as a duplicate of this bug. ***</thetext>
          </long_desc>
          <long_desc isprivate="0">
            <commentid>89525</commentid>
            <who name="Grant Gayed">grant_gayed</who>
            <bug_when>2002-09-04 15:14:40 -0400</bug_when>
            <thetext>The FindReplaceDialog does not do anything to explicitly select the Find 
combo&apos;s contents; this just happens on win32 as a side-effect of giving it 
focus (same goes for gtk, though even this is apparently configurable).  So the 
observed differences are a result of different platform behaviours, which we 
aren&apos;t going to mess with.

Passing to UI.  If selection of this Combo&apos;s contents is desired on all 
platforms then fFindField.setSelection(...) needs to be invoked.
</thetext>
          </long_desc>
          <long_desc isprivate="0">
            <commentid>188282</commentid>
            <who name="Dani Megert">daniel_megert</who>
            <bug_when>2003-09-23 14:10:16 -0400</bug_when>
            <thetext>Fixed in builds &gt; 20030923.</thetext>
          </long_desc>
      
      

    </bug>

</bugzilla>