<?xml version="1.0" encoding="UTF-8" standalone="yes" ?>


<bugzilla version="4.2.1"
          urlbase="https://bugs.eclipse.org/bugs/"
          
          maintainer="webmaster@eclipse.org"
>

    <bug>
          <bug_id>10048</bug_id>
          
          <creation_ts>2002-02-21 07:47:00 -0500</creation_ts>
          <short_desc>Error applying templates</short_desc>
          <delta_ts>2002-03-04 04:40:35 -0500</delta_ts>
          <reporter_accessible>1</reporter_accessible>
          <cclist_accessible>1</cclist_accessible>
          <classification_id>2</classification_id>
          <classification>Eclipse</classification>
          <product>JDT</product>
          <component>UI</component>
          <version>2.0</version>
          <rep_platform>All</rep_platform>
          <op_sys>Windows 2000</op_sys>
          <bug_status>RESOLVED</bug_status>
          <resolution>DUPLICATE</resolution>
          <dup_id>9909</dup_id>
          
          <bug_file_loc></bug_file_loc>
          <status_whiteboard></status_whiteboard>
          <keywords></keywords>
          <priority>P2</priority>
          <bug_severity>major</bug_severity>
          <target_milestone>---</target_milestone>
          
          
          <everconfirmed>1</everconfirmed>
          <reporter name="Kirill Frolov">fkirill</reporter>
          <assigned_to name="Claude Knaus">Claude_Knaus</assigned_to>
          
          
          <votes>0</votes>

      

      

      

          <long_desc isprivate="0">
            <commentid>27568</commentid>
            <who name="Kirill Frolov">fkirill</who>
            <bug_when>2002-02-21 07:47:00 -0500</bug_when>
            <thetext>Because of $type special template variable was introduced, some templates began 
working incorrectly. Replacing $type with $type_name makes all the templates 
work correctly as they are expected to.
The distributive should be changed accordingly.</thetext>
          </long_desc>
          <long_desc isprivate="0">
            <commentid>29705</commentid>
            <who name="Claude Knaus">Claude_Knaus</who>
            <bug_when>2002-03-04 04:40:35 -0500</bug_when>
            <thetext>

*** This bug has been marked as a duplicate of 9909 ***</thetext>
          </long_desc>
      
      

    </bug>

</bugzilla>