<?xml version="1.0" encoding="UTF-8" standalone="yes" ?>


<bugzilla version="4.2.1"
          urlbase="https://bugs.eclipse.org/bugs/"
          
          maintainer="webmaster@eclipse.org"
>

    <bug>
          <bug_id>10567</bug_id>
          
          <creation_ts>2002-03-01 05:19:00 -0500</creation_ts>
          <short_desc>Binary decorator not only on project</short_desc>
          <delta_ts>2002-03-03 19:03:53 -0500</delta_ts>
          <reporter_accessible>1</reporter_accessible>
          <cclist_accessible>1</cclist_accessible>
          <classification_id>2</classification_id>
          <classification>Eclipse</classification>
          <product>PDE</product>
          <component>UI</component>
          <version>2.0</version>
          <rep_platform>PC</rep_platform>
          <op_sys>Windows NT</op_sys>
          <bug_status>RESOLVED</bug_status>
          <resolution>FIXED</resolution>
          
          
          <bug_file_loc></bug_file_loc>
          <status_whiteboard></status_whiteboard>
          <keywords></keywords>
          <priority>P3</priority>
          <bug_severity>minor</bug_severity>
          <target_milestone>---</target_milestone>
          
          
          <everconfirmed>1</everconfirmed>
          <reporter name="Dani Megert">daniel_megert</reporter>
          <assigned_to name="Dejan Glozic">dejan</assigned_to>
          
          
          <votes>0</votes>

      

      

      

          <long_desc isprivate="0">
            <commentid>29398</commentid>
            <who name="Dani Megert">daniel_megert</who>
            <bug_when>2002-03-01 05:19:08 -0500</bug_when>
            <thetext>The binary decorator is not only applied to the project but also to its children
- that&apos;s ok, but then the decorator name should be changed to &quot;Elements of
binary project&quot;. From its current name I expected to get it only on the project.</thetext>
          </long_desc>
          <long_desc isprivate="0">
            <commentid>29433</commentid>
            <who name="Dejan Glozic">dejan</who>
            <bug_when>2002-03-01 09:15:45 -0500</bug_when>
            <thetext>You are right - binary project decorator was originally designed to decorate 
only project resources, but we thought it would be useful if all the resources 
were marked because it would constantly remind the user that they are not 
supposed to be modified.

We will modify the decorator label to be more consistent with this behaviour.</thetext>
          </long_desc>
          <long_desc isprivate="0">
            <commentid>29660</commentid>
            <who name="Dejan Glozic">dejan</who>
            <bug_when>2002-03-03 19:03:53 -0500</bug_when>
            <thetext>Fixed.</thetext>
          </long_desc>
      
      

    </bug>

</bugzilla>