<?xml version="1.0" encoding="UTF-8" standalone="yes" ?>


<bugzilla version="4.2.1"
          urlbase="https://bugs.eclipse.org/bugs/"
          
          maintainer="webmaster@eclipse.org"
>

    <bug>
          <bug_id>10090</bug_id>
          
          <creation_ts>2002-02-22 00:56:00 -0500</creation_ts>
          <short_desc>Cannot see Combo-box selection in DBCS locale</short_desc>
          <delta_ts>2002-11-12 10:08:08 -0500</delta_ts>
          <reporter_accessible>1</reporter_accessible>
          <cclist_accessible>1</cclist_accessible>
          <classification_id>2</classification_id>
          <classification>Eclipse</classification>
          <product>Platform</product>
          <component>SWT</component>
          <version>2.0</version>
          <rep_platform>PC</rep_platform>
          <op_sys>Linux-Motif</op_sys>
          <bug_status>RESOLVED</bug_status>
          <resolution>FIXED</resolution>
          
          
          <bug_file_loc></bug_file_loc>
          <status_whiteboard></status_whiteboard>
          <keywords></keywords>
          <priority>P2</priority>
          <bug_severity>major</bug_severity>
          <target_milestone>2.1 M3</target_milestone>
          <dependson>24563</dependson>
          
          <everconfirmed>1</everconfirmed>
          <reporter name="Masabumi Koinuma">koinuma</reporter>
          <assigned_to name="Grant Gayed">grant_gayed</assigned_to>
          
          
          <votes>0</votes>

      

      

      

          <long_desc isprivate="0">
            <commentid>27638</commentid>
            <who name="Masabumi Koinuma">koinuma</who>
            <bug_when>2002-02-22 00:56:29 -0500</bug_when>
            <thetext>If the locale is DBCS (for example LANG=ja_JP), text field of the combo box is
always empty even if user selects an item from dropped down list. Examples:
- Perspective changer combo in workbench window&apos;s toolbar
- Many combos in the first page of new CVS Repository Location wizard and new
CVS Stream wizard

Tested environment:
eclipse-SDK-20020214-linux-motif.zip
Redhat Linux 7.2</thetext>
          </long_desc>
          <long_desc isprivate="0">
            <commentid>27880</commentid>
            <who name="Mike Wilson">Mike_Wilson</who>
            <bug_when>2002-02-25 14:13:16 -0500</bug_when>
            <thetext>Could be a font problem. GG to investigate.
</thetext>
          </long_desc>
          <long_desc isprivate="0">
            <commentid>100802</commentid>
            <who name="Felipe Heidrich">eclipse.felipe</who>
            <bug_when>2002-10-25 14:22:17 -0400</bug_when>
            <thetext>Grant, I think this bug was fixed after we have added the resource fallback in 
Display.</thetext>
          </long_desc>
          <long_desc isprivate="0">
            <commentid>100809</commentid>
            <who name="Grant Gayed">grant_gayed</who>
            <bug_when>2002-10-25 14:49:10 -0400</bug_when>
            <thetext>Fixed &gt; 1025 by Felipe.
</thetext>
          </long_desc>
      
      

    </bug>

</bugzilla>