<?xml version="1.0" encoding="UTF-8" standalone="yes" ?>


<bugzilla version="4.2.1"
          urlbase="https://bugs.eclipse.org/bugs/"
          
          maintainer="webmaster@eclipse.org"
>

    <bug>
          <bug_id>10144</bug_id>
          
          <creation_ts>2002-02-24 17:58:00 -0500</creation_ts>
          <short_desc>org.eclipse.ui.views.internal.framelist.* should become API</short_desc>
          <delta_ts>2002-04-23 16:39:34 -0400</delta_ts>
          <reporter_accessible>1</reporter_accessible>
          <cclist_accessible>1</cclist_accessible>
          <classification_id>2</classification_id>
          <classification>Eclipse</classification>
          <product>Platform</product>
          <component>UI</component>
          <version>2.0</version>
          <rep_platform>PC</rep_platform>
          <op_sys>Windows 2000</op_sys>
          <bug_status>RESOLVED</bug_status>
          <resolution>FIXED</resolution>
          
          
          <bug_file_loc></bug_file_loc>
          <status_whiteboard></status_whiteboard>
          <keywords>api</keywords>
          <priority>P1</priority>
          <bug_severity>enhancement</bug_severity>
          <target_milestone>2.0 M6</target_milestone>
          
          <blocked>12750</blocked>
          <everconfirmed>1</everconfirmed>
          <reporter name="Erich Gamma">erich_gamma</reporter>
          <assigned_to name="Nick Edgar">nick_edgar</assigned_to>
          
          
          <votes>0</votes>

      

      

      

          <long_desc isprivate="0">
            <commentid>27754</commentid>
            <who name="Erich Gamma">erich_gamma</who>
            <bug_when>2002-02-24 17:58:57 -0500</bug_when>
            <thetext>The framelist classes are internal but are used by external clients and 
therefore they should be promoted to API.</thetext>
          </long_desc>
          <long_desc isprivate="0">
            <commentid>38473</commentid>
            <who name="Nick Edgar">nick_edgar</who>
            <bug_when>2002-04-04 00:15:14 -0500</bug_when>
            <thetext>Promoted to API in package org.eclipse.ui.views.framelist.
All types in org.eclipse.ui.views.internal.framelist have been deprecated and 
will be deleted for M6 (filed bug 12750 as reminder).</thetext>
          </long_desc>
          <long_desc isprivate="0">
            <commentid>38474</commentid>
            <who name="Nick Edgar">nick_edgar</who>
            <bug_when>2002-04-04 00:15:43 -0500</bug_when>
            <thetext>Closing</thetext>
          </long_desc>
          <long_desc isprivate="0">
            <commentid>39254</commentid>
            <who name="Nick Edgar">nick_edgar</who>
            <bug_when>2002-04-07 20:59:45 -0400</bug_when>
            <thetext>Reopening to reassign</thetext>
          </long_desc>
          <long_desc isprivate="0">
            <commentid>39255</commentid>
            <who name="Nick Edgar">nick_edgar</who>
            <bug_when>2002-04-07 21:00:28 -0400</bug_when>
            <thetext>Reassigning to JDT for switch to public API.
Please reassign back when I can delete the internal package.
</thetext>
          </long_desc>
          <long_desc isprivate="0">
            <commentid>42349</commentid>
            <who name="Erich Gamma">erich_gamma</who>
            <bug_when>2002-04-14 09:57:24 -0400</bug_when>
            <thetext>*** Bug 13128 has been marked as a duplicate of this bug. ***</thetext>
          </long_desc>
          <long_desc isprivate="0">
            <commentid>45645</commentid>
            <who name="Erich Gamma">erich_gamma</who>
            <bug_when>2002-04-23 11:29:29 -0400</bug_when>
            <thetext>migrated to new framelist API.
Moving back to Platform UI to delete the internal package.</thetext>
          </long_desc>
          <long_desc isprivate="0">
            <commentid>45837</commentid>
            <who name="Nick Edgar">nick_edgar</who>
            <bug_when>2002-04-23 16:39:34 -0400</bug_when>
            <thetext>Deleted org.eclipse.ui.views.internal.framelist.
</thetext>
          </long_desc>
      
      

    </bug>

</bugzilla>