<?xml version="1.0" encoding="UTF-8" standalone="yes" ?>


<bugzilla version="4.2.1"
          urlbase="https://bugs.eclipse.org/bugs/"
          
          maintainer="webmaster@eclipse.org"
>

    <bug>
          <bug_id>10137</bug_id>
          
          <creation_ts>2002-02-23 07:34:00 -0500</creation_ts>
          <short_desc>Refactoring UI ignores background color</short_desc>
          <delta_ts>2002-02-27 11:49:13 -0500</delta_ts>
          <reporter_accessible>1</reporter_accessible>
          <cclist_accessible>1</cclist_accessible>
          <classification_id>2</classification_id>
          <classification>Eclipse</classification>
          <product>JDT</product>
          <component>UI</component>
          <version>2.0</version>
          <rep_platform>PC</rep_platform>
          <op_sys>Windows 2000</op_sys>
          <bug_status>RESOLVED</bug_status>
          <resolution>DUPLICATE</resolution>
          <dup_id>9673</dup_id>
          
          <bug_file_loc></bug_file_loc>
          <status_whiteboard></status_whiteboard>
          <keywords></keywords>
          <priority>P3</priority>
          <bug_severity>major</bug_severity>
          <target_milestone>---</target_milestone>
          
          
          <everconfirmed>1</everconfirmed>
          <reporter name="David Corbin">dcorbin</reporter>
          <assigned_to name="Erich Gamma">erich_gamma</assigned_to>
          
          
          <votes>0</votes>

      

      

      

          <long_desc isprivate="0">
            <commentid>27739</commentid>
            <who name="David Corbin">dcorbin</who>
            <bug_when>2002-02-23 07:34:20 -0500</bug_when>
            <thetext>I use a black background in my Java editor.  When I refactor (class Rename), and
go to the second page (where it shows you the actual refactorings), it shows the
code on a white background.  Because other colors *are* honored, it is
impossible to understand.</thetext>
          </long_desc>
          <long_desc isprivate="0">
            <commentid>28723</commentid>
            <who name="Adam Kiezun">akiezun</who>
            <bug_when>2002-02-27 11:49:13 -0500</bug_when>
            <thetext>

*** This bug has been marked as a duplicate of 9673 ***</thetext>
          </long_desc>
      
      

    </bug>

</bugzilla>