<?xml version="1.0" encoding="UTF-8" standalone="yes" ?>


<bugzilla version="4.2.1"
          urlbase="https://bugs.eclipse.org/bugs/"
          
          maintainer="webmaster@eclipse.org"
>

    <bug>
          <bug_id>10622</bug_id>
          
          <creation_ts>2002-03-01 17:00:00 -0500</creation_ts>
          <short_desc>Missing &quot;Base&quot; operations</short_desc>
          <delta_ts>2002-05-02 17:28:35 -0400</delta_ts>
          <reporter_accessible>1</reporter_accessible>
          <cclist_accessible>1</cclist_accessible>
          <classification_id>2</classification_id>
          <classification>Eclipse</classification>
          <product>Platform</product>
          <component>Team</component>
          <version>2.0</version>
          <rep_platform>PC</rep_platform>
          <op_sys>All</op_sys>
          <bug_status>RESOLVED</bug_status>
          <resolution>FIXED</resolution>
          
          
          <bug_file_loc></bug_file_loc>
          <status_whiteboard></status_whiteboard>
          <keywords></keywords>
          <priority>P3</priority>
          <bug_severity>normal</bug_severity>
          <target_milestone>2.0 M6</target_milestone>
          
          <blocked>230</blocked>
          <everconfirmed>1</everconfirmed>
          <reporter name="Kevin McGuire">Kevin_McGuire</reporter>
          <assigned_to name="Michael Valenta">Michael_Valenta</assigned_to>
          <cc>Claude_Knaus</cc>
          
          <votes>0</votes>

      

      

      

          <long_desc isprivate="0">
            <commentid>29570</commentid>
            <who name="Kevin McGuire">Kevin_McGuire</who>
            <bug_when>2002-03-01 17:00:28 -0500</bug_when>
            <thetext>We are missing from 1.0:

- compare with base
- replace with base

We still use the term &quot;base&quot; in the resource properties so its ok to keep using 
it here.</thetext>
          </long_desc>
          <long_desc isprivate="0">
            <commentid>29808</commentid>
            <who name="James Moody">James_Moody</who>
            <bug_when>2002-03-04 10:55:02 -0500</bug_when>
            <thetext>*** Bug 10673 has been marked as a duplicate of this bug. ***</thetext>
          </long_desc>
          <long_desc isprivate="0">
            <commentid>39698</commentid>
            <who name="James Moody">James_Moody</who>
            <bug_when>2002-04-08 18:20:11 -0400</bug_when>
            <thetext>Awaiting support/word on how to do this correctly from Mike. There are issues
regarding the proper way to update, as updating to a given revision usually
results in a sticky tag where you don&apos;t want one.</thetext>
          </long_desc>
          <long_desc isprivate="0">
            <commentid>39798</commentid>
            <who name="Michael Valenta">Michael_Valenta</who>
            <bug_when>2002-04-09 08:44:18 -0400</bug_when>
            <thetext>Compare with base is easy. You can use the special cvs version tag name BASE. 
Replace with base is more complicated as the special tag BASE is treated as a 
version (i.e. cannot move forward from there). </thetext>
          </long_desc>
          <long_desc isprivate="0">
            <commentid>39924</commentid>
            <who name="James Moody">James_Moody</who>
            <bug_when>2002-04-09 11:04:52 -0400</bug_when>
            <thetext>Added Compare With Base, waiting on Replace.</thetext>
          </long_desc>
          <long_desc isprivate="0">
            <commentid>47579</commentid>
            <who name="Kevin McGuire">Kevin_McGuire</who>
            <bug_when>2002-04-29 16:50:04 -0400</bug_when>
            <thetext>Mike to do underlying and menu work</thetext>
          </long_desc>
          <long_desc isprivate="0">
            <commentid>48157</commentid>
            <who name="Michael Valenta">Michael_Valenta</who>
            <bug_when>2002-04-30 16:44:53 -0400</bug_when>
            <thetext>I&apos;ve added the underlying support ans Jean-Michel is adding the menu support.</thetext>
          </long_desc>
          <long_desc isprivate="0">
            <commentid>49326</commentid>
            <who name="Michael Valenta">Michael_Valenta</who>
            <bug_when>2002-05-02 17:28:35 -0400</bug_when>
            <thetext>Fixed</thetext>
          </long_desc>
      
      

    </bug>

</bugzilla>