<?xml version="1.0" encoding="UTF-8" standalone="yes" ?>


<bugzilla version="4.2.1"
          urlbase="https://bugs.eclipse.org/bugs/"
          
          maintainer="webmaster@eclipse.org"
>

    <bug>
          <bug_id>10523</bug_id>
          
          <creation_ts>2002-02-28 16:19:00 -0500</creation_ts>
          <short_desc>Import External Plug-ins Wizard inconsistency</short_desc>
          <delta_ts>2002-03-03 19:05:20 -0500</delta_ts>
          <reporter_accessible>1</reporter_accessible>
          <cclist_accessible>1</cclist_accessible>
          <classification_id>2</classification_id>
          <classification>Eclipse</classification>
          <product>PDE</product>
          <component>UI</component>
          <version>2.0</version>
          <rep_platform>PC</rep_platform>
          <op_sys>Windows 2000</op_sys>
          <bug_status>RESOLVED</bug_status>
          <resolution>FIXED</resolution>
          
          
          <bug_file_loc></bug_file_loc>
          <status_whiteboard></status_whiteboard>
          <keywords></keywords>
          <priority>P3</priority>
          <bug_severity>minor</bug_severity>
          <target_milestone>---</target_milestone>
          
          
          <everconfirmed>1</everconfirmed>
          <reporter name="Rodrigo Peretti">rodrigo_peretti</reporter>
          <assigned_to name="Dejan Glozic">dejan</assigned_to>
          
          
          <votes>0</votes>

      

      

      

          <long_desc isprivate="0">
            <commentid>29292</commentid>
            <who name="Rodrigo Peretti">rodrigo_peretti</who>
            <bug_when>2002-02-28 16:19:39 -0500</bug_when>
            <thetext>build 20020226

When importing a plug-in, there are 2 options that seem related:

1)Copy plug-in contents into workspace location

2)Extract source archieves and create source folders in projects

Running for the first time, option (2) is unchecked. When checking (2), (1) 
gets disabled. The problem is on the second time you run, the wizard remembers 
the options used last time (2 was checked) but number (1) is now enabled. 
If you uncheck and recheck (2), (1) gets disabled.</thetext>
          </long_desc>
          <long_desc isprivate="0">
            <commentid>29662</commentid>
            <who name="Dejan Glozic">dejan</who>
            <bug_when>2002-03-03 19:05:20 -0500</bug_when>
            <thetext>Confirmed - a one-liner - fixed.</thetext>
          </long_desc>
      
      

    </bug>

</bugzilla>