<?xml version="1.0" encoding="UTF-8" standalone="yes" ?>


<bugzilla version="4.2.1"
          urlbase="https://bugs.eclipse.org/bugs/"
          
          maintainer="webmaster@eclipse.org"
>

    <bug>
          <bug_id>10047</bug_id>
          
          <creation_ts>2002-02-21 07:32:00 -0500</creation_ts>
          <short_desc>JDTCompilerAdapter  ignores -nowarn and deprecation off.</short_desc>
          <delta_ts>2002-06-03 07:11:24 -0400</delta_ts>
          <reporter_accessible>1</reporter_accessible>
          <cclist_accessible>1</cclist_accessible>
          <classification_id>2</classification_id>
          <classification>Eclipse</classification>
          <product>JDT</product>
          <component>Core</component>
          <version>2.0</version>
          <rep_platform>PC</rep_platform>
          <op_sys>Windows 2000</op_sys>
          <bug_status>VERIFIED</bug_status>
          <resolution>WORKSFORME</resolution>
          
          
          <bug_file_loc></bug_file_loc>
          <status_whiteboard></status_whiteboard>
          <keywords></keywords>
          <priority>P3</priority>
          <bug_severity>normal</bug_severity>
          <target_milestone>2.0 F2</target_milestone>
          
          
          <everconfirmed>1</everconfirmed>
          <reporter name="John Landers">jcl</reporter>
          <assigned_to name="Jerome Lanneluc">jerome_lanneluc</assigned_to>
          <cc>rodrigo_peretti</cc>
          
          <votes>0</votes>

      

      

      

          <long_desc isprivate="0">
            <commentid>27567</commentid>
            <who name="John Landers">jcl</who>
            <bug_when>2002-02-21 07:32:48 -0500</bug_when>
            <thetext>In the source file JDTCompilerAdapter after checking all the options
from ant it then specifically adds in all the warn options.
&quot;-warn:contructorName,packageDefaultMethod,maskedCatchBlocks,deprecation&quot;.

If a nowarn option is passed in from ant javac element these should
not be turned on.
-nowarn in the Eclipse compiler states it is equivalent to -warn:non.

This would make it possible to build with ant without warnings. 
I know about deprecation already in our source code.

thanks,

jcl.</thetext>
          </long_desc>
          <long_desc isprivate="0">
            <commentid>27675</commentid>
            <who name="DJ Houghton">dj_houghton</who>
            <bug_when>2002-02-22 12:17:57 -0500</bug_when>
            <thetext>Moving to Platform/Ant for investigation.</thetext>
          </long_desc>
          <long_desc isprivate="0">
            <commentid>27681</commentid>
            <who name="DJ Houghton">dj_houghton</who>
            <bug_when>2002-02-22 12:26:10 -0500</bug_when>
            <thetext>*** Bug 10024 has been marked as a duplicate of this bug. ***</thetext>
          </long_desc>
          <long_desc isprivate="0">
            <commentid>55195</commentid>
            <who name="Rodrigo Peretti">rodrigo_peretti</who>
            <bug_when>2002-05-17 11:21:13 -0400</bug_when>
            <thetext>PDE Build does not provide a compiler adapter anymore. The compiler adapter 
provided by JDT Core (org.eclipse.jdt.core.JDTCompilerAdapter) fixes these 
problems. Moving to JDT Core for closure.
</thetext>
          </long_desc>
          <long_desc isprivate="0">
            <commentid>56570</commentid>
            <who name="Philippe Mulet">philippe_mulet</who>
            <bug_when>2002-05-21 11:14:07 -0400</bug_when>
            <thetext>Closing</thetext>
          </long_desc>
          <long_desc isprivate="0">
            <commentid>65856</commentid>
            <who name="Jerome Lanneluc">jerome_lanneluc</who>
            <bug_when>2002-06-03 07:11:13 -0400</bug_when>
            <thetext>Verified</thetext>
          </long_desc>
      
      

    </bug>

</bugzilla>