<?xml version="1.0" encoding="UTF-8" standalone="yes" ?>


<bugzilla version="4.2.1"
          urlbase="https://bugs.eclipse.org/bugs/"
          
          maintainer="webmaster@eclipse.org"
>

    <bug>
          <bug_id>10062</bug_id>
          
          <creation_ts>2002-02-21 11:03:00 -0500</creation_ts>
          <short_desc>Debug UI:  Breakpoints&apos; view is populated with multiples of exact similar breakpoints - remote</short_desc>
          <delta_ts>2002-02-27 23:16:50 -0500</delta_ts>
          <reporter_accessible>1</reporter_accessible>
          <cclist_accessible>1</cclist_accessible>
          <classification_id>4</classification_id>
          <classification>Tools</classification>
          <product>CDT</product>
          <component>cdt-debug</component>
          <version>1.0</version>
          <rep_platform>PC</rep_platform>
          <op_sys>Linux-Motif</op_sys>
          <bug_status>RESOLVED</bug_status>
          <resolution>INVALID</resolution>
          
          
          <bug_file_loc></bug_file_loc>
          <status_whiteboard></status_whiteboard>
          <keywords></keywords>
          <priority>P3</priority>
          <bug_severity>normal</bug_severity>
          <target_milestone>---</target_milestone>
          
          
          <everconfirmed>1</everconfirmed>
          <reporter name="Yasser Elmankabady">eyasser</reporter>
          <assigned_to name="Samantha Chan">chanskw</assigned_to>
          
          
          <votes>0</votes>

      

      

      

          <long_desc isprivate="0">
            <commentid>27587</commentid>
            <who name="Yasser Elmankabady">eyasser</who>
            <bug_when>2002-02-21 11:03:47 -0500</bug_when>
            <thetext>Breakpoints&apos; view is populated with multiples of exact similar breakpoints. In 
order to reproduce that, simply remotely add a breakpoint twice to the same 
line and you will notice that the Breakpoints view has been populated twice.</thetext>
          </long_desc>
          <long_desc isprivate="0">
            <commentid>27617</commentid>
            <who name="Samantha Chan">chanskw</who>
            <bug_when>2002-02-21 15:11:38 -0500</bug_when>
            <thetext>I think this is related to the other breakpoint problem you entered about not 
being able to remove the breakpoint.
Will transfer bug to Debug UI</thetext>
          </long_desc>
          <long_desc isprivate="0">
            <commentid>28992</commentid>
            <who name="Samantha Chan">chanskw</who>
            <bug_when>2002-02-27 23:16:50 -0500</bug_when>
            <thetext>This is a problem with UI not being able to correctly set breakpoints for 
engine provided source view.</thetext>
          </long_desc>
      
      

    </bug>

</bugzilla>