<?xml version="1.0" encoding="UTF-8" standalone="yes" ?>


<bugzilla version="4.2.1"
          urlbase="https://bugs.eclipse.org/bugs/"
          
          maintainer="webmaster@eclipse.org"
>

    <bug>
          <bug_id>10354</bug_id>
          
          <creation_ts>2002-02-26 23:42:00 -0500</creation_ts>
          <short_desc>Break on C++ throw/catch.</short_desc>
          <delta_ts>2003-06-25 06:57:28 -0400</delta_ts>
          <reporter_accessible>1</reporter_accessible>
          <cclist_accessible>1</cclist_accessible>
          <classification_id>4</classification_id>
          <classification>Tools</classification>
          <product>CDT</product>
          <component>cdt-debug</component>
          <version>2.0</version>
          <rep_platform>All</rep_platform>
          <op_sys>All</op_sys>
          <bug_status>RESOLVED</bug_status>
          <resolution>WONTFIX</resolution>
          
          
          <bug_file_loc></bug_file_loc>
          <status_whiteboard></status_whiteboard>
          <keywords></keywords>
          <priority>P4</priority>
          <bug_severity>enhancement</bug_severity>
          <target_milestone>Future</target_milestone>
          
          
          <everconfirmed>1</everconfirmed>
          <reporter name="Brian Thomson">thomson</reporter>
          <assigned_to name="Samantha Chan">chanskw</assigned_to>
          
          
          <votes>0</votes>

      

      

      

          <long_desc isprivate="0">
            <commentid>28419</commentid>
            <who name="Brian Thomson">thomson</who>
            <bug_when>2002-02-26 23:42:49 -0500</bug_when>
            <thetext>Break on C++ throw/catch.  GdbPicl needs implementations to stop the program at
any C++ exception thrown by the application.</thetext>
          </long_desc>
          <long_desc isprivate="0">
            <commentid>39045</commentid>
            <who name="Samantha Chan">chanskw</who>
            <bug_when>2002-04-05 13:27:30 -0500</bug_when>
            <thetext>This feature is deferred until gdb has support of it.</thetext>
          </long_desc>
          <long_desc isprivate="0">
            <commentid>169039</commentid>
            <who name="Sebastien Marineau">sebastien</who>
            <bug_when>2003-06-25 06:57:28 -0400</bug_when>
            <thetext>This applies to old CDT, closing as part of cleanup.</thetext>
          </long_desc>
      
      

    </bug>

</bugzilla>