<?xml version="1.0" encoding="UTF-8" standalone="yes" ?>


<bugzilla version="4.2.1"
          urlbase="https://bugs.eclipse.org/bugs/"
          
          maintainer="webmaster@eclipse.org"
>

    <bug>
          <bug_id>10514</bug_id>
          
          <creation_ts>2002-02-28 14:33:00 -0500</creation_ts>
          <short_desc>Closing 1 Perspecive closes them all, until opening any back up</short_desc>
          <delta_ts>2002-03-07 11:14:07 -0500</delta_ts>
          <reporter_accessible>1</reporter_accessible>
          <cclist_accessible>1</cclist_accessible>
          <classification_id>2</classification_id>
          <classification>Eclipse</classification>
          <product>Platform</product>
          <component>UI</component>
          <version>2.0</version>
          <rep_platform>Sun</rep_platform>
          <op_sys>Solaris</op_sys>
          <bug_status>RESOLVED</bug_status>
          <resolution>FIXED</resolution>
          
          
          <bug_file_loc></bug_file_loc>
          <status_whiteboard></status_whiteboard>
          <keywords></keywords>
          <priority>P2</priority>
          <bug_severity>major</bug_severity>
          <target_milestone>---</target_milestone>
          
          
          <everconfirmed>1</everconfirmed>
          <reporter name="Justin Noel">justin</reporter>
          <assigned_to name="Simon Arsenault">simon_arsenault</assigned_to>
          
          
          <votes>0</votes>

      

      

      

          <long_desc isprivate="0">
            <commentid>29260</commentid>
            <who name="Justin Noel">justin</who>
            <bug_when>2002-02-28 14:33:40 -0500</bug_when>
            <thetext>Eclipse Drop: December 19th Stable
OS: Solaris 2.7 w/ Sun Recommended Patches
HW: Sun Ultra 60
JRE: Sun 1.3.1
Motif: 2.1
CDE: 1.3

To Reproduce:

Open a few Persepctives (Java, Resources, Debug, etc)
Perspective -&gt; Close
Notice that the current Perspective is closed and none replaces it.
Notice that there are no Perspectives listed in the toolbar pulldown
Perspective -&gt; Open -&gt; Java(or any other)
Watch them ALL come back to life including the one you closed.

Consistant annoying behavior under Linux-Motif, Solaris 8 and Windows 2K</thetext>
          </long_desc>
          <long_desc isprivate="0">
            <commentid>30929</commentid>
            <who name="Simon Arsenault">simon_arsenault</who>
            <bug_when>2002-03-07 11:14:07 -0500</bug_when>
            <thetext>It was still calling the old page close actions. Code update to call new 
perspective close actions. In build &gt; 2002-03-06</thetext>
          </long_desc>
      
      

    </bug>

</bugzilla>