<?xml version="1.0" encoding="UTF-8" standalone="yes" ?>


<bugzilla version="4.2.1"
          urlbase="https://bugs.eclipse.org/bugs/"
          
          maintainer="webmaster@eclipse.org"
>

    <bug>
          <bug_id>10400</bug_id>
          
          <creation_ts>2002-02-27 12:06:00 -0500</creation_ts>
          <short_desc>JUnit plugin source archive not consistent with other plugins</short_desc>
          <delta_ts>2002-02-27 18:39:53 -0500</delta_ts>
          <reporter_accessible>1</reporter_accessible>
          <cclist_accessible>1</cclist_accessible>
          <classification_id>2</classification_id>
          <classification>Eclipse</classification>
          <product>JDT</product>
          <component>UI</component>
          <version>2.0</version>
          <rep_platform>PC</rep_platform>
          <op_sys>Windows 2000</op_sys>
          <bug_status>RESOLVED</bug_status>
          <resolution>FIXED</resolution>
          
          
          <bug_file_loc></bug_file_loc>
          <status_whiteboard></status_whiteboard>
          <keywords></keywords>
          <priority>P3</priority>
          <bug_severity>normal</bug_severity>
          <target_milestone>---</target_milestone>
          
          
          <everconfirmed>1</everconfirmed>
          <reporter name="Jeff Brown">jeff_brown</reporter>
          <assigned_to name="Erich Gamma">erich_gamma</assigned_to>
          
          
          <votes>0</votes>

      

      

      

          <long_desc isprivate="0">
            <commentid>28741</commentid>
            <who name="Jeff Brown">jeff_brown</who>
            <bug_when>2002-02-27 12:06:01 -0500</bug_when>
            <thetext>The source archive in the JUnit plugin is called: &quot;src.jar&quot;
whereas the pattern used by most (all?) other plugins would
suggest it should be: &quot;junitsrc.zip&quot;.

This seems to cause problems for the PDE plugin import utility
as it refuses to import the source code as it does for other
plugins.</thetext>
          </long_desc>
          <long_desc isprivate="0">
            <commentid>28747</commentid>
            <who name="Darin Wright">darin.eclipse</who>
            <bug_when>2002-02-27 12:12:10 -0500</bug_when>
            <thetext>Debug does not own the junit plug-in. Moving to JUI.</thetext>
          </long_desc>
          <long_desc isprivate="0">
            <commentid>28954</commentid>
            <who name="Erich Gamma">erich_gamma</who>
            <bug_when>2002-02-27 18:39:53 -0500</bug_when>
            <thetext>rename src.jar to junitsrc.zip to be consistent with the other plugins</thetext>
          </long_desc>
      
      

    </bug>

</bugzilla>