<?xml version="1.0" encoding="UTF-8" standalone="yes" ?>


<bugzilla version="4.2.1"
          urlbase="https://bugs.eclipse.org/bugs/"
          
          maintainer="webmaster@eclipse.org"
>

    <bug>
          <bug_id>10307</bug_id>
          
          <creation_ts>2002-02-26 15:48:00 -0500</creation_ts>
          <short_desc>Code assist failed to search whole class path</short_desc>
          <delta_ts>2002-03-28 05:37:40 -0500</delta_ts>
          <reporter_accessible>1</reporter_accessible>
          <cclist_accessible>1</cclist_accessible>
          <classification_id>2</classification_id>
          <classification>Eclipse</classification>
          <product>JDT</product>
          <component>Core</component>
          <version>2.0</version>
          <rep_platform>PC</rep_platform>
          <op_sys>Windows NT</op_sys>
          <bug_status>RESOLVED</bug_status>
          <resolution>DUPLICATE</resolution>
          <dup_id>10833</dup_id>
          
          <bug_file_loc></bug_file_loc>
          <status_whiteboard></status_whiteboard>
          <keywords></keywords>
          <priority>P3</priority>
          <bug_severity>normal</bug_severity>
          <target_milestone>2.0 M5</target_milestone>
          
          
          <everconfirmed>1</everconfirmed>
          <reporter name="Peter Burka">peter_burka</reporter>
          <assigned_to name="David Audel">david_audel</assigned_to>
          
          
          <votes>0</votes>

      

      

      

          <long_desc isprivate="0">
            <commentid>28349</commentid>
            <who name="Peter Burka">peter_burka</who>
            <bug_when>2002-02-26 15:48:46 -0500</bug_when>
            <thetext>Somehow I managed to get Code Assist into a state where it could no longer find 
all valid suggestions for a class name.

Code Assist would suggest some completions, but missed some which were defined 
in another project on my class path.

If I manually added the import statement the code would compile correctly.

Hover helo also provided correct JavaDoc for the type (ILauncher) which Code 
Assist could not identify.

Eventually I tried a Rebuild All and that seems to have fixed the problem.

(20020215 stable build)</thetext>
          </long_desc>
          <long_desc isprivate="0">
            <commentid>28460</commentid>
            <who name="Philippe Mulet">philippe_mulet</who>
            <bug_when>2002-02-27 05:28:08 -0500</bug_when>
            <thetext>There should not be any incidence of a build onto codeassist.
Could you provide steps to reproduce ?</thetext>
          </long_desc>
          <long_desc isprivate="0">
            <commentid>28686</commentid>
            <who name="Peter Burka">peter_burka</who>
            <bug_when>2002-02-27 11:14:50 -0500</bug_when>
            <thetext>I tried to reproduce in a clean workspace but was unable to.  And it&apos;s fixed in 
my current workspace (after the rebuild).  Sorry :(</thetext>
          </long_desc>
          <long_desc isprivate="0">
            <commentid>37026</commentid>
            <who name="Philippe Mulet">philippe_mulet</who>
            <bug_when>2002-03-28 05:37:40 -0500</bug_when>
            <thetext>I think this was due to another bug we had in our indexing infrastructure, used 
to power the completion on types which need qualification.

The fact that you were able to find unqualified type completions shows that the 
regular completion engine worked, just the search portion did fail due to index 
inconsistencies.

Closing as duplicate of bug 10833

*** This bug has been marked as a duplicate of 10833 ***</thetext>
          </long_desc>
      
      

    </bug>

</bugzilla>