<?xml version="1.0" encoding="UTF-8" standalone="yes" ?>


<bugzilla version="4.2.1"
          urlbase="https://bugs.eclipse.org/bugs/"
          
          maintainer="webmaster@eclipse.org"
>

    <bug>
          <bug_id>10413</bug_id>
          
          <creation_ts>2002-02-27 13:30:00 -0500</creation_ts>
          <short_desc>Source for scrapbooks</short_desc>
          <delta_ts>2002-02-27 13:48:54 -0500</delta_ts>
          <reporter_accessible>1</reporter_accessible>
          <cclist_accessible>1</cclist_accessible>
          <classification_id>2</classification_id>
          <classification>Eclipse</classification>
          <product>JDT</product>
          <component>Debug</component>
          <version>2.0</version>
          <rep_platform>PC</rep_platform>
          <op_sys>Windows 2000</op_sys>
          <bug_status>RESOLVED</bug_status>
          <resolution>DUPLICATE</resolution>
          <dup_id>4033</dup_id>
          
          <bug_file_loc></bug_file_loc>
          <status_whiteboard></status_whiteboard>
          <keywords></keywords>
          <priority>P3</priority>
          <bug_severity>normal</bug_severity>
          <target_milestone>---</target_milestone>
          
          
          <everconfirmed>1</everconfirmed>
          <reporter name="Jed Anderson">jed.anderson</reporter>
          <assigned_to name="Darin Wright">darin.eclipse</assigned_to>
          
          
          <votes>0</votes>

      

      

      

          <long_desc isprivate="0">
            <commentid>28794</commentid>
            <who name="Jed Anderson">jed.anderson</who>
            <bug_when>2002-02-27 13:30:06 -0500</bug_when>
            <thetext>People may want to step through their scrapbook pages, so we should show the
scrapbook source.

Even though we don&apos;t allow users to add breakpoints to scrapbooks, this is
already and issue because a user can simply add a breakpoint in a method that is
called in the scrapbook and step out to the scrapbook.</thetext>
          </long_desc>
          <long_desc isprivate="0">
            <commentid>28804</commentid>
            <who name="Darin Wright">darin.eclipse</who>
            <bug_when>2002-02-27 13:48:54 -0500</bug_when>
            <thetext>

*** This bug has been marked as a duplicate of 4033 ***</thetext>
          </long_desc>
      
      

    </bug>

</bugzilla>