<?xml version="1.0" encoding="UTF-8" standalone="yes" ?>


<bugzilla version="4.2.1"
          urlbase="https://bugs.eclipse.org/bugs/"
          
          maintainer="webmaster@eclipse.org"
>

    <bug>
          <bug_id>10553</bug_id>
          
          <creation_ts>2002-02-28 18:59:00 -0500</creation_ts>
          <short_desc>Workbench-&gt;Preferences-&gt;Java-&gt;Editor-&gt;Colors bugs</short_desc>
          <delta_ts>2002-03-20 10:41:06 -0500</delta_ts>
          <reporter_accessible>1</reporter_accessible>
          <cclist_accessible>1</cclist_accessible>
          <classification_id>2</classification_id>
          <classification>Eclipse</classification>
          <product>JDT</product>
          <component>UI</component>
          <version>2.0</version>
          <rep_platform>PC</rep_platform>
          <op_sys>Windows 2000</op_sys>
          <bug_status>RESOLVED</bug_status>
          <resolution>FIXED</resolution>
          
          
          <bug_file_loc></bug_file_loc>
          <status_whiteboard></status_whiteboard>
          <keywords></keywords>
          <priority>P2</priority>
          <bug_severity>normal</bug_severity>
          <target_milestone>2.0 M4</target_milestone>
          
          
          <everconfirmed>1</everconfirmed>
          <reporter name="Tony DeFusco">tdefusco</reporter>
          <assigned_to name="Claude Knaus">Claude_Knaus</assigned_to>
          
          
          <votes>0</votes>

      

      

      

          <long_desc isprivate="0">
            <commentid>29368</commentid>
            <who name="Tony DeFusco">tdefusco</who>
            <bug_when>2002-02-28 18:59:30 -0500</bug_when>
            <thetext>*Syntax Highlighting Issues*

Eclipse Build # 20020228 running on Windows 2000 v5.00.2195 Service Pack 2

Workbench-&gt;Preferences-&gt;Java-&gt;Editor-&gt;Colors tabbed dialog

On the initial change of the Strings foreground color, the example 
string &quot;zero&quot; in the Preview pane does NOT update its color (even if Apply 
button is clicked).  The color DOES get updated upon re-entry to this dialog.

The String foreground color does NOT get applied to the quoted strings in the 
Java text editor.

On re-entry, the custom background color selected does NOT get applied to the 
Preview pane (even if Apply button is clicked).  Re-selecting the Custom radio 
button DOES cause the custom background color to be applied to the Preview pane.</thetext>
          </long_desc>
          <long_desc isprivate="0">
            <commentid>29410</commentid>
            <who name="DJ Houghton">dj_houghton</who>
            <bug_when>2002-03-01 06:52:06 -0500</bug_when>
            <thetext>Moving to JDT/UI for comment.</thetext>
          </long_desc>
          <long_desc isprivate="0">
            <commentid>29839</commentid>
            <who name="Kai-Uwe Maetzel">kai-uwe_maetzel</who>
            <bug_when>2002-03-04 11:35:44 -0500</bug_when>
            <thetext>Build 20020205.</thetext>
          </long_desc>
          <long_desc isprivate="0">
            <commentid>32919</commentid>
            <who name="Tony DeFusco">tdefusco</who>
            <bug_when>2002-03-14 16:30:19 -0500</bug_when>
            <thetext>Not all of the issues have been resolved.

Eclipse Build # 20020314 running on Windows 2000 v5.00.2195 Service Pack 2

Workbench-&gt;Preferences-&gt;Java-&gt;Editor-&gt;Colors tabbed dialog

Upon entry to this dialog when the Custom radio button is already selected, the 
background color of the preview pane is the default system color of white, and 
not the selected custom background color as it should be.</thetext>
          </long_desc>
          <long_desc isprivate="0">
            <commentid>33716</commentid>
            <who name="Claude Knaus">Claude_Knaus</who>
            <bug_when>2002-03-19 04:19:32 -0500</bug_when>
            <thetext>fixed. Will probably be in first build after the M4 (20020319) build. </thetext>
          </long_desc>
          <long_desc isprivate="0">
            <commentid>34349</commentid>
            <who name="Martin Aeschlimann">martin_aeschlimann</who>
            <bug_when>2002-03-20 09:28:30 -0500</bug_when>
            <thetext>Verified. &gt;20020319. JRT.</thetext>
          </long_desc>
          <long_desc isprivate="0">
            <commentid>34408</commentid>
            <who name="Martin Aeschlimann">martin_aeschlimann</who>
            <bug_when>2002-03-20 10:20:56 -0500</bug_when>
            <thetext>Oops. When the back ground is changed, after exiting and then reentering the 
Workbench-&gt;Preferences-&gt;Java-&gt;Editor-&gt;Colors tab the preview contains the old 
background colour. Reopening. &gt;20020319. JRT.</thetext>
          </long_desc>
          <long_desc isprivate="0">
            <commentid>34419</commentid>
            <who name="Claude Knaus">Claude_Knaus</who>
            <bug_when>2002-03-20 10:41:06 -0500</bug_when>
            <thetext>it&apos;s in the workspace...</thetext>
          </long_desc>
      
      

    </bug>

</bugzilla>