<?xml version="1.0" encoding="UTF-8" standalone="yes" ?>


<bugzilla version="4.2.1"
          urlbase="https://bugs.eclipse.org/bugs/"
          
          maintainer="webmaster@eclipse.org"
>

    <bug>
          <bug_id>10558</bug_id>
          
          <creation_ts>2002-02-28 21:05:00 -0500</creation_ts>
          <short_desc>Organize Imports Should persist its knowledge</short_desc>
          <delta_ts>2002-07-23 08:59:25 -0400</delta_ts>
          <reporter_accessible>1</reporter_accessible>
          <cclist_accessible>1</cclist_accessible>
          <classification_id>2</classification_id>
          <classification>Eclipse</classification>
          <product>JDT</product>
          <component>UI</component>
          <version>2.0</version>
          <rep_platform>PC</rep_platform>
          <op_sys>Windows 2000</op_sys>
          <bug_status>RESOLVED</bug_status>
          <resolution>WORKSFORME</resolution>
          
          
          <bug_file_loc></bug_file_loc>
          <status_whiteboard></status_whiteboard>
          <keywords></keywords>
          <priority>P3</priority>
          <bug_severity>normal</bug_severity>
          <target_milestone>---</target_milestone>
          
          
          <everconfirmed>1</everconfirmed>
          <reporter name="David Corbin">dcorbin</reporter>
          <assigned_to name="Erich Gamma">erich_gamma</assigned_to>
          
          
          <votes>0</votes>

      

      

      

          <long_desc isprivate="0">
            <commentid>29378</commentid>
            <who name="David Corbin">dcorbin</who>
            <bug_when>2002-02-28 21:05:42 -0500</bug_when>
            <thetext>public class Foo
{
  public static class List
  {
  }
  public List list;

}

I haven&apos;t done this EXACT code, but it should show the problem.  Organize
Imports once, and it will ask you to choose which List.  If you pick Foo.List,
no import is added (this is correct).  If you do it again, it asks you again. 
Even if it means putting in a &quot;proprietary format comment&quot; or something, it
shouldn&apos;t ask over and over and over again</thetext>
          </long_desc>
          <long_desc isprivate="0">
            <commentid>29653</commentid>
            <who name="Erich Gamma">erich_gamma</who>
            <bug_when>2002-03-03 18:42:29 -0500</bug_when>
            <thetext>agreed, but can&apos;t be committed for 2.0</thetext>
          </long_desc>
          <long_desc isprivate="0">
            <commentid>81229</commentid>
            <who name="Dirk Baeumer">dirk_baeumer</who>
            <bug_when>2002-07-23 08:59:10 -0400</bug_when>
            <thetext>Reopening</thetext>
          </long_desc>
          <long_desc isprivate="0">
            <commentid>81230</commentid>
            <who name="Dirk Baeumer">dirk_baeumer</who>
            <bug_when>2002-07-23 08:59:25 -0400</bug_when>
            <thetext>Got fixed for 2.0</thetext>
          </long_desc>
      
      

    </bug>

</bugzilla>