<?xml version="1.0" encoding="UTF-8" standalone="yes" ?>


<bugzilla version="4.2.1"
          urlbase="https://bugs.eclipse.org/bugs/"
          
          maintainer="webmaster@eclipse.org"
>

    <bug>
          <bug_id>10361</bug_id>
          
          <creation_ts>2002-02-26 23:49:00 -0500</creation_ts>
          <short_desc>Process view and actio</short_desc>
          <delta_ts>2003-06-25 06:56:37 -0400</delta_ts>
          <reporter_accessible>1</reporter_accessible>
          <cclist_accessible>1</cclist_accessible>
          <classification_id>4</classification_id>
          <classification>Tools</classification>
          <product>CDT</product>
          <component>cdt-debug</component>
          <version>2.0</version>
          <rep_platform>All</rep_platform>
          <op_sys>All</op_sys>
          <bug_status>RESOLVED</bug_status>
          <resolution>WONTFIX</resolution>
          
          
          <bug_file_loc></bug_file_loc>
          <status_whiteboard></status_whiteboard>
          <keywords></keywords>
          <priority>P3</priority>
          <bug_severity>enhancement</bug_severity>
          <target_milestone>2.0 - Release</target_milestone>
          
          
          <everconfirmed>1</everconfirmed>
          <reporter name="Brian Thomson">thomson</reporter>
          <assigned_to name="Robert Weisz">weisz</assigned_to>
          <cc>dmcknigh</cc>
          
          <votes>0</votes>

      

      

      

          <long_desc isprivate="0">
            <commentid>28426</commentid>
            <who name="Brian Thomson">thomson</who>
            <bug_when>2002-02-26 23:49:42 -0500</bug_when>
            <thetext>Process view and actions.  Provide a view that displays a list of running
processes from the system.  This is especially useful when a user needs to
attach a running process to a debug session.</thetext>
          </long_desc>
          <long_desc isprivate="0">
            <commentid>48003</commentid>
            <who name="Robert Weisz">weisz</who>
            <bug_when>2002-04-30 13:54:05 -0400</bug_when>
            <thetext>Dave got the View working. The launch configurations for Attach are making use
of its functionality to give the user a dialog for checking which processes are 
running and for allowing to select one of them.  Also that info is used to check 
the validity of the PID if entered manually.

What still needs investigation is how to add the actions to the Processes View, 
and especially how those actions can trigger a launch.</thetext>
          </long_desc>
          <long_desc isprivate="0">
            <commentid>49723</commentid>
            <who name="Robert Weisz">weisz</who>
            <bug_when>2002-05-03 14:05:29 -0400</bug_when>
            <thetext>Triggering the launch from the action depends on this:
http://bugs.eclipse.org/bugs/show_bug.cgi?id=13766
which is targetted for R2-M6 which should be ok for us.</thetext>
          </long_desc>
          <long_desc isprivate="0">
            <commentid>169036</commentid>
            <who name="Sebastien Marineau">sebastien</who>
            <bug_when>2003-06-25 06:56:37 -0400</bug_when>
            <thetext>This applies to old CDT, closing as part of cleanup.</thetext>
          </long_desc>
      
      

    </bug>

</bugzilla>