<?xml version="1.0" encoding="UTF-8" standalone="yes" ?>


<bugzilla version="4.2.1"
          urlbase="https://bugs.eclipse.org/bugs/"
          
          maintainer="webmaster@eclipse.org"
>

    <bug>
          <bug_id>10433</bug_id>
          
          <creation_ts>2002-02-27 16:07:00 -0500</creation_ts>
          <short_desc>DataStore XML communication layer needs to be unicode</short_desc>
          <delta_ts>2002-03-06 17:25:42 -0500</delta_ts>
          <reporter_accessible>1</reporter_accessible>
          <cclist_accessible>1</cclist_accessible>
          <classification_id>4</classification_id>
          <classification>Tools</classification>
          <product>CDT</product>
          <component>cdt-core</component>
          <version>2.0</version>
          <rep_platform>PC</rep_platform>
          <op_sys>All</op_sys>
          <bug_status>RESOLVED</bug_status>
          <resolution>FIXED</resolution>
          
          
          <bug_file_loc></bug_file_loc>
          <status_whiteboard></status_whiteboard>
          <keywords></keywords>
          <priority>P2</priority>
          <bug_severity>normal</bug_severity>
          <target_milestone>---</target_milestone>
          
          
          <everconfirmed>1</everconfirmed>
          <reporter name="David McKnight">dmcknigh</reporter>
          <assigned_to name="David McKnight">dmcknigh</assigned_to>
          
          
          <votes>0</votes>

      

      

      

          <long_desc isprivate="0">
            <commentid>28874</commentid>
            <who name="David McKnight">dmcknigh</who>
            <bug_when>2002-02-27 16:07:50 -0500</bug_when>
            <thetext>There are currently two forms of communication in the DataStore COM layer:

1) DataElement transfer
2) File Transfer

File Transfer sometimes has to transmit binary files, so, in those cases, we 
need to be able to do a straight transfer of bytes.

DataElement transfer involves a conversion from DataElements to XML.  The 
DataElements are composed of Strings in java, which are unicode, so the XML 
representation of those strings are also unicode.  That means that implies that 
the encoding for the communication stream should also be in unicode.  Right now 
we use PrintStream to transfer buffers, but PrintStream uses the platform&apos;s 
default character encoding, rather than unicode.  PrintStream is used because, 
when we send files (binary files), we need to transfer bytes rather than 
strings.  For DataElements, this doesn&apos;t make sense - we should just use 
OutputStreamWriter with the UTF-8 encoding.  A similar thing needs to be done on 
the receiver side: use InputStreamReader for reading XML, and use 
BufferedInputStream for reading bytes for files.</thetext>
          </long_desc>
          <long_desc isprivate="0">
            <commentid>30718</commentid>
            <who name="David McKnight">dmcknigh</who>
            <bug_when>2002-03-06 17:25:42 -0500</bug_when>
            <thetext>I&apos;ve changed the communication layer to support UTF-8 for data transfer.  The 
file transfer part still uses bytes.</thetext>
          </long_desc>
      
      

    </bug>

</bugzilla>