<?xml version="1.0" encoding="UTF-8" standalone="yes" ?>


<bugzilla version="4.2.1"
          urlbase="https://bugs.eclipse.org/bugs/"
          
          maintainer="webmaster@eclipse.org"
>

    <bug>
          <bug_id>10121</bug_id>
          
          <creation_ts>2002-02-22 15:36:00 -0500</creation_ts>
          <short_desc>NL: Rollup 2 WSWD Simplified Chinese problems</short_desc>
          <delta_ts>2002-11-19 07:42:20 -0500</delta_ts>
          <reporter_accessible>1</reporter_accessible>
          <cclist_accessible>1</cclist_accessible>
          <classification_id>2</classification_id>
          <classification>Eclipse</classification>
          <product>Platform</product>
          <component>Releng</component>
          <version>2.0</version>
          <rep_platform>PC</rep_platform>
          <op_sys>Windows 2000</op_sys>
          <bug_status>RESOLVED</bug_status>
          <resolution>FIXED</resolution>
          
          
          <bug_file_loc></bug_file_loc>
          <status_whiteboard></status_whiteboard>
          <keywords></keywords>
          <priority>P3</priority>
          <bug_severity>normal</bug_severity>
          <target_milestone>---</target_milestone>
          
          
          <everconfirmed>1</everconfirmed>
          <reporter name="Tod Creasey">Tod_Creasey</reporter>
          <assigned_to name="Cam-Thu Le">camle</assigned_to>
          <cc>Kevin_Haaland</cc>
          
          <votes>0</votes>

      

      

      

          <long_desc isprivate="0">
            <commentid>27709</commentid>
            <who name="Tod Creasey">Tod_Creasey</who>
            <bug_when>2002-02-22 15:36:52 -0500</bug_when>
            <thetext>In Simplified Chinese Space is translated in jface as 
AcceleratorKeys.Space=\u7A7A\u683C\u952E but the accelerator for Code Assist is 
listed as 

ContentAssistProposal.label=\u5185\u5BB9\u8F85\u52A9(&amp;N)@Ctrl+Space

This currently does not work anyways due to collision with the input mode 
functionality but the labels should be consistent.</thetext>
          </long_desc>
          <long_desc isprivate="0">
            <commentid>82988</commentid>
            <who name="Tod Creasey">Tod_Creasey</who>
            <bug_when>2002-07-29 14:50:06 -0400</bug_when>
            <thetext>Confirmed fixed in R2.0 (uses Alt+/)</thetext>
          </long_desc>
          <long_desc isprivate="0">
            <commentid>106418</commentid>
            <who name="Tod Creasey">Tod_Creasey</who>
            <bug_when>2002-11-19 07:42:20 -0500</bug_when>
            <thetext>Marking as fixed.</thetext>
          </long_desc>
      
      

    </bug>

</bugzilla>