<?xml version="1.0" encoding="UTF-8" standalone="yes" ?>


<bugzilla version="4.2.1"
          urlbase="https://bugs.eclipse.org/bugs/"
          
          maintainer="webmaster@eclipse.org"
>

    <bug>
          <bug_id>10458</bug_id>
          
          <creation_ts>2002-02-27 22:43:00 -0500</creation_ts>
          <short_desc>Support DND to set focus in Hierarchy View</short_desc>
          <delta_ts>2002-03-29 08:05:03 -0500</delta_ts>
          <reporter_accessible>1</reporter_accessible>
          <cclist_accessible>1</cclist_accessible>
          <classification_id>2</classification_id>
          <classification>Eclipse</classification>
          <product>JDT</product>
          <component>UI</component>
          <version>2.0</version>
          <rep_platform>All</rep_platform>
          <op_sys>All</op_sys>
          <bug_status>RESOLVED</bug_status>
          <resolution>FIXED</resolution>
          
          
          <bug_file_loc></bug_file_loc>
          <status_whiteboard></status_whiteboard>
          <keywords></keywords>
          <priority>P2</priority>
          <bug_severity>enhancement</bug_severity>
          <target_milestone>---</target_milestone>
          
          
          <everconfirmed>1</everconfirmed>
          <reporter name="Randy Hudson">hudsonr</reporter>
          <assigned_to name="Martin Aeschlimann">martin_aeschlimann</assigned_to>
          <cc>kent_johnson</cc>
          
          <votes>0</votes>

      

      

      

          <long_desc isprivate="0">
            <commentid>28987</commentid>
            <who name="Randy Hudson">hudsonr</who>
            <bug_when>2002-02-27 22:43:48 -0500</bug_when>
            <thetext>Please enable Hierarchy view to support DND as a way to &quot;focus on&quot; something, 
whether it be a project, source folder, package, or type.</thetext>
          </long_desc>
          <long_desc isprivate="0">
            <commentid>28988</commentid>
            <who name="Randy Hudson">hudsonr</who>
            <bug_when>2002-02-27 23:03:59 -0500</bug_when>
            <thetext>Also, support F4 in the new Java Browsing Views.</thetext>
          </long_desc>
          <long_desc isprivate="0">
            <commentid>29153</commentid>
            <who name="Randy Hudson">hudsonr</who>
            <bug_when>2002-02-28 11:36:08 -0500</bug_when>
            <thetext>I think Kent was interested in this behavior also.  If we could have the 
Hierarchy View be additive when I perform DND, that would be great.

When the hierarchy gets &quot;full&quot;, I would like to either add another page to it 
(Since I can&apos;t open the same View twice), or clone the entire Perspective into 
another top-level workbench window, so I can work with two different 
hierarchies.  I think for most developers, the ideal navigation is focused 
around packages and hierarchies.  The Types list is nice, but gets too long.</thetext>
          </long_desc>
          <long_desc isprivate="0">
            <commentid>29669</commentid>
            <who name="Erich Gamma">erich_gamma</who>
            <bug_when>2002-03-03 19:26:23 -0500</bug_when>
            <thetext>The team has started to use drag&amp;drop for setting the View input and it works 
well (see CVS Resource History). We should do the same with the type hierarchy 
view.

Droping a type or CU in the top pane should be the analog of a &quot;focus&quot;. If the 
CU contains more than one type we should prompt as usual.</thetext>
          </long_desc>
          <long_desc isprivate="0">
            <commentid>37392</commentid>
            <who name="Martin Aeschlimann">martin_aeschlimann</who>
            <bug_when>2002-03-29 08:05:03 -0500</bug_when>
            <thetext>added &gt; 20020328
current solution not too usable. still need a unified d&amp;d story for all jdt-ui 
views.</thetext>
          </long_desc>
      
      

    </bug>

</bugzilla>