<?xml version="1.0" encoding="UTF-8" standalone="yes" ?>


<bugzilla version="4.2.1"
          urlbase="https://bugs.eclipse.org/bugs/"
          
          maintainer="webmaster@eclipse.org"
>

    <bug>
          <bug_id>10381</bug_id>
          
          <creation_ts>2002-02-27 07:21:00 -0500</creation_ts>
          <short_desc>CodeAssist - generating innerclass stubs should deal with abstract classes</short_desc>
          <delta_ts>2002-04-22 05:23:09 -0400</delta_ts>
          <reporter_accessible>1</reporter_accessible>
          <cclist_accessible>1</cclist_accessible>
          <classification_id>2</classification_id>
          <classification>Eclipse</classification>
          <product>JDT</product>
          <component>UI</component>
          <version>2.0</version>
          <rep_platform>PC</rep_platform>
          <op_sys>Windows 2000</op_sys>
          <bug_status>RESOLVED</bug_status>
          <resolution>WONTFIX</resolution>
          
          
          <bug_file_loc></bug_file_loc>
          <status_whiteboard></status_whiteboard>
          <keywords></keywords>
          <priority>P3</priority>
          <bug_severity>normal</bug_severity>
          <target_milestone>---</target_milestone>
          
          
          <everconfirmed>1</everconfirmed>
          <reporter name="Philippe Mulet">philippe_mulet</reporter>
          <assigned_to name="Martin Aeschlimann">martin_aeschlimann</assigned_to>
          
          
          <votes>0</votes>

      

      

      

          <long_desc isprivate="0">
            <commentid>28528</commentid>
            <who name="Philippe Mulet">philippe_mulet</who>
            <bug_when>2002-02-27 07:21:44 -0500</bug_when>
            <thetext>Build 20020214

When codeassisting against an abstract class, it should provide stubs for
methods to implement.

e.g.

package p1;

public class X {

	public static void main(String[] arguments) {
		C c = new C(&lt;|&gt; // should produce stubs for #doSomething()



	}
}

interface I {
	doSomething();
}

abstract class C implements I {
}</thetext>
          </long_desc>
          <long_desc isprivate="0">
            <commentid>31009</commentid>
            <who name="Martin Aeschlimann">martin_aeschlimann</who>
            <bug_when>2002-03-07 12:37:39 -0500</bug_when>
            <thetext>works for me in 20020305 when the 3 types (X, I and C) are in separate CU&apos;s.
Problem is that C1 is in the same file and our implementation of findType does 
not find non primary types (and inner types of them).

Guess we could use the search engine in findType, but I&apos;m afraid this is more 
expensive than findElement.

Still hoping jdt-core offers us a findType on IJavaProject.</thetext>
          </long_desc>
          <long_desc isprivate="0">
            <commentid>44993</commentid>
            <who name="Martin Aeschlimann">martin_aeschlimann</who>
            <bug_when>2002-04-22 05:23:09 -0400</bug_when>
            <thetext>closing this one. won&apos;t fix.  The problem shows up with non-primary types.</thetext>
          </long_desc>
      
      

    </bug>

</bugzilla>