<?xml version="1.0" encoding="UTF-8" standalone="yes" ?>


<bugzilla version="4.2.1"
          urlbase="https://bugs.eclipse.org/bugs/"
          
          maintainer="webmaster@eclipse.org"
>

    <bug>
          <bug_id>10184</bug_id>
          
          <creation_ts>2002-02-25 12:02:00 -0500</creation_ts>
          <short_desc>Info Page not readable by JAWS</short_desc>
          <delta_ts>2002-03-06 10:11:33 -0500</delta_ts>
          <reporter_accessible>1</reporter_accessible>
          <cclist_accessible>1</cclist_accessible>
          <classification_id>2</classification_id>
          <classification>Eclipse</classification>
          <product>Platform</product>
          <component>UI</component>
          <version>2.0</version>
          <rep_platform>PC</rep_platform>
          <op_sys>Windows 2000</op_sys>
          <bug_status>RESOLVED</bug_status>
          <resolution>FIXED</resolution>
          
          
          <bug_file_loc></bug_file_loc>
          <status_whiteboard></status_whiteboard>
          <keywords>accessibility</keywords>
          <priority>P3</priority>
          <bug_severity>normal</bug_severity>
          <target_milestone>---</target_milestone>
          
          
          <everconfirmed>1</everconfirmed>
          <reporter name="Tod Creasey">Tod_Creasey</reporter>
          <assigned_to name="Kevin Haaland">Kevin_Haaland</assigned_to>
          <cc>nick_edgar</cc>
          
          <votes>0</votes>

      

      

      

          <long_desc isprivate="0">
            <commentid>27842</commentid>
            <who name="Tod Creasey">Tod_Creasey</who>
            <bug_when>2002-02-25 12:02:29 -0500</bug_when>
            <thetext>The info preference page is built using a label wihich is not read by JAWS</thetext>
          </long_desc>
          <long_desc isprivate="0">
            <commentid>30527</commentid>
            <who name="Tod Creasey">Tod_Creasey</who>
            <bug_when>2002-03-06 10:11:33 -0500</bug_when>
            <thetext>Switched to use a label in build 20020305.</thetext>
          </long_desc>
      
      

    </bug>

</bugzilla>