<?xml version="1.0" encoding="UTF-8" standalone="yes" ?>


<bugzilla version="4.2.1"
          urlbase="https://bugs.eclipse.org/bugs/"
          
          maintainer="webmaster@eclipse.org"
>

    <bug>
          <bug_id>10001</bug_id>
          
          <creation_ts>2002-02-19 11:12:00 -0500</creation_ts>
          <short_desc>[PropertiesView] PropertySheetViewer.updateChildrenOf and updateEntry don&apos;t  handle changes correctly</short_desc>
          <delta_ts>2009-08-30 02:11:38 -0400</delta_ts>
          <reporter_accessible>1</reporter_accessible>
          <cclist_accessible>1</cclist_accessible>
          <classification_id>2</classification_id>
          <classification>Eclipse</classification>
          <product>Platform</product>
          <component>UI</component>
          <version>2.0</version>
          <rep_platform>PC</rep_platform>
          <op_sys>All</op_sys>
          <bug_status>RESOLVED</bug_status>
          <resolution>INVALID</resolution>
          
          
          <bug_file_loc></bug_file_loc>
          <status_whiteboard></status_whiteboard>
          <keywords>investigate, needinfo</keywords>
          <priority>P3</priority>
          <bug_severity>normal</bug_severity>
          <target_milestone>---</target_milestone>
          
          
          <everconfirmed>1</everconfirmed>
          <reporter name="Richard Kulp">richkulp</reporter>
          <assigned_to name="Platform-UI-Inbox">Platform-UI-Inbox</assigned_to>
          <cc>lothar.bender</cc>
    
    <cc>Tod_Creasey</cc>
          
          <votes>0</votes>

      

      

      

          <long_desc isprivate="0">
            <commentid>27488</commentid>
            <who name="Richard Kulp">richkulp</who>
            <bug_when>2002-02-19 11:12:43 -0500</bug_when>
            <thetext>PropertySheetViewer.updateEntry() has a specific check for getting the image, 
and if the image is null, it will NOT set that into the item. This causes a 
problem. If the entry is being updated from having an image to not having an 
image, the old image stays there. The image being null is a valid setting and 
should be set through so that the entry no longer has an image.

PropertySheetViewer.updateChildrenOf(). If an entry was expanded and had 
children, and if the update indicates there are now no children, the entry is 
still marked as expanded. This doesn&apos;t cause a problem until the entry is 
updated again to have children, it is still marked as expanded.

The reason these have shown up is because it is very expensive to always use 
new PropertySheetEntrys when changing input. Deleting is especially expensive, 
it is very slow and very visible to the user when there are a lot of entries 
being deleted. So we were trying to reuse the PropertySheetEntries when the 
input changes. The above problems showed up because the entry was being reused 
but was referring to a different input. So the keeping the old image and the 
old expansion state are inappropriate.

Thanks.</thetext>
          </long_desc>
          <long_desc isprivate="0">
            <commentid>48708</commentid>
            <who name="Kevin Haaland">Kevin_Haaland</who>
            <bug_when>2002-05-01 17:02:07 -0400</bug_when>
            <thetext>No plans to change current 2.0 behavior. </thetext>
          </long_desc>
          <long_desc isprivate="0">
            <commentid>85102</commentid>
            <who name="Randy Giffen">Randy_Giffen</who>
            <bug_when>2002-08-09 12:50:36 -0400</bug_when>
            <thetext>Reopen to investigate</thetext>
          </long_desc>
          <long_desc isprivate="0">
            <commentid>162771</commentid>
            <who name="Debbie Wilson">debbie_wilson</who>
            <bug_when>2003-05-26 15:44:48 -0400</bug_when>
            <thetext>*** Bug 24181 has been marked as a duplicate of this bug. ***</thetext>
          </long_desc>
          <long_desc isprivate="0">
            <commentid>736902</commentid>
            <who name="Tod Creasey">Tod_Creasey</who>
            <bug_when>2006-06-22 08:19:55 -0400</bug_when>
            <thetext>There is currently no plan to work on this</thetext>
          </long_desc>
          <long_desc isprivate="0">
            <commentid>1582913</commentid>
            <who name="Denis Roy">denis.roy</who>
            <bug_when>2009-08-30 02:11:38 -0400</bug_when>
            <thetext>As of now &apos;LATER&apos; and &apos;REMIND&apos; resolutions are no longer supported.
Please reopen this bug if it is still valid for you.</thetext>
          </long_desc>
      
      

    </bug>

</bugzilla>