<?xml version="1.0" encoding="UTF-8" standalone="yes" ?>


<bugzilla version="4.2.1"
          urlbase="https://bugs.eclipse.org/bugs/"
          
          maintainer="webmaster@eclipse.org"
>

    <bug>
          <bug_id>10187</bug_id>
          
          <creation_ts>2002-02-25 12:12:00 -0500</creation_ts>
          <short_desc>Welcome page has wrong text</short_desc>
          <delta_ts>2002-02-27 15:28:49 -0500</delta_ts>
          <reporter_accessible>1</reporter_accessible>
          <cclist_accessible>1</cclist_accessible>
          <classification_id>2</classification_id>
          <classification>Eclipse</classification>
          <product>Platform</product>
          <component>Releng</component>
          <version>2.0</version>
          <rep_platform>PC</rep_platform>
          <op_sys>All</op_sys>
          <bug_status>RESOLVED</bug_status>
          <resolution>FIXED</resolution>
          
          
          <bug_file_loc></bug_file_loc>
          <status_whiteboard></status_whiteboard>
          <keywords></keywords>
          <priority>P3</priority>
          <bug_severity>normal</bug_severity>
          <target_milestone>---</target_milestone>
          
          
          <everconfirmed>1</everconfirmed>
          <reporter name="Randy Giffen">Randy_Giffen</reporter>
          <assigned_to name="Dean Roberts">dean_roberts</assigned_to>
          
          
          <votes>0</votes>

      

      

      

          <long_desc isprivate="0">
            <commentid>27847</commentid>
            <who name="Randy Giffen">Randy_Giffen</who>
            <bug_when>2002-02-25 12:12:12 -0500</bug_when>
            <thetext>The text:

The behavior of Ctrl and Shift is configurable from Window &gt; Preferences.

should read:

The behavior of Ctrl and Shift is configurable from Workbench &gt; Preferences.</thetext>
          </long_desc>
          <long_desc isprivate="0">
            <commentid>28859</commentid>
            <who name="Sonia Dimitrov">sonia_dimitrov</who>
            <bug_when>2002-02-27 15:28:49 -0500</bug_when>
            <thetext>Fix in effect as of daily build 20020228.</thetext>
          </long_desc>
      
      

    </bug>

</bugzilla>