<?xml version="1.0" encoding="UTF-8" standalone="yes" ?>


<bugzilla version="4.2.1"
          urlbase="https://bugs.eclipse.org/bugs/"
          
          maintainer="webmaster@eclipse.org"
>

    <bug>
          <bug_id>10217</bug_id>
          
          <creation_ts>2002-02-25 16:43:00 -0500</creation_ts>
          <short_desc>Adv tracing merges options from plugins with matching IDs</short_desc>
          <delta_ts>2002-02-25 16:51:54 -0500</delta_ts>
          <reporter_accessible>1</reporter_accessible>
          <cclist_accessible>1</cclist_accessible>
          <classification_id>2</classification_id>
          <classification>Eclipse</classification>
          <product>PDE</product>
          <component>UI</component>
          <version>2.0</version>
          <rep_platform>PC</rep_platform>
          <op_sys>Windows 2000</op_sys>
          <bug_status>RESOLVED</bug_status>
          <resolution>FIXED</resolution>
          
          
          <bug_file_loc></bug_file_loc>
          <status_whiteboard></status_whiteboard>
          <keywords></keywords>
          <priority>P3</priority>
          <bug_severity>normal</bug_severity>
          <target_milestone>---</target_milestone>
          
          
          <everconfirmed>1</everconfirmed>
          <reporter name="Alan Boxall">boxall</reporter>
          <assigned_to name="Dejan Glozic">dejan</assigned_to>
          
          
          <votes>0</votes>

      

      

      

          <long_desc isprivate="0">
            <commentid>27927</commentid>
            <who name="Alan Boxall">boxall</who>
            <bug_when>2002-02-25 16:43:25 -0500</bug_when>
            <thetext>Eclipse version R2.0 driver 20020125

PDE will merge tracing options from plugins that have similar plugin ids.
e.g.
plugin 1 has id = aaa.bbb.ccc
plugin 2 has id = aaa.bbb.ccc.ddd

When looking at tracing options using &quot;Workbench-&gt;preferences-&gt;Plug-in 
development-&gt;Advanced tracing&quot; the tracing options from plugin 2 will appear in 
the list of tracing options for plugin 1.

It appears that the algorithm used matches up to the length of the shorter 
plugin id.   It needs to use the complete plugin id.

This only causes a problem if the trace options are the same in the 2 or more 
plugins.

e.g. the following .options files will cause problems:

plugin 1 id = aaa.bbb.ccc
.options file = 
aaa.bbb.ccc/debug/err=3

plugin 2 id = aaa.bbb.ccc.ddd
.options file = 
aaa.bbb.ccc.ddd/debug/err=true

When loading the tracing options plugin 1 will appear to have a 
boolean &quot;debug/err&quot; tracing option instead of a numeric value.</thetext>
          </long_desc>
          <long_desc isprivate="0">
            <commentid>27930</commentid>
            <who name="Dejan Glozic">dejan</who>
            <bug_when>2002-02-25 16:51:54 -0500</bug_when>
            <thetext>Fixed - PDE was using &apos;startsWith&apos; to check for tracing options that belong to 
a certain plug-in, and it was wrong in this case. The fix was to take the 
entire first segment of the property and compare it to the ID.

The fix will appear in the next integration build.</thetext>
          </long_desc>
      
      

    </bug>

</bugzilla>