<?xml version="1.0" encoding="UTF-8" standalone="yes" ?>


<bugzilla version="4.2.1"
          urlbase="https://bugs.eclipse.org/bugs/"
          
          maintainer="webmaster@eclipse.org"
>

    <bug>
          <bug_id>10213</bug_id>
          
          <creation_ts>2002-02-25 16:23:00 -0500</creation_ts>
          <short_desc>SearchEngine.createJavaSearchScope((IJavaElement[]) does not work for binary elements</short_desc>
          <delta_ts>2002-03-11 12:26:54 -0500</delta_ts>
          <reporter_accessible>1</reporter_accessible>
          <cclist_accessible>1</cclist_accessible>
          <classification_id>2</classification_id>
          <classification>Eclipse</classification>
          <product>JDT</product>
          <component>Core</component>
          <version>2.0</version>
          <rep_platform>PC</rep_platform>
          <op_sys>Windows NT</op_sys>
          <bug_status>RESOLVED</bug_status>
          <resolution>FIXED</resolution>
          
          
          <bug_file_loc></bug_file_loc>
          <status_whiteboard></status_whiteboard>
          <keywords></keywords>
          <priority>P3</priority>
          <bug_severity>major</bug_severity>
          <target_milestone>2.0 M4</target_milestone>
          
          
          <everconfirmed>1</everconfirmed>
          <reporter name="Dani Megert">daniel_megert</reporter>
          <assigned_to name="Jerome Lanneluc">jerome_lanneluc</assigned_to>
          
          
          <votes>0</votes>

      

      

      

          <long_desc isprivate="0">
            <commentid>27918</commentid>
            <who name="Dani Megert">daniel_megert</who>
            <bug_when>2002-02-25 16:23:11 -0500</bug_when>
            <thetext>Build 20020224

The scope is internally based on resources and hence binary elements from
external JARs cause problems (and I guess also from internal JARs).

The API does not specify this restriction.</thetext>
          </long_desc>
          <long_desc isprivate="0">
            <commentid>31560</commentid>
            <who name="Jerome Lanneluc">jerome_lanneluc</who>
            <bug_when>2002-03-11 05:03:46 -0500</bug_when>
            <thetext>Java search scope are internally based on paths. For a file in a jar (external 
or internal), this path is the path to the jar plus the path inside the jar to 
the file.

I created a search scope on a package p in an external jar. I then searched for 
the type declarations in this scope and it gave me only the type declarations 
in package p.

Do you have a test case where this would fail?</thetext>
          </long_desc>
          <long_desc isprivate="0">
            <commentid>31640</commentid>
            <who name="Dani Megert">daniel_megert</who>
            <bug_when>2002-03-11 10:07:48 -0500</bug_when>
            <thetext>1. Select a binary package which contains a class (e.g. &quot;T&quot;) or select &quot;T&quot;
   (I tested with javax.swing.AbstractButton)
2. Open Search dialog
3. Enter the name &quot;T&quot;, search for Type Declarations
4. Check scope: &quot;Selected Resources&quot;==&gt; no matches.

</thetext>
          </long_desc>
          <long_desc isprivate="0">
            <commentid>31748</commentid>
            <who name="Jerome Lanneluc">jerome_lanneluc</who>
            <bug_when>2002-03-11 12:26:14 -0500</bug_when>
            <thetext>Indeed that was a bug for class file elements in external jars. The underlying 
resource was used to determine the path.
Fixed.</thetext>
          </long_desc>
      
      

    </bug>

</bugzilla>