<?xml version="1.0" encoding="UTF-8" standalone="yes" ?>


<bugzilla version="4.2.1"
          urlbase="https://bugs.eclipse.org/bugs/"
          
          maintainer="webmaster@eclipse.org"
>

    <bug>
          <bug_id>10113</bug_id>
          
          <creation_ts>2002-02-22 14:27:00 -0500</creation_ts>
          <short_desc>syntax error in IInternalPerspectiveListener.java</short_desc>
          <delta_ts>2002-05-01 17:05:36 -0400</delta_ts>
          <reporter_accessible>1</reporter_accessible>
          <cclist_accessible>1</cclist_accessible>
          <classification_id>2</classification_id>
          <classification>Eclipse</classification>
          <product>Platform</product>
          <component>UI</component>
          <version>1.0</version>
          <rep_platform>PC</rep_platform>
          <op_sys>All</op_sys>
          <bug_status>RESOLVED</bug_status>
          <resolution>FIXED</resolution>
          
          
          <bug_file_loc></bug_file_loc>
          <status_whiteboard></status_whiteboard>
          <keywords></keywords>
          <priority>P3</priority>
          <bug_severity>normal</bug_severity>
          <target_milestone>---</target_milestone>
          
          
          <everconfirmed>1</everconfirmed>
          <reporter name="Tom Tromey">tromey</reporter>
          <assigned_to name="Kevin Haaland">Kevin_Haaland</assigned_to>
          
          
          <votes>0</votes>

      

      

      

          <long_desc isprivate="0">
            <commentid>27698</commentid>
            <who name="Tom Tromey">tromey</who>
            <bug_when>2002-02-22 14:27:25 -0500</bug_when>
            <thetext>I&apos;ve found a syntax error in IInternalPerspectiveListener.java.
There is an extraneous &quot;;&quot;.
This patch fixes the problem.

Index: org.eclipse.ui/Eclipse
UI/org/eclipse/ui/internal/IInternalPerspectiveListener.java
===================================================================
RCS file: /home/eclipse/org.eclipse.ui/Eclipse
UI/org/eclipse/ui/internal/IInternalPerspectiveListener.java,v
retrieving revision 1.1
diff -u -r1.1 IInternalPerspectiveListener.java
--- org.eclipse.ui/Eclipse
UI/org/eclipse/ui/internal/IInternalPerspectiveListener.java 8 Jan 2002 19:24:15
-0000 1.1
+++ org.eclipse.ui/Eclipse
UI/org/eclipse/ui/internal/IInternalPerspectiveListener.java 22 Feb 2002
19:22:39 -0000
@@ -16,7 +16,6 @@
  * @see IPerspectiveService
  */
 public interface IInternalPerspectiveListener extends IPerspectiveListener{
-;
 /**
  * Notifies this listener that the given page&apos;s perspective
  * has been reset to its last saved layout.</thetext>
          </long_desc>
          <long_desc isprivate="0">
            <commentid>48716</commentid>
            <who name="Kevin Haaland">Kevin_Haaland</who>
            <bug_when>2002-05-01 17:05:36 -0400</bug_when>
            <thetext>Duplicate - of a defect that was fixed a while ago. </thetext>
          </long_desc>
      
      

    </bug>

</bugzilla>