<?xml version="1.0" encoding="UTF-8" standalone="yes" ?>


<bugzilla version="4.2.1"
          urlbase="https://bugs.eclipse.org/bugs/"
          
          maintainer="webmaster@eclipse.org"
>

    <bug>
          <bug_id>10182</bug_id>
          
          <creation_ts>2002-02-25 11:54:00 -0500</creation_ts>
          <short_desc>Illegal argument selecting in interface</short_desc>
          <delta_ts>2002-02-28 06:00:36 -0500</delta_ts>
          <reporter_accessible>1</reporter_accessible>
          <cclist_accessible>1</cclist_accessible>
          <classification_id>2</classification_id>
          <classification>Eclipse</classification>
          <product>JDT</product>
          <component>UI</component>
          <version>2.0</version>
          <rep_platform>PC</rep_platform>
          <op_sys>Windows 2000</op_sys>
          <bug_status>RESOLVED</bug_status>
          <resolution>FIXED</resolution>
          
          
          <bug_file_loc></bug_file_loc>
          <status_whiteboard></status_whiteboard>
          <keywords></keywords>
          <priority>P1</priority>
          <bug_severity>normal</bug_severity>
          <target_milestone>---</target_milestone>
          
          
          <everconfirmed>1</everconfirmed>
          <reporter name="John Arthorne">john_arthorne</reporter>
          <assigned_to name="Adam Kiezun">akiezun</assigned_to>
          
          
          <votes>0</votes>

      

      

      

          <long_desc isprivate="0">
            <commentid>27836</commentid>
            <who name="John Arthorne">john_arthorne</who>
            <bug_when>2002-02-25 11:54:18 -0500</bug_when>
            <thetext>Build 20020214

1) Create the following CU:

package packagea;
/**
 */
public interface ITest {
	public void foo(int arg);
}

2) Open in java editor, and select &quot;int arg&quot;.
3) Hit Alt + Left arrow

Internal error, null argument.  Stack trace is:

org.eclipse.jdt.internal.corext.refactoring.Assert$AssertionFailedException: 
null argument;
	at 
org.eclipse.jdt.internal.corext.refactoring.Assert.isNotNull(Assert.java:101)
	at 
org.eclipse.jdt.internal.corext.refactoring.Assert.isNotNull(Assert.java:77)
	at 
org.eclipse.jdt.internal.ui.refactoring.actions.structureselection.StructureSele
ctPreviousAction.getNextNode(StructureSelectPreviousAction.java:42)
	at 
org.eclipse.jdt.internal.ui.refactoring.actions.structureselection.StructureSele
ctPreviousAction.internalGetNewSelectionRange(StructureSelectPreviousAction.java
:28)
	at 
org.eclipse.jdt.internal.ui.refactoring.actions.structureselection.StructureSele
ctionAction.getNewSelectionRange(StructureSelectionAction.java:54)
	at 
org.eclipse.jdt.internal.ui.refactoring.actions.structureselection.StructureSele
ctionAction.run(StructureSelectionAction.java:41)
	at org.eclipse.jface.action.Action.runWithEvent(Action.java:452)
	at 
org.eclipse.jface.action.ActionContributionItem.handleWidgetSelection(ActionCont
ributionItem.java:407)
	at 
org.eclipse.jface.action.ActionContributionItem.handleWidgetEvent(ActionContribu
tionItem.java:361)
	at 
org.eclipse.jface.action.ActionContributionItem.access$0(ActionContributionItem.
java:352)
	at 
org.eclipse.jface.action.ActionContributionItem$ActionListener.handleEvent(Actio
nContributionItem.java:47)
	at org.eclipse.swt.widgets.Widget.notifyListeners(Widget.java(Compiled 
Code))</thetext>
          </long_desc>
          <long_desc isprivate="0">
            <commentid>29031</commentid>
            <who name="Adam Kiezun">akiezun</who>
            <bug_when>2002-02-28 06:00:36 -0500</bug_when>
            <thetext>problem was in 
StructureSelectionAction::containsStatements(AstNode)

which did not check if method really has statements.

i added a test case and fixed the bug
build &gt;= 20020228</thetext>
          </long_desc>
      
      

    </bug>

</bugzilla>