<?xml version="1.0" encoding="UTF-8" standalone="yes" ?>


<bugzilla version="4.2.1"
          urlbase="https://bugs.eclipse.org/bugs/"
          
          maintainer="webmaster@eclipse.org"
>

    <bug>
          <bug_id>10453</bug_id>
          
          <creation_ts>2002-02-27 18:48:00 -0500</creation_ts>
          <short_desc>deleting remote projects</short_desc>
          <delta_ts>2009-01-12 09:19:55 -0500</delta_ts>
          <reporter_accessible>1</reporter_accessible>
          <cclist_accessible>1</cclist_accessible>
          <classification_id>4</classification_id>
          <classification>Tools</classification>
          <product>CDT</product>
          <component>cdt-other</component>
          <version>1.0</version>
          <rep_platform>PC</rep_platform>
          <op_sys>Linux</op_sys>
          <bug_status>RESOLVED</bug_status>
          <resolution>DUPLICATE</resolution>
          <dup_id>10396</dup_id>
          
          <bug_file_loc></bug_file_loc>
          <status_whiteboard></status_whiteboard>
          <keywords></keywords>
          <priority>P3</priority>
          <bug_severity>normal</bug_severity>
          <target_milestone>---</target_milestone>
          
          
          <everconfirmed>1</everconfirmed>
          <reporter name="Enrique Varillas">enriquev</reporter>
          <assigned_to name="David McKnight">dmcknigh</assigned_to>
          
          
          <votes>0</votes>

      

      

      

          <long_desc isprivate="0">
            <commentid>28959</commentid>
            <who name="Enrique Varillas">enriquev</who>
            <bug_when>2002-02-27 18:48:18 -0500</bug_when>
            <thetext>A remote project has two delete actions in its pop-up menu(in the C/C++ Projects
view):
1-&quot;Delete project&quot;
2-&quot;Delete Resource&quot;
The first one deletes the project from the C/C++ Projects view but not its
contents from the remote location.This does not happen with local projects
The second one seems to work.</thetext>
          </long_desc>
          <long_desc isprivate="0">
            <commentid>29083</commentid>
            <who name="David McKnight">dmcknigh</who>
            <bug_when>2002-02-28 09:57:02 -0500</bug_when>
            <thetext>This was fixed in 10396, although this defect does identify the real problem.

*** This bug has been marked as a duplicate of 10396 ***</thetext>
          </long_desc>
      
      

    </bug>

</bugzilla>