<?xml version="1.0" encoding="UTF-8" standalone="yes" ?>


<bugzilla version="4.2.1"
          urlbase="https://bugs.eclipse.org/bugs/"
          
          maintainer="webmaster@eclipse.org"
>

    <bug>
          <bug_id>10406</bug_id>
          
          <creation_ts>2002-02-27 13:18:00 -0500</creation_ts>
          <short_desc>Implement and delegate to member [refactoring]</short_desc>
          <delta_ts>2003-02-19 05:16:13 -0500</delta_ts>
          <reporter_accessible>1</reporter_accessible>
          <cclist_accessible>1</cclist_accessible>
          <classification_id>2</classification_id>
          <classification>Eclipse</classification>
          <product>JDT</product>
          <component>UI</component>
          <version>2.0</version>
          <rep_platform>All</rep_platform>
          <op_sys>All</op_sys>
          <bug_status>RESOLVED</bug_status>
          <resolution>FIXED</resolution>
          
          
          <bug_file_loc></bug_file_loc>
          <status_whiteboard></status_whiteboard>
          <keywords>helpwanted</keywords>
          <priority>P3</priority>
          <bug_severity>enhancement</bug_severity>
          <target_milestone>---</target_milestone>
          
          
          <everconfirmed>1</everconfirmed>
          <reporter name="Stein M. Eliassen">dulci</reporter>
          <assigned_to name="JDT-UI-Inbox">jdt-ui-inbox</assigned_to>
          <cc>dcorbin</cc>
          
          <votes>0</votes>

      

      

      

          <long_desc isprivate="0">
            <commentid>28787</commentid>
            <who name="Stein M. Eliassen">dulci</who>
            <bug_when>2002-02-27 13:18:38 -0500</bug_when>
            <thetext>It would be very useful to have an option that when adding unimplemented methods
to have those calls be delegated to a member (automaticlly generated if necessary).</thetext>
          </long_desc>
          <long_desc isprivate="0">
            <commentid>30041</commentid>
            <who name="Erich Gamma">erich_gamma</who>
            <bug_when>2002-03-04 18:35:12 -0500</bug_when>
            <thetext>agreed, but not for 2.0</thetext>
          </long_desc>
          <long_desc isprivate="0">
            <commentid>81221</commentid>
            <who name="Dirk Baeumer">dirk_baeumer</who>
            <bug_when>2002-07-23 08:47:45 -0400</bug_when>
            <thetext>No action planned for 2.1. Tagged as helpwanted</thetext>
          </long_desc>
          <long_desc isprivate="0">
            <commentid>133368</commentid>
            <who name="Erich Gamma">erich_gamma</who>
            <bug_when>2003-02-19 05:16:13 -0500</bug_when>
            <thetext>There is now support for creating delegates</thetext>
          </long_desc>
      
      

    </bug>

</bugzilla>