<?xml version="1.0" encoding="UTF-8" standalone="yes" ?>


<bugzilla version="4.2.1"
          urlbase="https://bugs.eclipse.org/bugs/"
          
          maintainer="webmaster@eclipse.org"
>

    <bug>
          <bug_id>10115</bug_id>
          
          <creation_ts>2002-02-22 14:48:00 -0500</creation_ts>
          <short_desc>Not using the group box...</short_desc>
          <delta_ts>2002-05-01 17:06:26 -0400</delta_ts>
          <reporter_accessible>1</reporter_accessible>
          <cclist_accessible>1</cclist_accessible>
          <classification_id>2</classification_id>
          <classification>Eclipse</classification>
          <product>Platform</product>
          <component>UI</component>
          <version>2.0</version>
          <rep_platform>All</rep_platform>
          <op_sys>All</op_sys>
          <bug_status>RESOLVED</bug_status>
          <resolution>WONTFIX</resolution>
          
          
          <bug_file_loc></bug_file_loc>
          <status_whiteboard></status_whiteboard>
          <keywords></keywords>
          <priority>P3</priority>
          <bug_severity>enhancement</bug_severity>
          <target_milestone>---</target_milestone>
          
          
          <everconfirmed>1</everconfirmed>
          <reporter name="Simon Arsenault">simon_arsenault</reporter>
          <assigned_to name="Kevin Haaland">Kevin_Haaland</assigned_to>
          
          
          <votes>0</votes>

      

      

      

          <long_desc isprivate="0">
            <commentid>27700</commentid>
            <who name="Simon Arsenault">simon_arsenault</who>
            <bug_when>2002-02-22 14:48:01 -0500</bug_when>
            <thetext>Could we update the preference dialog not to use the ugly group box. There is 
no need for it. We should also add a new font the jface to represent section 
heading. (As suggested by Jeff Johnson - author of gui bloopers book)</thetext>
          </long_desc>
          <long_desc isprivate="0">
            <commentid>48717</commentid>
            <who name="Kevin Haaland">Kevin_Haaland</who>
            <bug_when>2002-05-01 17:06:26 -0400</bug_when>
            <thetext>defer</thetext>
          </long_desc>
      
      

    </bug>

</bugzilla>