<?xml version="1.0" encoding="UTF-8" standalone="yes" ?>


<bugzilla version="4.2.1"
          urlbase="https://bugs.eclipse.org/bugs/"
          
          maintainer="webmaster@eclipse.org"
>

    <bug>
          <bug_id>10600</bug_id>
          
          <creation_ts>2002-03-01 12:55:00 -0500</creation_ts>
          <short_desc>preference for associating jars/dirs to be included in ant classpath</short_desc>
          <delta_ts>2002-04-04 10:29:06 -0500</delta_ts>
          <reporter_accessible>1</reporter_accessible>
          <cclist_accessible>1</cclist_accessible>
          <classification_id>2</classification_id>
          <classification>Eclipse</classification>
          <product>Platform</product>
          <component>Ant</component>
          <version>2.0</version>
          <rep_platform>All</rep_platform>
          <op_sys>All</op_sys>
          <bug_status>RESOLVED</bug_status>
          <resolution>FIXED</resolution>
          
          
          <bug_file_loc></bug_file_loc>
          <status_whiteboard></status_whiteboard>
          <keywords></keywords>
          <priority>P3</priority>
          <bug_severity>enhancement</bug_severity>
          <target_milestone>2.0 M5</target_milestone>
          
          
          <everconfirmed>1</everconfirmed>
          <reporter name="Rodrigo Peretti">rodrigo_peretti</reporter>
          <assigned_to name="DJ Houghton">dj_houghton</assigned_to>
          <cc>binyan357</cc>
    
    <cc>pimpdmack</cc>
          
          <votes>0</votes>

      

      

      

          <long_desc isprivate="0">
            <commentid>29510</commentid>
            <who name="Rodrigo Peretti">rodrigo_peretti</who>
            <bug_when>2002-03-01 12:55:28 -0500</bug_when>
            <thetext>from platdorm-ant-dev:

Subject: What JVM executes ant builds?

I ask because I believe it is run using the jre and not the jdk that is 
running eclipse.  If so, how can this be changed as this is the cause 
for the rmic task not working, and unfortunately for me switching to an 
executable task to run the rmic program can&apos;t be done.  No IDE specific 
changes in the source.  At the least there should a preference for 
associating jars/dirs to be included in ant classpath.</thetext>
          </long_desc>
          <long_desc isprivate="0">
            <commentid>35542</commentid>
            <who name="Rodrigo Peretti">rodrigo_peretti</who>
            <bug_when>2002-03-22 10:32:40 -0500</bug_when>
            <thetext>*** Bug 12098 has been marked as a duplicate of this bug. ***</thetext>
          </long_desc>
          <long_desc isprivate="0">
            <commentid>38650</commentid>
            <who name="John Arthorne">john_arthorne</who>
            <bug_when>2002-04-04 10:29:06 -0500</bug_when>
            <thetext>Fixed</thetext>
          </long_desc>
      
      

    </bug>

</bugzilla>