<?xml version="1.0" encoding="UTF-8" standalone="yes" ?>


<bugzilla version="4.2.1"
          urlbase="https://bugs.eclipse.org/bugs/"
          
          maintainer="webmaster@eclipse.org"
>

    <bug>
          <bug_id>10261</bug_id>
          
          <creation_ts>2002-02-26 11:19:00 -0500</creation_ts>
          <short_desc>Smoke 0226: snippet evaluation does not work</short_desc>
          <delta_ts>2002-02-27 16:51:54 -0500</delta_ts>
          <reporter_accessible>1</reporter_accessible>
          <cclist_accessible>1</cclist_accessible>
          <classification_id>2</classification_id>
          <classification>Eclipse</classification>
          <product>JDT</product>
          <component>Debug</component>
          <version>2.0</version>
          <rep_platform>PC</rep_platform>
          <op_sys>Windows 2000</op_sys>
          <bug_status>RESOLVED</bug_status>
          <resolution>DUPLICATE</resolution>
          <dup_id>10417</dup_id>
          
          <bug_file_loc></bug_file_loc>
          <status_whiteboard></status_whiteboard>
          <keywords></keywords>
          <priority>P1</priority>
          <bug_severity>normal</bug_severity>
          <target_milestone>2.0 M4</target_milestone>
          
          
          <everconfirmed>1</everconfirmed>
          <reporter name="Andre Weinand">andre_weinand</reporter>
          <assigned_to name="Darin Wright">darin.eclipse</assigned_to>
          
          
          <votes>0</votes>

      

      

      

          <long_desc isprivate="0">
            <commentid>28068</commentid>
            <who name="Andre Weinand">andre_weinand</who>
            <bug_when>2002-02-26 11:19:14 -0500</bug_when>
            <thetext>Evaluating &quot;System.getProperties()&quot; (from the smoke test) didn&apos;t return any 
result in the scrapbook page.
I&apos;m running JDK 1.4.</thetext>
          </long_desc>
          <long_desc isprivate="0">
            <commentid>28896</commentid>
            <who name="Darin Wright">darin.eclipse</who>
            <bug_when>2002-02-27 16:51:54 -0500</bug_when>
            <thetext>

*** This bug has been marked as a duplicate of 10417 ***</thetext>
          </long_desc>
      
      

    </bug>

</bugzilla>