<?xml version="1.0" encoding="UTF-8" standalone="yes" ?>


<bugzilla version="4.2.1"
          urlbase="https://bugs.eclipse.org/bugs/"
          
          maintainer="webmaster@eclipse.org"
>

    <bug>
          <bug_id>10198</bug_id>
          
          <creation_ts>2002-02-25 14:54:00 -0500</creation_ts>
          <short_desc>Remove all terminated not enabled after terminating run</short_desc>
          <delta_ts>2002-02-26 17:37:22 -0500</delta_ts>
          <reporter_accessible>1</reporter_accessible>
          <cclist_accessible>1</cclist_accessible>
          <classification_id>2</classification_id>
          <classification>Eclipse</classification>
          <product>Platform</product>
          <component>Debug</component>
          <version>2.0</version>
          <rep_platform>PC</rep_platform>
          <op_sys>Windows 2000</op_sys>
          <bug_status>VERIFIED</bug_status>
          <resolution>FIXED</resolution>
          
          
          <bug_file_loc></bug_file_loc>
          <status_whiteboard></status_whiteboard>
          <keywords></keywords>
          <priority>P3</priority>
          <bug_severity>normal</bug_severity>
          <target_milestone>---</target_milestone>
          
          
          <everconfirmed>1</everconfirmed>
          <reporter name="Darin Swanson">Darin_Swanson</reporter>
          <assigned_to name="Jared Burns">jared_burns</assigned_to>
          <cc>eclipse</cc>
          
          <votes>0</votes>

      

      

      

          <long_desc isprivate="0">
            <commentid>27885</commentid>
            <who name="Darin Swanson">Darin_Swanson</who>
            <bug_when>2002-02-25 14:54:51 -0500</bug_when>
            <thetext>With the prefs turned off for switching to the debug perspective, run 
an &quot;infinite loop&quot; program.  Switch to the debug perspective, and terminate the 
launch.  The remove all terminated button does not update to enabled.</thetext>
          </long_desc>
          <long_desc isprivate="0">
            <commentid>27890</commentid>
            <who name="Darin Swanson">Darin_Swanson</who>
            <bug_when>2002-02-25 15:26:37 -0500</bug_when>
            <thetext>When code was refactored, lost the action as a debug event listener.
Fixed in RemoveAllTerminatedDeleaget#init and dispose</thetext>
          </long_desc>
          <long_desc isprivate="0">
            <commentid>27891</commentid>
            <who name="Darin Swanson">Darin_Swanson</who>
            <bug_when>2002-02-25 15:26:49 -0500</bug_when>
            <thetext>Please verify.</thetext>
          </long_desc>
          <long_desc isprivate="0">
            <commentid>27903</commentid>
            <who name="Darin Swanson">Darin_Swanson</who>
            <bug_when>2002-02-25 15:46:04 -0500</bug_when>
            <thetext>*** Bug 10202 has been marked as a duplicate of this bug. ***</thetext>
          </long_desc>
          <long_desc isprivate="0">
            <commentid>28201</commentid>
            <who name="Jared Burns">jared_burns</who>
            <bug_when>2002-02-26 14:17:11 -0500</bug_when>
            <thetext>Verified.</thetext>
          </long_desc>
      
      

    </bug>

</bugzilla>