<?xml version="1.0" encoding="UTF-8" standalone="yes" ?>


<bugzilla version="4.2.1"
          urlbase="https://bugs.eclipse.org/bugs/"
          
          maintainer="webmaster@eclipse.org"
>

    <bug>
          <bug_id>10235</bug_id>
          
          <creation_ts>2002-02-26 02:58:00 -0500</creation_ts>
          <short_desc>Problems with StructuredSelectionProvider.createFrom(ISelectionProvider)</short_desc>
          <delta_ts>2002-04-09 04:46:37 -0400</delta_ts>
          <reporter_accessible>1</reporter_accessible>
          <cclist_accessible>1</cclist_accessible>
          <classification_id>2</classification_id>
          <classification>Eclipse</classification>
          <product>JDT</product>
          <component>UI</component>
          <version>2.0</version>
          <rep_platform>PC</rep_platform>
          <op_sys>Windows NT</op_sys>
          <bug_status>RESOLVED</bug_status>
          <resolution>WONTFIX</resolution>
          
          
          <bug_file_loc></bug_file_loc>
          <status_whiteboard></status_whiteboard>
          <keywords></keywords>
          <priority>P2</priority>
          <bug_severity>normal</bug_severity>
          <target_milestone>2.0 M5</target_milestone>
          
          
          <everconfirmed>1</everconfirmed>
          <reporter name="Dani Megert">daniel_megert</reporter>
          <assigned_to name="Dirk Baeumer">dirk_baeumer</assigned_to>
          
          
          <votes>0</votes>

      

      

      

          <long_desc isprivate="0">
            <commentid>27984</commentid>
            <who name="Dani Megert">daniel_megert</who>
            <bug_when>2002-02-26 02:58:32 -0500</bug_when>
            <thetext>Build 20020224

StructuredSelectionProvider.createFrom(ISelectionProvider) does not work if the
provider is an editor.
This is because
a)line 132 reads:
if (result instanceof ITextSelection &amp;&amp; fProvider instanceof IEditorPart)
 ==&gt; tests if the provider is an IEditorPart
b) The editor part isn&apos;t a selection provider
c) the selection provider of an editor is the source viewer
 ==&gt; no code resolve will be done and the structured selection is empty</thetext>
          </long_desc>
          <long_desc isprivate="0">
            <commentid>27988</commentid>
            <who name="Dani Megert">daniel_megert</who>
            <bug_when>2002-02-26 03:47:33 -0500</bug_when>
            <thetext>Oops. The correct build ID is: 20020214

</thetext>
          </long_desc>
          <long_desc isprivate="0">
            <commentid>39536</commentid>
            <who name="Dirk Baeumer">dirk_baeumer</who>
            <bug_when>2002-04-08 14:15:29 -0400</bug_when>
            <thetext>I would like to deprecated the StructuredSelectionProvider and remove it for 
2.0. The public action package now contains a SelectionDispatchAction. 
Additionally there is a SelectionConverter class. Those two classes replace the 
selection provider. They give clients a better control over how a text 
selection is converted into a Java element.

Any objections ?</thetext>
          </long_desc>
          <long_desc isprivate="0">
            <commentid>39761</commentid>
            <who name="Dirk Baeumer">dirk_baeumer</who>
            <bug_when>2002-04-09 04:46:37 -0400</bug_when>
            <thetext>I deprecated StructuredSelectionProvider and added a method 
getStructuredSelection(IWorkbenchPart part) to SelectionConverter.</thetext>
          </long_desc>
      
      

    </bug>

</bugzilla>