<?xml version="1.0" encoding="UTF-8" standalone="yes" ?>


<bugzilla version="4.2.1"
          urlbase="https://bugs.eclipse.org/bugs/"
          
          maintainer="webmaster@eclipse.org"
>

    <bug>
          <bug_id>10545</bug_id>
          
          <creation_ts>2002-02-28 17:48:00 -0500</creation_ts>
          <short_desc>Replace Method from Local History moves cursor</short_desc>
          <delta_ts>2002-06-05 13:56:59 -0400</delta_ts>
          <reporter_accessible>1</reporter_accessible>
          <cclist_accessible>1</cclist_accessible>
          <classification_id>2</classification_id>
          <classification>Eclipse</classification>
          <product>JDT</product>
          <component>UI</component>
          <version>2.0</version>
          <rep_platform>PC</rep_platform>
          <op_sys>Windows NT</op_sys>
          <bug_status>RESOLVED</bug_status>
          <resolution>DUPLICATE</resolution>
          <dup_id>16774</dup_id>
          
          <bug_file_loc></bug_file_loc>
          <status_whiteboard></status_whiteboard>
          <keywords></keywords>
          <priority>P2</priority>
          <bug_severity>normal</bug_severity>
          <target_milestone>---</target_milestone>
          
          
          <everconfirmed>1</everconfirmed>
          <reporter name="Peter Burka">peter_burka</reporter>
          <assigned_to name="Kai-Uwe Maetzel">kai-uwe_maetzel</assigned_to>
          
          
          <votes>0</votes>

      

      

      

          <long_desc isprivate="0">
            <commentid>29352</commentid>
            <who name="Peter Burka">peter_burka</who>
            <bug_when>2002-02-28 17:48:49 -0500</bug_when>
            <thetext>In the Outline view, you can select an individual method and replace it with 
another version from the local history.  When you select an edition and 
choose &apos;Replace&apos;, the text editor moves the cursor back to the top of the 
file.  This is problematic, because it means that I lose my context.  The 
cursor should stay near the method which I just replaced.

(20020215 build)</thetext>
          </long_desc>
          <long_desc isprivate="0">
            <commentid>29702</commentid>
            <who name="Andre Weinand">andre_weinand</who>
            <bug_when>2002-03-04 04:26:15 -0500</bug_when>
            <thetext>This problem is a result of the new behavior of the text editor to synchronize 
its selection with the outliner. When replacing a method somehow the current 
selection is lost and the enclosing type is selected.

In order to fix this I need API from the editor.</thetext>
          </long_desc>
          <long_desc isprivate="0">
            <commentid>68875</commentid>
            <who name="Kai-Uwe Maetzel">kai-uwe_maetzel</who>
            <bug_when>2002-06-05 13:56:59 -0400</bug_when>
            <thetext>

*** This bug has been marked as a duplicate of 16774 ***</thetext>
          </long_desc>
      
      

    </bug>

</bugzilla>