<?xml version="1.0" encoding="UTF-8" standalone="yes" ?>


<bugzilla version="4.2.1"
          urlbase="https://bugs.eclipse.org/bugs/"
          
          maintainer="webmaster@eclipse.org"
>

    <bug>
          <bug_id>10594</bug_id>
          
          <creation_ts>2002-03-01 11:57:00 -0500</creation_ts>
          <short_desc>EventDispatcher wrappering all dispatches in Workspace runnables</short_desc>
          <delta_ts>2002-03-05 10:20:02 -0500</delta_ts>
          <reporter_accessible>1</reporter_accessible>
          <cclist_accessible>1</cclist_accessible>
          <classification_id>2</classification_id>
          <classification>Eclipse</classification>
          <product>JDT</product>
          <component>Debug</component>
          <version>2.0</version>
          <rep_platform>PC</rep_platform>
          <op_sys>All</op_sys>
          <bug_status>VERIFIED</bug_status>
          <resolution>FIXED</resolution>
          
          
          <bug_file_loc></bug_file_loc>
          <status_whiteboard></status_whiteboard>
          <keywords></keywords>
          <priority>P2</priority>
          <bug_severity>normal</bug_severity>
          <target_milestone>2.0 M4</target_milestone>
          
          
          <everconfirmed>1</everconfirmed>
          <reporter name="Darin Swanson">Darin_Swanson</reporter>
          <assigned_to name="Darin Wright">darin.eclipse</assigned_to>
          
          
          <votes>0</votes>

      

      

      

          <long_desc isprivate="0">
            <commentid>29497</commentid>
            <who name="Darin Swanson">Darin_Swanson</who>
            <bug_when>2002-03-01 11:57:57 -0500</bug_when>
            <thetext>The EventDispatcher no longer needs to wrapper all dispatches in Workspace 
runnables. If all marker attribute setting is wrapped in a runnable the 
original problem of deadlock can be averted.  

Breakpoint would need to implement #setAttribute* methods of IMarker and then 
call the IMarker methods in a workspace runnable.</thetext>
          </long_desc>
          <long_desc isprivate="0">
            <commentid>29775</commentid>
            <who name="Darin Swanson">Darin_Swanson</who>
            <bug_when>2002-03-04 10:01:24 -0500</bug_when>
            <thetext>Fixed in EventDispatcher and the Breakpoint hierarchy.
Pulled up ensureMarker to Breakpoint from JavaBreakpoint.
All setAttribute* calls must be done through Breakpoint and not directly to the 
marker.  The setAttribute calls to the marker are all done in workspace 
runnables to ensure no deadlock.</thetext>
          </long_desc>
          <long_desc isprivate="0">
            <commentid>29776</commentid>
            <who name="Darin Swanson">Darin_Swanson</who>
            <bug_when>2002-03-04 10:01:39 -0500</bug_when>
            <thetext>Please verify.</thetext>
          </long_desc>
          <long_desc isprivate="0">
            <commentid>30184</commentid>
            <who name="Darin Wright">darin.eclipse</who>
            <bug_when>2002-03-05 10:20:02 -0500</bug_when>
            <thetext>Verified.</thetext>
          </long_desc>
      
      

    </bug>

</bugzilla>