<?xml version="1.0" encoding="UTF-8" standalone="yes" ?>


<bugzilla version="4.2.1"
          urlbase="https://bugs.eclipse.org/bugs/"
          
          maintainer="webmaster@eclipse.org"
>

    <bug>
          <bug_id>10471</bug_id>
          
          <creation_ts>2002-02-28 09:10:00 -0500</creation_ts>
          <short_desc>Plugin editor / Extension page does not save state</short_desc>
          <delta_ts>2002-03-03 19:11:08 -0500</delta_ts>
          <reporter_accessible>1</reporter_accessible>
          <cclist_accessible>1</cclist_accessible>
          <classification_id>2</classification_id>
          <classification>Eclipse</classification>
          <product>PDE</product>
          <component>UI</component>
          <version>2.0</version>
          <rep_platform>PC</rep_platform>
          <op_sys>Windows 2000</op_sys>
          <bug_status>RESOLVED</bug_status>
          <resolution>FIXED</resolution>
          
          
          <bug_file_loc></bug_file_loc>
          <status_whiteboard></status_whiteboard>
          <keywords></keywords>
          <priority>P3</priority>
          <bug_severity>normal</bug_severity>
          <target_milestone>---</target_milestone>
          
          
          <everconfirmed>1</everconfirmed>
          <reporter name="Matt Lavin">lavinm</reporter>
          <assigned_to name="Dejan Glozic">dejan</assigned_to>
          
          
          <votes>0</votes>

      

      

      

          <long_desc isprivate="0">
            <commentid>29063</commentid>
            <who name="Matt Lavin">lavinm</who>
            <bug_when>2002-02-28 09:10:01 -0500</bug_when>
            <thetext>On the Extensions page, if the &quot;Show full extension hierachy&quot; item is checked 
and the plugin.xml file is closed then when the file is reopened the &quot;Show full 
extensin hierachy&quot; is not checked.

Steps to reproduce:
1.  Use the New-&gt;Other-&gt;Plugin Development-&gt;Plugin Project wizard to create a 
blank plugin
2.  Open the plugin.xml editor and switch to the Extensions page
3.  Check the &quot;Show full extension hierachy&quot; item
4.  Close the editor
5.  Open the editor
6.  Notice that on the &quot;Extensions&quot; page the item is no longer checked</thetext>
          </long_desc>
          <long_desc isprivate="0">
            <commentid>29664</commentid>
            <who name="Dejan Glozic">dejan</who>
            <bug_when>2002-03-03 19:11:08 -0500</bug_when>
            <thetext>We were not preserving the state. Fixed - will show up in the next build.</thetext>
          </long_desc>
      
      

    </bug>

</bugzilla>