<?xml version="1.0" encoding="UTF-8" standalone="yes" ?>


<bugzilla version="4.2.1"
          urlbase="https://bugs.eclipse.org/bugs/"
          
          maintainer="webmaster@eclipse.org"
>

    <bug>
          <bug_id>10063</bug_id>
          
          <creation_ts>2002-02-21 11:13:00 -0500</creation_ts>
          <short_desc>Debug UI:  Disabling breakpoint is not working remotely</short_desc>
          <delta_ts>2003-09-10 09:02:18 -0400</delta_ts>
          <reporter_accessible>1</reporter_accessible>
          <cclist_accessible>1</cclist_accessible>
          <classification_id>4</classification_id>
          <classification>Tools</classification>
          <product>CDT</product>
          <component>cdt-debug</component>
          <version>1.0</version>
          <rep_platform>PC</rep_platform>
          <op_sys>Linux-Motif</op_sys>
          <bug_status>CLOSED</bug_status>
          <resolution>DUPLICATE</resolution>
          <dup_id>10061</dup_id>
          
          <bug_file_loc></bug_file_loc>
          <status_whiteboard></status_whiteboard>
          <keywords></keywords>
          <priority>P2</priority>
          <bug_severity>major</bug_severity>
          <target_milestone>---</target_milestone>
          
          
          <everconfirmed>1</everconfirmed>
          <reporter name="Yasser Elmankabady">eyasser</reporter>
          <assigned_to name="Samantha Chan">chanskw</assigned_to>
          
          
          <votes>0</votes>

      

      

      

          <long_desc isprivate="0">
            <commentid>27588</commentid>
            <who name="Yasser Elmankabady">eyasser</who>
            <bug_when>2002-02-21 11:13:27 -0500</bug_when>
            <thetext>Disabling a breakpoint remotely, dosn&apos;t prevent the debugger from stopping at 
this breakpoint and does not turn the disabled breakpoint&apos;s marker to white.</thetext>
          </long_desc>
          <long_desc isprivate="0">
            <commentid>27607</commentid>
            <who name="Samantha Chan">chanskw</who>
            <bug_when>2002-02-21 14:02:00 -0500</bug_when>
            <thetext>Debug UI not sending in Disable Request to engine.
I will transfer bug to Debug UI.</thetext>
          </long_desc>
          <long_desc isprivate="0">
            <commentid>28980</commentid>
            <who name="Samantha Chan">chanskw</who>
            <bug_when>2002-02-27 22:31:24 -0500</bug_when>
            <thetext>UI bug.  Therefore, I will keep track of it with the UI bug I submitted.

*** This bug has been marked as a duplicate of 10061 ***</thetext>
          </long_desc>
          <long_desc isprivate="0">
            <commentid>185106</commentid>
            <who name="Sebastien Marineau">sebastien</who>
            <bug_when>2003-09-10 09:02:18 -0400</bug_when>
            <thetext>Closing</thetext>
          </long_desc>
      
      

    </bug>

</bugzilla>