<?xml version="1.0" encoding="UTF-8" standalone="yes" ?>


<bugzilla version="4.2.1"
          urlbase="https://bugs.eclipse.org/bugs/"
          
          maintainer="webmaster@eclipse.org"
>

    <bug>
          <bug_id>10488</bug_id>
          
          <creation_ts>2002-02-28 11:24:00 -0500</creation_ts>
          <short_desc>Hierarchy View is feeding the new Browsing Views</short_desc>
          <delta_ts>2006-06-22 08:34:05 -0400</delta_ts>
          <reporter_accessible>1</reporter_accessible>
          <cclist_accessible>1</cclist_accessible>
          <classification_id>2</classification_id>
          <classification>Eclipse</classification>
          <product>Platform</product>
          <component>UI</component>
          <version>2.0</version>
          <rep_platform>PC</rep_platform>
          <op_sys>Windows 2000</op_sys>
          <bug_status>RESOLVED</bug_status>
          <resolution>WONTFIX</resolution>
          
          
          <bug_file_loc></bug_file_loc>
          <status_whiteboard></status_whiteboard>
          <keywords></keywords>
          <priority>P4</priority>
          <bug_severity>enhancement</bug_severity>
          <target_milestone>---</target_milestone>
          
          
          <everconfirmed>1</everconfirmed>
          <reporter name="Randy Hudson">hudsonr</reporter>
          <assigned_to name="Platform-UI-Inbox">Platform-UI-Inbox</assigned_to>
          <cc>erich_gamma</cc>
    
    <cc>Tod_Creasey</cc>
          
          <votes>0</votes>

      

      

      

          <long_desc isprivate="0">
            <commentid>29137</commentid>
            <who name="Randy Hudson">hudsonr</who>
            <bug_when>2002-02-28 11:24:06 -0500</bug_when>
            <thetext>I am showing the hierarchy view in the Java Browsing perspective.  Clicking on 
a Type in the hierarchy view is changing the focus of the Types View and 
Packages View.  I only want the hierarchy view to feed the editor pane.

It&apos;s too bad we can&apos;t wire the panes together ala JFace 2000.  Maybe wiring 
could be implemented using Drag-and-Drop.</thetext>
          </long_desc>
          <long_desc isprivate="0">
            <commentid>29658</commentid>
            <who name="Erich Gamma">erich_gamma</who>
            <bug_when>2002-03-03 18:58:33 -0500</bug_when>
            <thetext>This is a consequence of supporting focus linking only.
The benfit of focus linking is that it makes it easy add additional Views to a 
page by the user without requiring any user configuration.

Support for wiring a la old JFace was considered by the Platform UI but was 
considered as too problematic. They have the rational. 

Moving to Platform UI</thetext>
          </long_desc>
          <long_desc isprivate="0">
            <commentid>31145</commentid>
            <who name="Kevin Haaland">Kevin_Haaland</who>
            <bug_when>2002-03-07 22:58:29 -0500</bug_when>
            <thetext>Erich&apos;s comments are correct. User initiated wiring is also problematic. 

I don&apos;t think it is a good idea to assume that users would like to explicitly 
wire their application to make it work. Instead I view this as an advanced 
feature to customize their user interface and would include other items like 
better control of the contents of menu and toolbars. 

This isn&apos;t going to be implemented for the 2.0 release. </thetext>
          </long_desc>
          <long_desc isprivate="0">
            <commentid>31277</commentid>
            <who name="Randy Hudson">hudsonr</who>
            <bug_when>2002-03-08 09:28:23 -0500</bug_when>
            <thetext>The Java Browsing Perspective *appears* to have a downstream behavior, Project -
-&gt; Packages --&gt; Types --&gt;Members.  I guess what really is happening is that the 
flow is both ways, but the upstream selection changes don&apos;t affect the upstream 
Views, because they are already showing that &quot;container&quot; anyway.

Couldn&apos;t JDT Browsing views filter input based on the source of the selection?  
Such that the Hierarchy View&apos;s selection did not feed other Views (per user 
preference).  This can probably be done without platform UI changes.  It would 
be a preference that I would use.</thetext>
          </long_desc>
          <long_desc isprivate="0">
            <commentid>736945</commentid>
            <who name="Tod Creasey">Tod_Creasey</who>
            <bug_when>2006-06-22 08:34:05 -0400</bug_when>
            <thetext>There are currently no plans to work on this feature</thetext>
          </long_desc>
      
      

    </bug>

</bugzilla>