<?xml version="1.0" encoding="UTF-8" standalone="yes" ?>


<bugzilla version="4.2.1"
          urlbase="https://bugs.eclipse.org/bugs/"
          
          maintainer="webmaster@eclipse.org"
>

    <bug>
          <bug_id>10561</bug_id>
          
          <creation_ts>2002-03-01 04:15:00 -0500</creation_ts>
          <short_desc>Progress bars are useless</short_desc>
          <delta_ts>2002-03-07 22:50:02 -0500</delta_ts>
          <reporter_accessible>1</reporter_accessible>
          <cclist_accessible>1</cclist_accessible>
          <classification_id>2</classification_id>
          <classification>Eclipse</classification>
          <product>JDT</product>
          <component>UI</component>
          <version>2.0</version>
          <rep_platform>PC</rep_platform>
          <op_sys>Windows XP</op_sys>
          <bug_status>RESOLVED</bug_status>
          <resolution>DUPLICATE</resolution>
          <dup_id>10560</dup_id>
          
          <bug_file_loc></bug_file_loc>
          <status_whiteboard></status_whiteboard>
          <keywords></keywords>
          <priority>P3</priority>
          <bug_severity>normal</bug_severity>
          <target_milestone>---</target_milestone>
          
          
          <everconfirmed>1</everconfirmed>
          <reporter name="Riyad Kalla">rkalla</reporter>
          <assigned_to name="Erich Gamma">erich_gamma</assigned_to>
          <cc>Kevin_McGuire</cc>
          
          <votes>0</votes>

      

      

      

          <long_desc isprivate="0">
            <commentid>29388</commentid>
            <who name="Riyad Kalla">rkalla</who>
            <bug_when>2002-03-01 04:15:15 -0500</bug_when>
            <thetext>The progress bars in Eclipse, having to do with all actions related to Java and 
VCM are not indicating correctly the percent of the action completed. All of 
the progress bars I&apos;ve seen in Eclispe will update to usually about a 1/4 of 
the way, regardless of the action, then the bar will stop updating while the 
text continues to update, and then when the action finishes the progress window 
closes, without the progress bar ever reaching anything past the 50% mark (its 
not like the window comes up and down so fast I can&apos;t see it, it just never 
progressed past 1/4 even if the window sits there chugging).

I have confirmed this with others on the news groups that the progress 
indicators in almost all aspects of Eclispe are utterly useless as far as 
actually reporting the current percentage done correctly.</thetext>
          </long_desc>
          <long_desc isprivate="0">
            <commentid>31138</commentid>
            <who name="Kevin Haaland">Kevin_Haaland</who>
            <bug_when>2002-03-07 22:38:36 -0500</bug_when>
            <thetext>Moving to JDT for initial investigation.</thetext>
          </long_desc>
          <long_desc isprivate="0">
            <commentid>31143</commentid>
            <who name="Kevin Haaland">Kevin_Haaland</who>
            <bug_when>2002-03-07 22:50:02 -0500</bug_when>
            <thetext>Looks like this is a duplicate of 10560 which has some usefull information in 
it. 

*** This bug has been marked as a duplicate of 10560 ***</thetext>
          </long_desc>
      
      

    </bug>

</bugzilla>