<?xml version="1.0" encoding="UTF-8" standalone="yes" ?>


<bugzilla version="4.2.1"
          urlbase="https://bugs.eclipse.org/bugs/"
          
          maintainer="webmaster@eclipse.org"
>

    <bug>
          <bug_id>10454</bug_id>
          
          <creation_ts>2002-02-27 18:48:00 -0500</creation_ts>
          <short_desc>Adding JRE through launch configuration dialog does not persist</short_desc>
          <delta_ts>2002-02-28 11:22:40 -0500</delta_ts>
          <reporter_accessible>1</reporter_accessible>
          <cclist_accessible>1</cclist_accessible>
          <classification_id>2</classification_id>
          <classification>Eclipse</classification>
          <product>JDT</product>
          <component>Debug</component>
          <version>2.0</version>
          <rep_platform>Other</rep_platform>
          <op_sys>other</op_sys>
          <bug_status>VERIFIED</bug_status>
          <resolution>FIXED</resolution>
          
          
          <bug_file_loc></bug_file_loc>
          <status_whiteboard></status_whiteboard>
          <keywords></keywords>
          <priority>P3</priority>
          <bug_severity>normal</bug_severity>
          <target_milestone>---</target_milestone>
          
          
          <everconfirmed>1</everconfirmed>
          <reporter name="Joe Szurszewski">eclipse</reporter>
          <assigned_to name="Darin Swanson">Darin_Swanson</assigned_to>
          
          
          <votes>0</votes>

      

      

      

          <long_desc isprivate="0">
            <commentid>28960</commentid>
            <who name="Joe Szurszewski">eclipse</who>
            <bug_when>2002-02-27 18:48:23 -0500</bug_when>
            <thetext>If a new JRE is added through the launch configuration dialog, the JRE is not persisted, so that on 
subsequent invocations of the workbench, the JRE does not appear.  Fixed in JavaMainTab.  The 
problem was that implementors of IAddVMDialogRequestor are expected to call 
JavaRuntime.saveVMConfiguration(), though this is not documented.</thetext>
          </long_desc>
          <long_desc isprivate="0">
            <commentid>28961</commentid>
            <who name="Joe Szurszewski">eclipse</who>
            <bug_when>2002-02-27 18:49:10 -0500</bug_when>
            <thetext>Fixed.</thetext>
          </long_desc>
          <long_desc isprivate="0">
            <commentid>28962</commentid>
            <who name="Joe Szurszewski">eclipse</who>
            <bug_when>2002-02-27 18:49:30 -0500</bug_when>
            <thetext>Please verify.</thetext>
          </long_desc>
          <long_desc isprivate="0">
            <commentid>29136</commentid>
            <who name="Darin Swanson">Darin_Swanson</who>
            <bug_when>2002-02-28 11:22:40 -0500</bug_when>
            <thetext>Verified.</thetext>
          </long_desc>
      
      

    </bug>

</bugzilla>