<?xml version="1.0" encoding="UTF-8" standalone="yes" ?>


<bugzilla version="4.2.1"
          urlbase="https://bugs.eclipse.org/bugs/"
          
          maintainer="webmaster@eclipse.org"
>

    <bug>
          <bug_id>10061</bug_id>
          
          <creation_ts>2002-02-21 10:44:00 -0500</creation_ts>
          <short_desc>Debug UI:  Removing breakpoints failed when using the editor&apos;s context menu action</short_desc>
          <delta_ts>2003-09-10 09:01:59 -0400</delta_ts>
          <reporter_accessible>1</reporter_accessible>
          <cclist_accessible>1</cclist_accessible>
          <classification_id>4</classification_id>
          <classification>Tools</classification>
          <product>CDT</product>
          <component>cdt-debug</component>
          <version>1.0</version>
          <rep_platform>PC</rep_platform>
          <op_sys>Linux-Motif</op_sys>
          <bug_status>CLOSED</bug_status>
          <resolution>INVALID</resolution>
          
          
          <bug_file_loc></bug_file_loc>
          <status_whiteboard></status_whiteboard>
          <keywords></keywords>
          <priority>P2</priority>
          <bug_severity>major</bug_severity>
          <target_milestone>---</target_milestone>
          
          
          <everconfirmed>1</everconfirmed>
          <reporter name="Yasser Elmankabady">eyasser</reporter>
          <assigned_to name="Samantha Chan">chanskw</assigned_to>
          
          
          <votes>0</votes>

      

      

      

          <long_desc isprivate="0">
            <commentid>27586</commentid>
            <who name="Yasser Elmankabady">eyasser</who>
            <bug_when>2002-02-21 10:44:14 -0500</bug_when>
            <thetext>Could not remotely delete a breakpoint using the Add/Remove Breakpoint from 
Lpex context menu.</thetext>
          </long_desc>
          <long_desc isprivate="0">
            <commentid>27608</commentid>
            <who name="Samantha Chan">chanskw</who>
            <bug_when>2002-02-21 14:03:16 -0500</bug_when>
            <thetext>Debug UI sent in add breakpoint request in this case.
Transfer this bug to Debug UI.</thetext>
          </long_desc>
          <long_desc isprivate="0">
            <commentid>27622</commentid>
            <who name="Samantha Chan">chanskw</who>
            <bug_when>2002-02-21 15:52:54 -0500</bug_when>
            <thetext>Bug 37 from frogger.</thetext>
          </long_desc>
          <long_desc isprivate="0">
            <commentid>28979</commentid>
            <who name="Samantha Chan">chanskw</who>
            <bug_when>2002-02-27 22:30:10 -0500</bug_when>
            <thetext>I will mark it invalid &apos;cuz this is really a UI bug.  We will keep track of it 
with the bug I entered for Debug UI.</thetext>
          </long_desc>
          <long_desc isprivate="0">
            <commentid>28981</commentid>
            <who name="Samantha Chan">chanskw</who>
            <bug_when>2002-02-27 22:31:25 -0500</bug_when>
            <thetext>*** Bug 10063 has been marked as a duplicate of this bug. ***</thetext>
          </long_desc>
          <long_desc isprivate="0">
            <commentid>185105</commentid>
            <who name="Sebastien Marineau">sebastien</who>
            <bug_when>2003-09-10 09:01:59 -0400</bug_when>
            <thetext>Closing</thetext>
          </long_desc>
      
      

    </bug>

</bugzilla>