<?xml version="1.0" encoding="UTF-8" standalone="yes" ?>


<bugzilla version="4.2.1"
          urlbase="https://bugs.eclipse.org/bugs/"
          
          maintainer="webmaster@eclipse.org"
>

    <bug>
          <bug_id>10141</bug_id>
          
          <creation_ts>2002-02-24 09:42:00 -0500</creation_ts>
          <short_desc>Shift Left/Right disabled unless selection is &quot;full lines&quot;.</short_desc>
          <delta_ts>2002-04-08 05:24:10 -0400</delta_ts>
          <reporter_accessible>1</reporter_accessible>
          <cclist_accessible>1</cclist_accessible>
          <classification_id>2</classification_id>
          <classification>Eclipse</classification>
          <product>JDT</product>
          <component>UI</component>
          <version>2.0</version>
          <rep_platform>PC</rep_platform>
          <op_sys>Windows 2000</op_sys>
          <bug_status>RESOLVED</bug_status>
          <resolution>FIXED</resolution>
          
          
          <bug_file_loc></bug_file_loc>
          <status_whiteboard></status_whiteboard>
          <keywords></keywords>
          <priority>P2</priority>
          <bug_severity>normal</bug_severity>
          <target_milestone>2.0 M4</target_milestone>
          
          
          <everconfirmed>1</everconfirmed>
          <reporter name="David Corbin">dcorbin</reporter>
          <assigned_to name="Kai-Uwe Maetzel">kai-uwe_maetzel</assigned_to>
          
          
          <votes>0</votes>

      

      

      

          <long_desc isprivate="0">
            <commentid>27750</commentid>
            <who name="David Corbin">dcorbin</who>
            <bug_when>2002-02-24 09:42:19 -0500</bug_when>
            <thetext>Consider this example:

    while (true)
    {
    }

If I place the caret infront of the w in while, press Shift-Down Arrow twice,
the selection spans three lines, and the Shift-Right/Shift-Left menu-items are
disabled. (Pressing Tab erases the selection at this point).

If instead, I place the caret at the begining of the line with the while on it,
and press Shift-Down Arrow three times, these commands are enabled, and the Tab
key does as expected</thetext>
          </long_desc>
          <long_desc isprivate="0">
            <commentid>31599</commentid>
            <who name="Erich Gamma">erich_gamma</who>
            <bug_when>2002-03-11 09:00:00 -0500</bug_when>
            <thetext>this is not the first complaint on this behaviour and we should change it.</thetext>
          </long_desc>
          <long_desc isprivate="0">
            <commentid>32032</commentid>
            <who name="Kai-Uwe Maetzel">kai-uwe_maetzel</who>
            <bug_when>2002-03-12 10:20:46 -0500</bug_when>
            <thetext>Build 20020312.</thetext>
          </long_desc>
          <long_desc isprivate="0">
            <commentid>32033</commentid>
            <who name="Kai-Uwe Maetzel">kai-uwe_maetzel</who>
            <bug_when>2002-03-12 10:21:07 -0500</bug_when>
            <thetext>Build 20020312.</thetext>
          </long_desc>
          <long_desc isprivate="0">
            <commentid>32037</commentid>
            <who name="Kai-Uwe Maetzel">kai-uwe_maetzel</who>
            <bug_when>2002-03-12 10:23:14 -0500</bug_when>
            <thetext>...Mid-air collision detected
Close again.
</thetext>
          </long_desc>
          <long_desc isprivate="0">
            <commentid>34290</commentid>
            <who name="Claude Knaus">Claude_Knaus</who>
            <bug_when>2002-03-20 08:27:56 -0500</bug_when>
            <thetext>I assume this has been changed back to the old behaviour because of collision 
with tab-navigation in templates.</thetext>
          </long_desc>
          <long_desc isprivate="0">
            <commentid>39291</commentid>
            <who name="Kai-Uwe Maetzel">kai-uwe_maetzel</who>
            <bug_when>2002-04-08 05:24:10 -0400</bug_when>
            <thetext>Build 20020409.</thetext>
          </long_desc>
      
      

    </bug>

</bugzilla>