<?xml version="1.0" encoding="UTF-8" standalone="yes" ?>


<bugzilla version="4.2.1"
          urlbase="https://bugs.eclipse.org/bugs/"
          
          maintainer="webmaster@eclipse.org"
>

    <bug>
          <bug_id>10573</bug_id>
          
          <creation_ts>2002-03-01 08:44:00 -0500</creation_ts>
          <short_desc>Search for available updates</short_desc>
          <delta_ts>2002-04-04 09:04:29 -0500</delta_ts>
          <reporter_accessible>1</reporter_accessible>
          <cclist_accessible>1</cclist_accessible>
          <classification_id>2</classification_id>
          <classification>Eclipse</classification>
          <product>Platform</product>
          <component>Update  (deprecated - use RT&gt;Equinox&gt;p2)</component>
          <version>2.0</version>
          <rep_platform>PC</rep_platform>
          <op_sys>Windows 2000</op_sys>
          <bug_status>RESOLVED</bug_status>
          <resolution>DUPLICATE</resolution>
          <dup_id>9639</dup_id>
          
          <bug_file_loc></bug_file_loc>
          <status_whiteboard></status_whiteboard>
          <keywords></keywords>
          <priority>P3</priority>
          <bug_severity>normal</bug_severity>
          <target_milestone>2.0 M5</target_milestone>
          
          
          <everconfirmed>1</everconfirmed>
          <reporter name="Vlad Klicnik">klicnik</reporter>
          <assigned_to name="Dejan Glozic">dejan</assigned_to>
          
          
          <votes>0</votes>

      

      

      

          <long_desc isprivate="0">
            <commentid>29417</commentid>
            <who name="Vlad Klicnik">klicnik</who>
            <bug_when>2002-03-01 08:44:08 -0500</bug_when>
            <thetext>Search for available updates result includes the version of the feature that is 
already installed</thetext>
          </long_desc>
          <long_desc isprivate="0">
            <commentid>38570</commentid>
            <who name="Christophe Elek">celek</who>
            <bug_when>2002-04-04 09:04:29 -0500</bug_when>
            <thetext>

*** This bug has been marked as a duplicate of 9639 ***</thetext>
          </long_desc>
      
      

    </bug>

</bugzilla>