<?xml version="1.0" encoding="UTF-8" standalone="yes" ?>


<bugzilla version="4.2.1"
          urlbase="https://bugs.eclipse.org/bugs/"
          
          maintainer="webmaster@eclipse.org"
>

    <bug>
          <bug_id>10114</bug_id>
          
          <creation_ts>2002-02-22 14:45:00 -0500</creation_ts>
          <short_desc>NL: WSWB rollup 2 - Japanese translations have bogus brackets</short_desc>
          <delta_ts>2002-11-21 14:23:47 -0500</delta_ts>
          <reporter_accessible>1</reporter_accessible>
          <cclist_accessible>1</cclist_accessible>
          <classification_id>2</classification_id>
          <classification>Eclipse</classification>
          <product>Platform</product>
          <component>Releng</component>
          <version>2.0</version>
          <rep_platform>PC</rep_platform>
          <op_sys>Windows 2000</op_sys>
          <bug_status>CLOSED</bug_status>
          <resolution>FIXED</resolution>
          
          
          <bug_file_loc></bug_file_loc>
          <status_whiteboard></status_whiteboard>
          <keywords></keywords>
          <priority>P3</priority>
          <bug_severity>normal</bug_severity>
          <target_milestone>---</target_milestone>
          
          
          <everconfirmed>1</everconfirmed>
          <reporter name="Tod Creasey">Tod_Creasey</reporter>
          <assigned_to name="Cam-Thu Le">camle</assigned_to>
          <cc>John_Wiegand</cc>
    
    <cc>kai-uwe_maetzel</cc>
    
    <cc>Kevin_Haaland</cc>
          
          <votes>0</votes>

      

      

      

          <long_desc isprivate="0">
            <commentid>27699</commentid>
            <who name="Tod Creasey">Tod_Creasey</who>
            <bug_when>2002-02-22 14:45:05 -0500</bug_when>
            <thetext>The following entries in the org.eclipse.jface propeties files have Japanese 
text in parantheses after the definition. These entries define the title for 
the entire workbench - unless these are removed all of the accelerators in the 
workbench will require these brackets as well.

Note that this currently breaks code assist on  Japanese.

These are the following

AcceleratorKeys.Backspace=Backspace (\u30D0\u30C3\u30AF\u30B9\u30DA\u30FC\u30B9)
AcceleratorKeys.Tab=Tab (\u30BF\u30D6)
AcceleratorKeys.Return=\u30EA\u30BF\u30FC\u30F3
AcceleratorKeys.Enter=Enter (\u5B9F\u884C)
AcceleratorKeys.Escape=Esc (\u30A8\u30B9\u30B1\u30FC\u30D7)
AcceleratorKeys.Delete=Delete (\u524A\u9664)
AcceleratorKeys.PageUp=Page Up (\u524D\u30DA\u30FC\u30B8)
AcceleratorKeys.PageDown=Page Down (\u6B21\u30DA\u30FC\u30B8)

Which should read

AcceleratorKeys.Backspace=Backspace
AcceleratorKeys.Tab=Tab
AcceleratorKeys.Return=\u30EA\u30BF\u30FC\u30F3
AcceleratorKeys.Enter=Enter
AcceleratorKeys.Escape=Esc
AcceleratorKeys.Delete=Delete
AcceleratorKeys.Space=Space
AcceleratorKeys.ArrowUp=\u4E0A\u77E2\u5370
AcceleratorKeys.ArrowDown=\u4E0B\u77E2\u5370
AcceleratorKeys.ArrowLeft=\u5DE6\u77E2\u5370
AcceleratorKeys.ArrowRight=\u53F3\u77E2\u5370
AcceleratorKeys.PageUp=Page Up
AcceleratorKeys.PageDown=Page Down</thetext>
          </long_desc>
          <long_desc isprivate="0">
            <commentid>82859</commentid>
            <who name="Richard Bone">rabone</who>
            <bug_when>2002-07-29 11:13:34 -0400</bug_when>
            <thetext>This appears to be intended to address problems in R1.0 rollup 2, but the bug 
is logged against R2.0.  This problem does not exist in 2.0 due to the key name 
changes and retranslation.  Please clarify.  Thanks.</thetext>
          </long_desc>
          <long_desc isprivate="0">
            <commentid>82963</commentid>
            <who name="Tod Creasey">Tod_Creasey</who>
            <bug_when>2002-07-29 14:06:58 -0400</bug_when>
            <thetext>Fixed in 1.0 translations</thetext>
          </long_desc>
          <long_desc isprivate="0">
            <commentid>82967</commentid>
            <who name="Tod Creasey">Tod_Creasey</who>
            <bug_when>2002-07-29 14:22:39 -0400</bug_when>
            <thetext>Confirmed fixed in R2.0 fragments</thetext>
          </long_desc>
          <long_desc isprivate="0">
            <commentid>106265</commentid>
            <who name="Cam-Thu Le">camle</who>
            <bug_when>2002-11-18 16:52:02 -0500</bug_when>
            <thetext>problem closed.</thetext>
          </long_desc>
      
      

    </bug>

</bugzilla>