<?xml version="1.0" encoding="UTF-8" standalone="yes" ?>


<bugzilla version="4.2.1"
          urlbase="https://bugs.eclipse.org/bugs/"
          
          maintainer="webmaster@eclipse.org"
>

    <bug>
          <bug_id>10002</bug_id>
          
          <creation_ts>2002-02-19 12:28:00 -0500</creation_ts>
          <short_desc>Detection of CDE as active WM is platform-specific</short_desc>
          <delta_ts>2002-03-07 10:56:57 -0500</delta_ts>
          <reporter_accessible>1</reporter_accessible>
          <cclist_accessible>1</cclist_accessible>
          <classification_id>2</classification_id>
          <classification>Eclipse</classification>
          <product>Platform</product>
          <component>SWT</component>
          <version>2.0</version>
          <rep_platform>All</rep_platform>
          <op_sys>Unix All</op_sys>
          <bug_status>RESOLVED</bug_status>
          <resolution>FIXED</resolution>
          
          
          <bug_file_loc></bug_file_loc>
          <status_whiteboard></status_whiteboard>
          <keywords></keywords>
          <priority>P4</priority>
          <bug_severity>minor</bug_severity>
          <target_milestone>2.0 M4</target_milestone>
          
          
          <everconfirmed>1</everconfirmed>
          <reporter name="John Rose">johnrose</reporter>
          <assigned_to name="Kevin Cornell">kcornell</assigned_to>
          <cc>Mike_Wilson</cc>
          
          <votes>0</votes>

      

      

      

          <long_desc isprivate="0">
            <commentid>27491</commentid>
            <who name="John Rose">johnrose</who>
            <bug_when>2002-02-19 12:28:51 -0500</bug_when>
            <thetext>SWT code currently determines the active desktop by looking for defined &quot;atoms&quot;
or properties that are associated with the root window.  The atom that Eclipse
now uses to identify CDE is DTWM_IS_RUNNING.  This happens in
Program.getDesktop(). 

CDE on AIX does not define this property.  It would be nice to have a string
that AIX, HP-UX, and Solaris have in common.  Kevin Cornell and I have discussed
using _DT_SM_PREFERENCES. which appears to be a defined property for all three
platforms.</thetext>
          </long_desc>
          <long_desc isprivate="0">
            <commentid>27876</commentid>
            <who name="Mike Wilson">Mike_Wilson</who>
            <bug_when>2002-02-25 13:55:50 -0500</bug_when>
            <thetext>If we are sure that _DT_SM_PREFERENCES is a *good* (i.e. no false positives as 
well as being defined in the cases we care about), then KC should go ahead and 
make the change.
</thetext>
          </long_desc>
          <long_desc isprivate="0">
            <commentid>29055</commentid>
            <who name="Kevin Cornell">kcornell</who>
            <bug_when>2002-02-28 08:41:04 -0500</bug_when>
            <thetext>If the atom _DT_SM_PREFERENCES is defined on the root window, CDE is installed 
and DTWM was running at some time during the session. Therefore the CDE 
database exists (and so do the CDE shared libraries that SWT uses) so it is 
safe to query the CDE database for the available applications.</thetext>
          </long_desc>
      
      

    </bug>

</bugzilla>