<?xml version="1.0" encoding="UTF-8" standalone="yes" ?>


<bugzilla version="4.2.1"
          urlbase="https://bugs.eclipse.org/bugs/"
          
          maintainer="webmaster@eclipse.org"
>

    <bug>
          <bug_id>10423</bug_id>
          
          <creation_ts>2002-02-27 14:59:00 -0500</creation_ts>
          <short_desc>No way to distinguish fields with identical names</short_desc>
          <delta_ts>2002-02-27 15:12:14 -0500</delta_ts>
          <reporter_accessible>1</reporter_accessible>
          <cclist_accessible>1</cclist_accessible>
          <classification_id>2</classification_id>
          <classification>Eclipse</classification>
          <product>JDT</product>
          <component>Debug</component>
          <version>2.0</version>
          <rep_platform>PC</rep_platform>
          <op_sys>other</op_sys>
          <bug_status>RESOLVED</bug_status>
          <resolution>DUPLICATE</resolution>
          <dup_id>1547</dup_id>
          
          <bug_file_loc></bug_file_loc>
          <status_whiteboard></status_whiteboard>
          <keywords></keywords>
          <priority>P3</priority>
          <bug_severity>normal</bug_severity>
          <target_milestone>---</target_milestone>
          
          
          <everconfirmed>1</everconfirmed>
          <reporter name="Peter Burka">peter_burka</reporter>
          <assigned_to name="Darin Wright">darin.eclipse</assigned_to>
          
          
          <votes>0</votes>

      

      

      

          <long_desc isprivate="0">
            <commentid>28842</commentid>
            <who name="Peter Burka">peter_burka</who>
            <bug_when>2002-02-27 14:59:18 -0500</bug_when>
            <thetext>The Debug &apos;Variables&apos; view doesn&apos;t provide any means to dintinguish between two 
fields with the same name.  This can happen if a superclass has a private 
field, and a subclass has a field with the same name.

I tried turning on the &apos;show qualified names&apos; option, and the &apos;show type names&apos; 
option, and neither one helped.

I think that it would be desirable to show the declaring class name to uniquely 
identify these fields.

(20020215 stable build)</thetext>
          </long_desc>
          <long_desc isprivate="0">
            <commentid>28851</commentid>
            <who name="Darin Wright">darin.eclipse</who>
            <bug_when>2002-02-27 15:12:14 -0500</bug_when>
            <thetext>

*** This bug has been marked as a duplicate of 1547 ***</thetext>
          </long_desc>
      
      

    </bug>

</bugzilla>