<?xml version="1.0" encoding="UTF-8" standalone="yes" ?>


<bugzilla version="4.2.1"
          urlbase="https://bugs.eclipse.org/bugs/"
          
          maintainer="webmaster@eclipse.org"
>

    <bug>
          <bug_id>10108</bug_id>
          
          <creation_ts>2002-02-22 12:28:00 -0500</creation_ts>
          <short_desc>autoconf: in case of start from scratch, do not popup the &quot;update&quot; dialog</short_desc>
          <delta_ts>2009-01-09 14:10:15 -0500</delta_ts>
          <reporter_accessible>1</reporter_accessible>
          <cclist_accessible>1</cclist_accessible>
          <classification_id>4</classification_id>
          <classification>Tools</classification>
          <product>CDT</product>
          <component>cdt-other</component>
          <version>2.0</version>
          <rep_platform>PC</rep_platform>
          <op_sys>All</op_sys>
          <bug_status>RESOLVED</bug_status>
          <resolution>FIXED</resolution>
          
          
          <bug_file_loc></bug_file_loc>
          <status_whiteboard></status_whiteboard>
          <keywords></keywords>
          <priority>P2</priority>
          <bug_severity>enhancement</bug_severity>
          <target_milestone>2.0 - Release</target_milestone>
          
          
          <everconfirmed>1</everconfirmed>
          <reporter name="Robert Weisz">weisz</reporter>
          <assigned_to name="Yasser Elmankabady">eyasser</assigned_to>
          <cc>eyasser</cc>
          
          <votes>0</votes>

      

      

      

          <long_desc isprivate="0">
            <commentid>27682</commentid>
            <who name="Robert Weisz">weisz</who>
            <bug_when>2002-02-22 12:28:51 -0500</bug_when>
            <thetext>In case of generation from scratch of configuration files, we can store this
fact in a property, so we will know that there is no need to popup the question
of whether to update the configuration files.
(The popup is needed only in case of importing project with existing Makefile.am 
etc. otherwise there is no issue.)</thetext>
          </long_desc>
          <long_desc isprivate="0">
            <commentid>42659</commentid>
            <who name="Yasser Elmankabady">eyasser</who>
            <bug_when>2002-04-15 14:04:02 -0400</bug_when>
            <thetext>Fixed and have been updated in cvs</thetext>
          </long_desc>
      
      

    </bug>

</bugzilla>