<?xml version="1.0" encoding="UTF-8" standalone="yes" ?>


<bugzilla version="4.2.1"
          urlbase="https://bugs.eclipse.org/bugs/"
          
          maintainer="webmaster@eclipse.org"
>

    <bug>
          <bug_id>10494</bug_id>
          
          <creation_ts>2002-02-28 11:36:00 -0500</creation_ts>
          <short_desc>No feedback when pressing SHIFT+F2 (external Javadoc)</short_desc>
          <delta_ts>2002-04-22 10:52:55 -0400</delta_ts>
          <reporter_accessible>1</reporter_accessible>
          <cclist_accessible>1</cclist_accessible>
          <classification_id>2</classification_id>
          <classification>Eclipse</classification>
          <product>JDT</product>
          <component>UI</component>
          <version>2.0</version>
          <rep_platform>PC</rep_platform>
          <op_sys>Windows NT</op_sys>
          <bug_status>RESOLVED</bug_status>
          <resolution>WONTFIX</resolution>
          
          
          <bug_file_loc></bug_file_loc>
          <status_whiteboard></status_whiteboard>
          <keywords></keywords>
          <priority>P3</priority>
          <bug_severity>normal</bug_severity>
          <target_milestone>---</target_milestone>
          
          
          <everconfirmed>1</everconfirmed>
          <reporter name="Dani Megert">daniel_megert</reporter>
          <assigned_to name="Martin Aeschlimann">martin_aeschlimann</assigned_to>
          
          
          <votes>0</votes>

      

      

      

          <long_desc isprivate="0">
            <commentid>29155</commentid>
            <who name="Dani Megert">daniel_megert</who>
            <bug_when>2002-02-28 11:36:42 -0500</bug_when>
            <thetext>If there is no external directory I get a dialog. Once I set the directory to
some random location I don&apos;t get any reaction to SHIFT+F2.

Same if I set the external JDoc directory to a valid location and ask for
external JDoc on package/type which is not doced.</thetext>
          </long_desc>
          <long_desc isprivate="0">
            <commentid>45096</commentid>
            <who name="Martin Aeschlimann">martin_aeschlimann</who>
            <bug_when>2002-04-22 10:52:55 -0400</bug_when>
            <thetext>for file:// the error messages are precice. No validating for http:// 
locations, but the hlep viewer will who a page not found error.

Will add a validate button to the javadoc location property page.
</thetext>
          </long_desc>
      
      

    </bug>

</bugzilla>