<?xml version="1.0" encoding="UTF-8" standalone="yes" ?>


<bugzilla version="4.2.1"
          urlbase="https://bugs.eclipse.org/bugs/"
          
          maintainer="webmaster@eclipse.org"
>

    <bug>
          <bug_id>10089</bug_id>
          
          <creation_ts>2002-02-21 23:23:00 -0500</creation_ts>
          <short_desc>Structured selection key shortcuts should use SHIFT key</short_desc>
          <delta_ts>2002-04-08 08:08:21 -0400</delta_ts>
          <reporter_accessible>1</reporter_accessible>
          <cclist_accessible>1</cclist_accessible>
          <classification_id>2</classification_id>
          <classification>Eclipse</classification>
          <product>JDT</product>
          <component>UI</component>
          <version>2.0</version>
          <rep_platform>All</rep_platform>
          <op_sys>All</op_sys>
          <bug_status>RESOLVED</bug_status>
          <resolution>FIXED</resolution>
          
          
          <bug_file_loc></bug_file_loc>
          <status_whiteboard></status_whiteboard>
          <keywords></keywords>
          <priority>P2</priority>
          <bug_severity>normal</bug_severity>
          <target_milestone>2.0 M5</target_milestone>
          
          
          <everconfirmed>1</everconfirmed>
          <reporter name="Cagatay Kavukcuoglu">cagatayk</reporter>
          <assigned_to name="Adam Kiezun">akiezun</assigned_to>
          <cc>akiezun</cc>
    
    <cc>erich_gamma</cc>
    
    <cc>nick_edgar</cc>
          
          <votes>0</votes>

      

      

      

          <long_desc isprivate="0">
            <commentid>27634</commentid>
            <who name="Cagatay Kavukcuoglu">cagatayk</who>
            <bug_when>2002-02-21 23:23:07 -0500</bug_when>
            <thetext>Currently, structured selection shortcuts are defined as ALT-&lt;arrowkey&gt;. This 
is different then the other range selection shortcuts that use the SHIFT key. 
Structured selection shortcuts can be changed to use ALT-SHIFT-&lt;arrowkey&gt;, that 
would make them fit better with the rest of the text selection shortcuts.

Also, ALT-&lt;arrowkey&gt; shortcuts are frequently used for going back and forward 
in browsers and applications presenting similar functionality. These shortcuts 
would clash with similar functionality plugins may present in Eclipse (which my 
Nox Browser plugin at http://sourceforge.net/projects/nox does).</thetext>
          </long_desc>
          <long_desc isprivate="0">
            <commentid>31626</commentid>
            <who name="Erich Gamma">erich_gamma</who>
            <bug_when>2002-03-11 09:42:12 -0500</bug_when>
            <thetext>This change is fine by us, but checking with the Platform UI whether this is 
consistent with the overall short-cut scheme.</thetext>
          </long_desc>
          <long_desc isprivate="0">
            <commentid>31832</commentid>
            <who name="Nick Edgar">nick_edgar</who>
            <bug_when>2002-03-11 16:05:48 -0500</bug_when>
            <thetext>Where does this ALT+&lt;arrowKey&gt; shortcut occur?

If it&apos;s a Tree, this should not be necessary since there have been improvements 
in SWT to do this using Shift and Ctrl with the arrows.

I agree with Cagatay that we should reserve Alt+Left Arrow and Alt+Right Arrow 
for browser type navigation.

In general, Alt combinations should be avoided since they often clash with 
system functions or mnemonics, and these can differ on each platform.

Shift+&lt;arrows&gt; is usually used for extending a continuous selection.
Ctrl+&lt;arrows&gt; is usually used for changing focus item, with Ctrl+Space toggling 
selection of the item with focus.
In the case of single selection, Ctrl+&lt;arrows&gt; is often used for panning 
without changing the selection.

Moving back to JDT.
</thetext>
          </long_desc>
          <long_desc isprivate="0">
            <commentid>39042</commentid>
            <who name="Adam Kiezun">akiezun</who>
            <bug_when>2002-04-05 13:07:34 -0500</bug_when>
            <thetext>*** Bug 12888 has been marked as a duplicate of this bug. ***</thetext>
          </long_desc>
          <long_desc isprivate="0">
            <commentid>39329</commentid>
            <who name="Adam Kiezun">akiezun</who>
            <bug_when>2002-04-08 08:08:21 -0400</bug_when>
            <thetext>fixed for M5
using alt+shift+&lt;arrow&gt;</thetext>
          </long_desc>
      
      

    </bug>

</bugzilla>