<?xml version="1.0" encoding="UTF-8" standalone="yes" ?>


<bugzilla version="4.2.1"
          urlbase="https://bugs.eclipse.org/bugs/"
          
          maintainer="webmaster@eclipse.org"
>

    <bug>
          <bug_id>10365</bug_id>
          
          <creation_ts>2002-02-26 23:52:00 -0500</creation_ts>
          <short_desc>Control of Gnome Help Browser</short_desc>
          <delta_ts>2002-06-06 15:16:23 -0400</delta_ts>
          <reporter_accessible>1</reporter_accessible>
          <cclist_accessible>1</cclist_accessible>
          <classification_id>4</classification_id>
          <classification>Tools</classification>
          <product>CDT</product>
          <component>cdt-doc</component>
          <version>2.0</version>
          <rep_platform>All</rep_platform>
          <op_sys>All</op_sys>
          <bug_status>RESOLVED</bug_status>
          <resolution>WONTFIX</resolution>
          
          
          <bug_file_loc></bug_file_loc>
          <status_whiteboard></status_whiteboard>
          <keywords></keywords>
          <priority>P2</priority>
          <bug_severity>enhancement</bug_severity>
          <target_milestone>Future</target_milestone>
          <dependson>10366</dependson>
          
          <everconfirmed>1</everconfirmed>
          <reporter name="Brian Thomson">thomson</reporter>
          <assigned_to name="Enrique Varillas">enriquev</assigned_to>
          
          
          <votes>0</votes>

      

      

      

          <long_desc isprivate="0">
            <commentid>28430</commentid>
            <who name="Brian Thomson">thomson</who>
            <bug_when>2002-02-26 23:52:06 -0500</bug_when>
            <thetext>Control of Gnome Help Browser.  The Search Docs view currently launches a new
instance of the gnome-help-browser for every search result selected. Need to
control the browser so that one instance is reused.</thetext>
          </long_desc>
          <long_desc isprivate="0">
            <commentid>69933</commentid>
            <who name="Enrique Varillas">enriquev</who>
            <bug_when>2002-06-06 15:16:23 -0400</bug_when>
            <thetext>With local/remote help using the Default Eclipse browser, the gnome-help-browser
may eventually be dropped.</thetext>
          </long_desc>
      
      

    </bug>

</bugzilla>