<?xml version="1.0" encoding="UTF-8" standalone="yes" ?>


<bugzilla version="4.2.1"
          urlbase="https://bugs.eclipse.org/bugs/"
          
          maintainer="webmaster@eclipse.org"
>

    <bug>
          <bug_id>102</bug_id>
          
          <creation_ts>2001-10-10 21:36:00 -0400</creation_ts>
          <short_desc>Compare: cntrl-N for stepping (1GEK2NH)</short_desc>
          <delta_ts>2002-03-06 20:17:42 -0500</delta_ts>
          <reporter_accessible>1</reporter_accessible>
          <cclist_accessible>1</cclist_accessible>
          <classification_id>2</classification_id>
          <classification>Eclipse</classification>
          <product>Platform</product>
          <component>Team</component>
          <version>2.0</version>
          <rep_platform>All</rep_platform>
          <op_sys>All</op_sys>
          <bug_status>RESOLVED</bug_status>
          <resolution>FIXED</resolution>
          
          
          <bug_file_loc></bug_file_loc>
          <status_whiteboard></status_whiteboard>
          <keywords></keywords>
          <priority>P5</priority>
          <bug_severity>normal</bug_severity>
          <target_milestone>---</target_milestone>
          
          
          <everconfirmed>1</everconfirmed>
          <reporter name="Kevin McGuire">Kevin_McGuire</reporter>
          <assigned_to name="James Moody">James_Moody</assigned_to>
          
          
          <votes>0</votes>

      

      

      

          <long_desc isprivate="0">
            <commentid>108</commentid>
            <who name="Kevin McGuire">Kevin_McGuire</who>
            <bug_when>2001-10-10 21:36:28 -0400</bug_when>
            <thetext>It would be really nice if we had an accelerator for stepping (eg. cntrl-N).
Having to pick an icon is bad for accessibility and slows things down since you
move from editing text to back up to the &apos;next&apos; buttons.

NOTES:

AW (31.05.01 20:17:58)
	Yes!

AW (01.06.01 20:50:30)
	Fixed in &gt; 0.116.

	There is a new org.eclipse.compare.internal.NavigationAction that the SyncView might want to use.
	The cntrl-N/P shortcuts are independent from the actions (since there is no platform support for doing this kind of stuff)
	so they should work without installing the actions;
	however it would be nice if the up/down arrows would appears in the SyncView&apos;s titlebar (as in the Search result viewer).

JohnA (6/4/2001 4:52:38 PM)
	Moving this PR to ITPVCM for consideration of adding next &amp; previous actions to the sync view toolbar.
	Easy change, but I&apos;m not crazy about the idea of adding YET ANOTHER pair of up/down arrows.
	The distinction with these ones is that they go to the next change regardless of file boundaries.
	
JEM (6/6/2001 11:32:04 AM)
	How about a toggle button on the local tool bar which determines the behaviour of the
	up/down buttons, rather than another set of buttons?</thetext>
          </long_desc>
          <long_desc isprivate="0">
            <commentid>8465</commentid>
            <who name="DJ Houghton">dj_houghton</who>
            <bug_when>2001-10-29 16:51:34 -0500</bug_when>
            <thetext>{nice-to-have/  1hr}

PRODUCT VERSION:

114

</thetext>
          </long_desc>
          <long_desc isprivate="0">
            <commentid>30732</commentid>
            <who name="Kevin McGuire">Kevin_McGuire</who>
            <bug_when>2002-03-06 20:17:42 -0500</bug_when>
            <thetext>We have two sets of buttons now and CNTRL-N.</thetext>
          </long_desc>
      
      

    </bug>

</bugzilla>