<?xml version="1.0" encoding="UTF-8" standalone="yes" ?>


<bugzilla version="4.2.1"
          urlbase="https://bugs.eclipse.org/bugs/"
          
          maintainer="webmaster@eclipse.org"
>

    <bug>
          <bug_id>10249</bug_id>
          
          <creation_ts>2002-02-26 08:42:00 -0500</creation_ts>
          <short_desc>-plugins-file from UIMain.class not recognized</short_desc>
          <delta_ts>2004-06-04 13:41:56 -0400</delta_ts>
          <reporter_accessible>1</reporter_accessible>
          <cclist_accessible>1</cclist_accessible>
          <classification_id>2</classification_id>
          <classification>Eclipse</classification>
          <product>Platform</product>
          <component>Resources</component>
          <version>2.0</version>
          <rep_platform>PC</rep_platform>
          <op_sys>Windows 2000</op_sys>
          <bug_status>RESOLVED</bug_status>
          <resolution>INVALID</resolution>
          
          
          <bug_file_loc></bug_file_loc>
          <status_whiteboard></status_whiteboard>
          <keywords></keywords>
          <priority>P3</priority>
          <bug_severity>normal</bug_severity>
          <target_milestone>---</target_milestone>
          
          
          <everconfirmed>1</everconfirmed>
          <reporter name="Marco">marco.litto</reporter>
          <assigned_to name="Platform-Resources-Inbox">platform-resources-inbox</assigned_to>
          <cc>dj_houghton</cc>
          
          <votes>0</votes>

      

      

      

          <long_desc isprivate="0">
            <commentid>28013</commentid>
            <who name="Marco">marco.litto</who>
            <bug_when>2002-02-26 08:42:20 -0500</bug_when>
            <thetext>Hello,

I have tried to reproduce the &quot;Your First Plug-In&quot; example from the ECLIPSE 
articles site.

First of all, there are a lot of &quot;small errors&quot; in the documentation 
(References to the documentation, etc.) have changed)

At the end it is suggested to call UIMain with the arguments 

-data c:\tempWorkspace -dev bin -plugins c:\workspace\.plugin-path

I have set up the file &quot;.plugin-path&quot; as proposed and debugged the Workbench.
However, no Hello World Plugin was regognized by the platform.

When debugging the eclipse.core I found that an IOException is thrown
in 

org.eclipse.core.internal.boot.PlatformConfiguration.loadInitializationAttribute
s(java.net.URL) line: 1381

This is where it should have found the &quot;pluginDevelopmentPath&quot; from 
the &quot;.plugin-path&quot;-file and hence my Plugin to debugg</thetext>
          </long_desc>
          <long_desc isprivate="0">
            <commentid>39844</commentid>
            <who name="DJ Houghton">dj_houghton</who>
            <bug_when>2002-04-09 09:51:03 -0400</bug_when>
            <thetext>Please verify the behaviour of the -plugins command-line argument in the 
latest builds.
</thetext>
          </long_desc>
          <long_desc isprivate="0">
            <commentid>58167</commentid>
            <who name="DJ Houghton">dj_houghton</who>
            <bug_when>2002-05-23 11:17:13 -0400</bug_when>
            <thetext>Will investigate -plugins to see if it is still functional.</thetext>
          </long_desc>
          <long_desc isprivate="0">
            <commentid>296795</commentid>
            <who name="DJ Houghton">dj_houghton</who>
            <bug_when>2004-06-04 13:41:56 -0400</bug_when>
            <thetext>The -plugins command-line arg has been deprecated and replaced by
-configuration. Closing this report since it is most likely stale. Please
re-open if you are having problems with -configuration in the latest builds.
</thetext>
          </long_desc>
      
      

    </bug>

</bugzilla>