<?xml version="1.0" encoding="UTF-8" standalone="yes" ?>


<bugzilla version="4.2.1"
          urlbase="https://bugs.eclipse.org/bugs/"
          
          maintainer="webmaster@eclipse.org"
>

    <bug>
          <bug_id>10095</bug_id>
          
          <creation_ts>2002-02-22 04:45:00 -0500</creation_ts>
          <short_desc>Team2: When adding to repository eclipse should show a dialog for unkown types</short_desc>
          <delta_ts>2002-02-22 10:09:06 -0500</delta_ts>
          <reporter_accessible>1</reporter_accessible>
          <cclist_accessible>1</cclist_accessible>
          <classification_id>2</classification_id>
          <classification>Eclipse</classification>
          <product>Platform</product>
          <component>Team</component>
          <version>2.0</version>
          <rep_platform>PC</rep_platform>
          <op_sys>Windows 2000</op_sys>
          <bug_status>RESOLVED</bug_status>
          <resolution>DUPLICATE</resolution>
          <dup_id>7608</dup_id>
          
          <bug_file_loc></bug_file_loc>
          <status_whiteboard></status_whiteboard>
          <keywords></keywords>
          <priority>P3</priority>
          <bug_severity>normal</bug_severity>
          <target_milestone>---</target_milestone>
          
          
          <everconfirmed>1</everconfirmed>
          <reporter name="Johan Compagner">jcompagner</reporter>
          <assigned_to name="Kevin McGuire">Kevin_McGuire</assigned_to>
          
          
          <votes>0</votes>

      

      

      

          <long_desc isprivate="0">
            <commentid>27647</commentid>
            <who name="Johan Compagner">jcompagner</who>
            <bug_when>2002-02-22 04:45:22 -0500</bug_when>
            <thetext>First of all can you add jsp and html to the know file types as text?

After that:
If i add files to CVS and eclipse encounters files that are not in the know 
file types table. Can i get an option (should be ON at default) that displays 
the unkown files types where i can quickly select that is text and that is 
binary. Those are then added to the know file types table so that eclipse know 
it from then.

This is pretty importand because somebody i know had already checked in many 
jsp&apos;s without adding it as a know text type. So we had to really remove all of 
them and then check it back in as text.

Of course adding jsp and html to the default values will fix this somehow but 
you always will miss some of them. And if one person forgets to set the right 
type ......</thetext>
          </long_desc>
          <long_desc isprivate="0">
            <commentid>27659</commentid>
            <who name="Jean-Michel Lemieux">jean-michel_lemieux</who>
            <bug_when>2002-02-22 10:09:06 -0500</bug_when>
            <thetext>

*** This bug has been marked as a duplicate of 7608 ***</thetext>
          </long_desc>
      
      

    </bug>

</bugzilla>