<?xml version="1.0" encoding="UTF-8" standalone="yes" ?>


<bugzilla version="4.2.1"
          urlbase="https://bugs.eclipse.org/bugs/"
          
          maintainer="webmaster@eclipse.org"
>

    <bug>
          <bug_id>10392</bug_id>
          
          <creation_ts>2002-02-27 10:52:00 -0500</creation_ts>
          <short_desc>When &quot;Constructors from superclass&quot; is checked, argument names should match the superclasses</short_desc>
          <delta_ts>2002-03-05 09:35:36 -0500</delta_ts>
          <reporter_accessible>1</reporter_accessible>
          <cclist_accessible>1</cclist_accessible>
          <classification_id>2</classification_id>
          <classification>Eclipse</classification>
          <product>JDT</product>
          <component>UI</component>
          <version>2.0</version>
          <rep_platform>PC</rep_platform>
          <op_sys>Windows 2000</op_sys>
          <bug_status>RESOLVED</bug_status>
          <resolution>WORKSFORME</resolution>
          
          
          <bug_file_loc></bug_file_loc>
          <status_whiteboard></status_whiteboard>
          <keywords></keywords>
          <priority>P4</priority>
          <bug_severity>minor</bug_severity>
          <target_milestone>---</target_milestone>
          
          
          <everconfirmed>1</everconfirmed>
          <reporter name="David Corbin">dcorbin</reporter>
          <assigned_to name="Martin Aeschlimann">martin_aeschlimann</assigned_to>
          
          
          <votes>0</votes>

      

      

      

          <long_desc isprivate="0">
            <commentid>28675</commentid>
            <who name="David Corbin">dcorbin</who>
            <bug_when>2002-02-27 10:52:32 -0500</bug_when>
            <thetext>Instead of getting (String arg), it should use the same names as the superclass
uses. (String name)</thetext>
          </long_desc>
          <long_desc isprivate="0">
            <commentid>30145</commentid>
            <who name="Martin Aeschlimann">martin_aeschlimann</who>
            <bug_when>2002-03-05 09:35:36 -0500</bug_when>
            <thetext>This is working for me. &apos;arg&apos; is only taken when the base class is binary and 
has no source attached.
Please reopen if you have a reproducable case.</thetext>
          </long_desc>
      
      

    </bug>

</bugzilla>