<?xml version="1.0" encoding="UTF-8" standalone="yes" ?>


<bugzilla version="4.2.1"
          urlbase="https://bugs.eclipse.org/bugs/"
          
          maintainer="webmaster@eclipse.org"
>

    <bug>
          <bug_id>10515</bug_id>
          
          <creation_ts>2002-02-28 14:36:00 -0500</creation_ts>
          <short_desc>[EditorMgmt] Maintain an editor history that is &gt; recent files size</short_desc>
          <delta_ts>2007-02-02 12:48:57 -0500</delta_ts>
          <reporter_accessible>1</reporter_accessible>
          <cclist_accessible>1</cclist_accessible>
          <classification_id>2</classification_id>
          <classification>Eclipse</classification>
          <product>Platform</product>
          <component>UI</component>
          <version>2.0</version>
          <rep_platform>PC</rep_platform>
          <op_sys>Windows NT</op_sys>
          <bug_status>RESOLVED</bug_status>
          <resolution>WONTFIX</resolution>
          
          
          <bug_file_loc></bug_file_loc>
          <status_whiteboard></status_whiteboard>
          <keywords>investigate</keywords>
          <priority>P3</priority>
          <bug_severity>enhancement</bug_severity>
          <target_milestone>---</target_milestone>
          
          
          <everconfirmed>1</everconfirmed>
          <reporter name="Lynne Kues">lynne_kues</reporter>
          <assigned_to name="Kim Horne">eclipse</assigned_to>
          
          
          <votes>0</votes>

      

      

      

          <long_desc isprivate="0">
            <commentid>29261</commentid>
            <who name="Lynne Kues">lynne_kues</who>
            <bug_when>2002-02-28 14:36:32 -0500</bug_when>
            <thetext>Currently the size of the editor history is based on the specified recent files 
size.  Change this to maintain an editor history based on the maximum recent 
files size and only show the specified number of recent files.

Should Switch to Editor also use recent files size or the editor history size?</thetext>
          </long_desc>
          <long_desc isprivate="0">
            <commentid>49487</commentid>
            <who name="Lynne Kues">lynne_kues</who>
            <bug_when>2002-05-03 08:20:34 -0400</bug_when>
            <thetext>Nice to have.  Revisit after v2.0.</thetext>
          </long_desc>
          <long_desc isprivate="0">
            <commentid>85125</commentid>
            <who name="Randy Giffen">Randy_Giffen</who>
            <bug_when>2002-08-09 13:02:00 -0400</bug_when>
            <thetext>Reopen to investigate</thetext>
          </long_desc>
          <long_desc isprivate="0">
            <commentid>677330</commentid>
            <who name="Michael Van Meekeren">michaelvanmeekeren</who>
            <bug_when>2006-04-21 13:58:31 -0400</bug_when>
            <thetext>Moving Dougs bugs</thetext>
          </long_desc>
          <long_desc isprivate="0">
            <commentid>876604</commentid>
            <who name="Kim Horne">eclipse</who>
            <bug_when>2007-02-02 12:48:57 -0500</bug_when>
            <thetext>This no longer seems relevant given our current use of editor history.  Please reopen if you disagree.</thetext>
          </long_desc>
      
      

    </bug>

</bugzilla>