<?xml version="1.0" encoding="UTF-8" standalone="yes" ?>


<bugzilla version="4.2.1"
          urlbase="https://bugs.eclipse.org/bugs/"
          
          maintainer="webmaster@eclipse.org"
>

    <bug>
          <bug_id>10112</bug_id>
          
          <creation_ts>2002-02-22 14:13:00 -0500</creation_ts>
          <short_desc>Enable/disable decorators locks UI with no feedback</short_desc>
          <delta_ts>2002-03-05 12:54:47 -0500</delta_ts>
          <reporter_accessible>1</reporter_accessible>
          <cclist_accessible>1</cclist_accessible>
          <classification_id>2</classification_id>
          <classification>Eclipse</classification>
          <product>Platform</product>
          <component>UI</component>
          <version>2.0</version>
          <rep_platform>PC</rep_platform>
          <op_sys>Windows 2000</op_sys>
          <bug_status>RESOLVED</bug_status>
          <resolution>WONTFIX</resolution>
          
          
          <bug_file_loc></bug_file_loc>
          <status_whiteboard></status_whiteboard>
          <keywords></keywords>
          <priority>P3</priority>
          <bug_severity>normal</bug_severity>
          <target_milestone>---</target_milestone>
          
          
          <everconfirmed>1</everconfirmed>
          <reporter name="Simon Arsenault">simon_arsenault</reporter>
          <assigned_to name="Tod Creasey">Tod_Creasey</assigned_to>
          
          
          <votes>0</votes>

      

      

      

          <long_desc isprivate="0">
            <commentid>27695</commentid>
            <who name="Simon Arsenault">simon_arsenault</who>
            <bug_when>2002-02-22 14:13:39 -0500</bug_when>
            <thetext>When a decorator is disabled (for example, the Test Decorator) and you have 
several projects (like all the projects shipped with eclipse sdk), it can take 
several seconds for the decorators to be removed. So the UI is unresponsive for 
that time.

We should provide a busy cursor when a decorator is enabled/disabled. Or better 
yet, fork a background thread to do this.</thetext>
          </long_desc>
          <long_desc isprivate="0">
            <commentid>30293</commentid>
            <who name="Tod Creasey">Tod_Creasey</who>
            <bug_when>2002-03-05 12:54:47 -0500</bug_when>
            <thetext>The processing of decorator updates is to be handled by the decorator or the 
label provider.</thetext>
          </long_desc>
      
      

    </bug>

</bugzilla>