<?xml version="1.0" encoding="UTF-8" standalone="yes" ?>


<bugzilla version="4.2.1"
          urlbase="https://bugs.eclipse.org/bugs/"
          
          maintainer="webmaster@eclipse.org"
>

    <bug>
          <bug_id>105</bug_id>
          
          <creation_ts>2001-10-10 21:36:00 -0400</creation_ts>
          <short_desc>Children of ignored resources return false to getIgnored() (1GELWBR)</short_desc>
          <delta_ts>2002-04-09 09:16:09 -0400</delta_ts>
          <reporter_accessible>1</reporter_accessible>
          <cclist_accessible>1</cclist_accessible>
          <classification_id>2</classification_id>
          <classification>Eclipse</classification>
          <product>Platform</product>
          <component>Team</component>
          <version>2.0</version>
          <rep_platform>All</rep_platform>
          <op_sys>All</op_sys>
          <bug_status>VERIFIED</bug_status>
          <resolution>FIXED</resolution>
          
          
          <bug_file_loc></bug_file_loc>
          <status_whiteboard></status_whiteboard>
          <keywords></keywords>
          <priority>P5</priority>
          <bug_severity>normal</bug_severity>
          <target_milestone>---</target_milestone>
          
          
          <everconfirmed>1</everconfirmed>
          <reporter name="John Arthorne">john_arthorne</reporter>
          <assigned_to name="Jean-Michel Lemieux">jean-michel_lemieux</assigned_to>
          
          
          <votes>0</votes>

      

      

      

          <long_desc isprivate="0">
            <commentid>111</commentid>
            <who name="John Arthorne">john_arthorne</who>
            <bug_when>2001-10-10 21:36:31 -0400</bug_when>
            <thetext>If you call ISharingManager#getIgnored() on resources that are children of ignored folders (such as bin),
it returns false.  It should return true if any parent is ignored.

NOTES:

Jean-Michel (31/05/2001 6:58:18 PM)
	JohnA will be handling this by passing a IResource[] with parents to getIgnored.

JohnA (6/1/2001 4:25:55 PM)
	Now handling this.  The ignore API needs to be clarified/rethunk in this area.  Moving to the future.</thetext>
          </long_desc>
          <long_desc isprivate="0">
            <commentid>6418</commentid>
            <who name="DJ Houghton">dj_houghton</who>
            <bug_when>2001-10-23 23:43:05 -0400</bug_when>
            <thetext>PRODUCT VERSION:

0.115

</thetext>
          </long_desc>
          <long_desc isprivate="0">
            <commentid>16543</commentid>
            <who name="Jim Frankling">scarletfiredup</who>
            <bug_when>2001-12-29 23:25:09 -0500</bug_when>
            <thetext>Not sure if this is related, but in Windows/Preferences/Team, I told eclipse to 
ignore *.jar files for CVS synchronization.  Unfortunately, it appears that 
mechanism is not working.  Vcm still wants to add my newly compiled .jars to 
the repository.</thetext>
          </long_desc>
          <long_desc isprivate="0">
            <commentid>23410</commentid>
            <who name="Kevin McGuire">Kevin_McGuire</who>
            <bug_when>2002-02-01 14:17:13 -0500</bug_when>
            <thetext>Verify we are now doing the right thing.</thetext>
          </long_desc>
          <long_desc isprivate="0">
            <commentid>34641</commentid>
            <who name="Jean-Michel Lemieux">jean-michel_lemieux</who>
            <bug_when>2002-03-20 13:59:52 -0500</bug_when>
            <thetext>Fixed in build 20020319.</thetext>
          </long_desc>
      
      

    </bug>

</bugzilla>