<?xml version="1.0" encoding="UTF-8" standalone="yes" ?>


<bugzilla version="4.2.1"
          urlbase="https://bugs.eclipse.org/bugs/"
          
          maintainer="webmaster@eclipse.org"
>

    <bug>
          <bug_id>10446</bug_id>
          
          <creation_ts>2002-02-27 17:11:00 -0500</creation_ts>
          <short_desc>Handle non-alphanumeric characters for filenames in patterns.dat</short_desc>
          <delta_ts>2009-01-12 09:20:19 -0500</delta_ts>
          <reporter_accessible>1</reporter_accessible>
          <cclist_accessible>1</cclist_accessible>
          <classification_id>4</classification_id>
          <classification>Tools</classification>
          <product>CDT</product>
          <component>cdt-other</component>
          <version>2.0</version>
          <rep_platform>PC</rep_platform>
          <op_sys>Linux</op_sys>
          <bug_status>RESOLVED</bug_status>
          <resolution>WONTFIX</resolution>
          
          
          <bug_file_loc></bug_file_loc>
          <status_whiteboard></status_whiteboard>
          <keywords></keywords>
          <priority>P2</priority>
          <bug_severity>minor</bug_severity>
          <target_milestone>1.2</target_milestone>
          
          
          <everconfirmed>1</everconfirmed>
          <reporter name="Enrique Varillas">enriquev</reporter>
          <assigned_to name="Jeff Turnham">turnham</assigned_to>
          
          
          <votes>0</votes>

      

      

      

          <long_desc isprivate="0">
            <commentid>28915</commentid>
            <who name="Enrique Varillas">enriquev</who>
            <bug_when>2002-02-27 17:11:15 -0500</bug_when>
            <thetext>Cannot open files from the output view that use &quot;-&quot; as part of its name.
e.g the file &quot;install-sh&quot; is not a link (in the Output view) after running a 
&quot;ls -la&quot;. Need to modify the patterns.dat</thetext>
          </long_desc>
          <long_desc isprivate="0">
            <commentid>28921</commentid>
            <who name="Jeff Turnham">turnham</who>
            <bug_when>2002-02-27 17:19:52 -0500</bug_when>
            <thetext>Good Catch...I guess we have to think about all the valid non-alphanumeric 
characters that be contained in a file name.  For example:
&quot;my_file&quot; , &quot;my-file&quot;, &quot;myfile~&quot;, &quot;#myfile&quot; or even &quot;my file&quot; Although allowing 
spaces in files would probably invalidate many of the patterns...More thought 
needed here.  
This going to &quot;complicate&quot; (or at least lengthen) the backreferences for file 
names...oh well.

</thetext>
          </long_desc>
          <long_desc isprivate="0">
            <commentid>35911</commentid>
            <who name="Jeff Turnham">turnham</who>
            <bug_when>2002-03-25 00:01:42 -0500</bug_when>
            <thetext>I&apos;ll defer this to R2 since this is relatively minor.</thetext>
          </long_desc>
          <long_desc isprivate="0">
            <commentid>169025</commentid>
            <who name="Sebastien Marineau">sebastien</who>
            <bug_when>2003-06-25 06:52:37 -0400</bug_when>
            <thetext>This applies to old CDT, closing as part of cleanup.</thetext>
          </long_desc>
      
      

    </bug>

</bugzilla>