<?xml version="1.0" encoding="UTF-8" standalone="yes" ?>


<bugzilla version="4.2.1"
          urlbase="https://bugs.eclipse.org/bugs/"
          
          maintainer="webmaster@eclipse.org"
>

    <bug>
          <bug_id>10517</bug_id>
          
          <creation_ts>2002-02-28 15:19:00 -0500</creation_ts>
          <short_desc>Deleted items do not sync up correctly during catchup (i.e., update)</short_desc>
          <delta_ts>2002-03-08 15:31:32 -0500</delta_ts>
          <reporter_accessible>1</reporter_accessible>
          <cclist_accessible>1</cclist_accessible>
          <classification_id>2</classification_id>
          <classification>Eclipse</classification>
          <product>Platform</product>
          <component>Team</component>
          <version>2.0</version>
          <rep_platform>PC</rep_platform>
          <op_sys>other</op_sys>
          <bug_status>RESOLVED</bug_status>
          <resolution>DUPLICATE</resolution>
          <dup_id>10438</dup_id>
          
          <bug_file_loc></bug_file_loc>
          <status_whiteboard></status_whiteboard>
          <keywords></keywords>
          <priority>P3</priority>
          <bug_severity>normal</bug_severity>
          <target_milestone>2.0 M4</target_milestone>
          
          
          <everconfirmed>1</everconfirmed>
          <reporter name="Lynne Kues">lynne_kues</reporter>
          <assigned_to name="Michael Valenta">Michael_Valenta</assigned_to>
          
          
          <votes>0</votes>

      

      

      

          <long_desc isprivate="0">
            <commentid>29278</commentid>
            <who name="Lynne Kues">lynne_kues</who>
            <bug_when>2002-02-28 15:19:34 -0500</bug_when>
            <thetext>Build 20020214, running the new team code.

I have had two instances where I did a sychronize and updated and had compile 
errors.  In both instances, deleted classes were not removed from my 
workspace.  Using the Replace With==&gt;Remote Contents solved the problem in both 
instances.  It appears that synchronzie==&gt;catch up is not properly dealing with 
deltas that involve deleted items.</thetext>
          </long_desc>
          <long_desc isprivate="0">
            <commentid>29919</commentid>
            <who name="Michael Valenta">Michael_Valenta</who>
            <bug_when>2002-03-04 14:27:08 -0500</bug_when>
            <thetext>So far, I am unable to reproduce this. We have recently fixed a bug related to 
spaces in source folders. Do your source folders have spaces in them by chance?</thetext>
          </long_desc>
          <long_desc isprivate="0">
            <commentid>29980</commentid>
            <who name="Lynne Kues">lynne_kues</who>
            <bug_when>2002-03-04 16:24:19 -0500</bug_when>
            <thetext>The source folders could have had spaces.  Did you go back to build 20020214 
and try to recreate the problem?  That was the build on which it occurred.</thetext>
          </long_desc>
          <long_desc isprivate="0">
            <commentid>30179</commentid>
            <who name="Michael Valenta">Michael_Valenta</who>
            <bug_when>2002-03-05 10:13:23 -0500</bug_when>
            <thetext>The only time I see this behavior in I20020214 involves children of folders 
that contain spaces. Here is the scenario:

1. There is an incoming deletion as a direct or indirect child of a folder 
containing spaces.
2. A Synchronize with Repository is performed an an ancestor of the folder 
containing spaces
3. The incomming deletions do not appear due to bug 10438
4. Choosing update on a parent loads all visible changes but does not include 
the missing deletions</thetext>
          </long_desc>
          <long_desc isprivate="0">
            <commentid>31398</commentid>
            <who name="Michael Valenta">Michael_Valenta</who>
            <bug_when>2002-03-08 15:31:32 -0500</bug_when>
            <thetext>

*** This bug has been marked as a duplicate of 10438 ***</thetext>
          </long_desc>
      
      

    </bug>

</bugzilla>