<?xml version="1.0" encoding="UTF-8" standalone="yes" ?>


<bugzilla version="4.2.1"
          urlbase="https://bugs.eclipse.org/bugs/"
          
          maintainer="webmaster@eclipse.org"
>

    <bug>
          <bug_id>10419</bug_id>
          
          <creation_ts>2002-02-27 14:27:00 -0500</creation_ts>
          <short_desc>Renaming subdirectory makes Navigator and C++ Projects view out of sync</short_desc>
          <delta_ts>2009-01-09 14:08:15 -0500</delta_ts>
          <reporter_accessible>1</reporter_accessible>
          <cclist_accessible>1</cclist_accessible>
          <classification_id>4</classification_id>
          <classification>Tools</classification>
          <product>CDT</product>
          <component>cdt-other</component>
          <version>1.0</version>
          <rep_platform>PC</rep_platform>
          <op_sys>Linux</op_sys>
          <bug_status>RESOLVED</bug_status>
          <resolution>FIXED</resolution>
          
          
          <bug_file_loc></bug_file_loc>
          <status_whiteboard></status_whiteboard>
          <keywords></keywords>
          <priority>P3</priority>
          <bug_severity>normal</bug_severity>
          <target_milestone>---</target_milestone>
          
          
          <everconfirmed>1</everconfirmed>
          <reporter name="Samantha Chan">chanskw</reporter>
          <assigned_to name="David McKnight">dmcknigh</assigned_to>
          
          
          <votes>0</votes>

      

      

      

          <long_desc isprivate="0">
            <commentid>28828</commentid>
            <who name="Samantha Chan">chanskw</who>
            <bug_when>2002-02-27 14:27:34 -0500</bug_when>
            <thetext>I have a local project with the following directory structure:
abc (directory)
  src (directory)
     payroll.dat (file)

In C/C++ Projects view, I renamed src to abc_src.
C/C++ Projects view updated the hierarchy correctly.  But navigator view shows 
the following directory structure:
   abc  (directory)
     abc_src (directory)

I could not expand abc_src to see the file under it.  I had to do a refresh in 
navigator view.</thetext>
          </long_desc>
          <long_desc isprivate="0">
            <commentid>29602</commentid>
            <who name="David McKnight">dmcknigh</who>
            <bug_when>2002-03-02 17:52:03 -0500</bug_when>
            <thetext>In the code for synchronizing with the Navigator, the resource refresh call only 
handles depth 1.  In a rename this needs to be deeper.  I&apos;ve put a fix in for 
this on R1 and HEAD.</thetext>
          </long_desc>
      
      

    </bug>

</bugzilla>