<?xml version="1.0" encoding="UTF-8" standalone="yes" ?>


<bugzilla version="4.2.1"
          urlbase="https://bugs.eclipse.org/bugs/"
          
          maintainer="webmaster@eclipse.org"
>

    <bug>
          <bug_id>10287</bug_id>
          
          <creation_ts>2002-02-26 13:26:00 -0500</creation_ts>
          <short_desc>Launch Configuration Type should include Run-time Workbench</short_desc>
          <delta_ts>2002-03-12 17:30:20 -0500</delta_ts>
          <reporter_accessible>1</reporter_accessible>
          <cclist_accessible>1</cclist_accessible>
          <classification_id>2</classification_id>
          <classification>Eclipse</classification>
          <product>PDE</product>
          <component>UI</component>
          <version>2.0</version>
          <rep_platform>All</rep_platform>
          <op_sys>All</op_sys>
          <bug_status>RESOLVED</bug_status>
          <resolution>FIXED</resolution>
          
          
          <bug_file_loc></bug_file_loc>
          <status_whiteboard></status_whiteboard>
          <keywords></keywords>
          <priority>P3</priority>
          <bug_severity>enhancement</bug_severity>
          <target_milestone>---</target_milestone>
          
          
          <everconfirmed>1</everconfirmed>
          <reporter name="Jim Amsden">jamsden</reporter>
          <assigned_to name="Dejan Glozic">dejan</assigned_to>
          
          
          <votes>0</votes>

      

      

      

          <long_desc isprivate="0">
            <commentid>28170</commentid>
            <who name="Jim Amsden">jamsden</who>
            <bug_when>2002-02-26 13:26:27 -0500</bug_when>
            <thetext>The &quot;Launch Configuration Type&quot; property on a Java source file should include 
Run-time Workbench in order to launch headless Eclipse applications.</thetext>
          </long_desc>
          <long_desc isprivate="0">
            <commentid>28443</commentid>
            <who name="Erich Gamma">erich_gamma</who>
            <bug_when>2002-02-27 04:11:52 -0500</bug_when>
            <thetext>This is done as part of the Launch configuration type. PDE should contribute a 
launch configuration type. 

Dejan, Joe will be out of the office for the next two weeks and we will not get 
to make the API changes we have discussed at the TC soon. Can you provide a 
first cut of a PDE launcher with what is currently there? </thetext>
          </long_desc>
          <long_desc isprivate="0">
            <commentid>28600</commentid>
            <who name="Dejan Glozic">dejan</who>
            <bug_when>2002-02-27 09:33:23 -0500</bug_when>
            <thetext>I already have the first cut but some of the limitations of the current API 
makes it a little annoying to use. Since so many people are self-hosting, I am 
hesitant to provide launch configuration PDE support until it is works 
reasonably well for daily development.</thetext>
          </long_desc>
          <long_desc isprivate="0">
            <commentid>32235</commentid>
            <who name="Dejan Glozic">dejan</who>
            <bug_when>2002-03-12 17:30:20 -0500</bug_when>
            <thetext>PDE support for launch configurations is now in.</thetext>
          </long_desc>
      
      

    </bug>

</bugzilla>