<?xml version="1.0" encoding="UTF-8" standalone="yes" ?>


<bugzilla version="4.2.1"
          urlbase="https://bugs.eclipse.org/bugs/"
          
          maintainer="webmaster@eclipse.org"
>

    <bug>
          <bug_id>10495</bug_id>
          
          <creation_ts>2002-02-28 11:38:00 -0500</creation_ts>
          <short_desc>typo in ASTNode::MALFORMED javadoc</short_desc>
          <delta_ts>2002-03-01 04:36:56 -0500</delta_ts>
          <reporter_accessible>1</reporter_accessible>
          <cclist_accessible>1</cclist_accessible>
          <classification_id>2</classification_id>
          <classification>Eclipse</classification>
          <product>JDT</product>
          <component>Core</component>
          <version>2.0</version>
          <rep_platform>PC</rep_platform>
          <op_sys>Windows 2000</op_sys>
          <bug_status>RESOLVED</bug_status>
          <resolution>FIXED</resolution>
          
          
          <bug_file_loc></bug_file_loc>
          <status_whiteboard></status_whiteboard>
          <keywords></keywords>
          <priority>P3</priority>
          <bug_severity>trivial</bug_severity>
          <target_milestone>2.0 M4</target_milestone>
          
          
          <everconfirmed>1</everconfirmed>
          <reporter name="Adam Kiezun">akiezun</reporter>
          <assigned_to name="Olivier Thomann">Olivier_Thomann</assigned_to>
          
          
          <votes>0</votes>

      

      

      

          <long_desc isprivate="0">
            <commentid>29157</commentid>
            <who name="Adam Kiezun">akiezun</who>
            <bug_when>2002-02-28 11:38:54 -0500</bug_when>
            <thetext>ASTNode::MALFORMED

&apos;detcted&apos; should be &apos;detected&apos;</thetext>
          </long_desc>
          <long_desc isprivate="0">
            <commentid>29195</commentid>
            <who name="Olivier Thomann">Olivier_Thomann</who>
            <bug_when>2002-02-28 12:41:36 -0500</bug_when>
            <thetext>Fixed and released in HEAD.</thetext>
          </long_desc>
      
      

    </bug>

</bugzilla>