<?xml version="1.0" encoding="UTF-8" standalone="yes" ?>


<bugzilla version="4.2.1"
          urlbase="https://bugs.eclipse.org/bugs/"
          
          maintainer="webmaster@eclipse.org"
>

    <bug>
          <bug_id>10027</bug_id>
          
          <creation_ts>2002-02-20 18:17:00 -0500</creation_ts>
          <short_desc>Asterisk in Open Type dialog does not work correctly</short_desc>
          <delta_ts>2002-04-15 10:22:39 -0400</delta_ts>
          <reporter_accessible>1</reporter_accessible>
          <cclist_accessible>1</cclist_accessible>
          <classification_id>2</classification_id>
          <classification>Eclipse</classification>
          <product>JDT</product>
          <component>UI</component>
          <version>2.0</version>
          <rep_platform>PC</rep_platform>
          <op_sys>Windows 2000</op_sys>
          <bug_status>RESOLVED</bug_status>
          <resolution>WORKSFORME</resolution>
          
          
          <bug_file_loc></bug_file_loc>
          <status_whiteboard></status_whiteboard>
          <keywords></keywords>
          <priority>P2</priority>
          <bug_severity>normal</bug_severity>
          <target_milestone>---</target_milestone>
          
          
          <everconfirmed>1</everconfirmed>
          <reporter name="Jay Cagle">jcagle</reporter>
          <assigned_to name="Dani Megert">daniel_megert</assigned_to>
          
          
          <votes>0</votes>

      

      

      

          <long_desc isprivate="0">
            <commentid>27541</commentid>
            <who name="Jay Cagle">jcagle</who>
            <bug_when>2002-02-20 18:17:25 -0500</bug_when>
            <thetext>Specifying an asterisk as part of the search pattern in the Open Type dialog 
does not always work.  For instance, if I search for &quot;iresource?apping&quot;, 
IResourceMapping is listed as a matching type.  However, if I search 
for &quot;iresource*apping&quot; or &quot;ireso*mapping&quot;, IResourceMapping is not listed.</thetext>
          </long_desc>
          <long_desc isprivate="0">
            <commentid>42351</commentid>
            <who name="Erich Gamma">erich_gamma</who>
            <bug_when>2002-04-14 10:00:02 -0400</bug_when>
            <thetext>Dani is this a StringMatcher bug?</thetext>
          </long_desc>
          <long_desc isprivate="0">
            <commentid>42509</commentid>
            <who name="Dani Megert">daniel_megert</who>
            <bug_when>2002-04-15 10:22:39 -0400</bug_when>
            <thetext>I can not reproduce this with the 20020411 build: there is no class called
IResourceMapping. Therefore tested with several similar classes ==&gt; OK.

Several fixes have already been applied to the StringMatcher. 
Please try against newest stable build and reopen the PR if you still see the
problem. Don&apos;t forget to include the build ID and a test case which contains a
class that exists in that build.
</thetext>
          </long_desc>
      
      

    </bug>

</bugzilla>