<?xml version="1.0" encoding="UTF-8" standalone="yes" ?>


<bugzilla version="4.2.1"
          urlbase="https://bugs.eclipse.org/bugs/"
          
          maintainer="webmaster@eclipse.org"
>

    <bug>
          <bug_id>10220</bug_id>
          
          <creation_ts>2002-02-25 16:56:00 -0500</creation_ts>
          <short_desc>Would like an Expand All in compare editor</short_desc>
          <delta_ts>2002-05-23 21:20:32 -0400</delta_ts>
          <reporter_accessible>1</reporter_accessible>
          <cclist_accessible>1</cclist_accessible>
          <classification_id>2</classification_id>
          <classification>Eclipse</classification>
          <product>Platform</product>
          <component>Team</component>
          <version>2.0</version>
          <rep_platform>PC</rep_platform>
          <op_sys>Windows 2000</op_sys>
          <bug_status>RESOLVED</bug_status>
          <resolution>FIXED</resolution>
          
          
          <bug_file_loc></bug_file_loc>
          <status_whiteboard></status_whiteboard>
          <keywords></keywords>
          <priority>P3</priority>
          <bug_severity>normal</bug_severity>
          <target_milestone>2.0 M6</target_milestone>
          
          
          <everconfirmed>1</everconfirmed>
          <reporter name="Michael Valenta">Michael_Valenta</reporter>
          <assigned_to name="James Moody">James_Moody</assigned_to>
          
          
          <votes>0</votes>

      

      

      

          <long_desc isprivate="0">
            <commentid>27935</commentid>
            <who name="Michael Valenta">Michael_Valenta</who>
            <bug_when>2002-02-25 16:56:47 -0500</bug_when>
            <thetext>When comparing project versions, it would be nice to have an expand all menu 
item as in the Sync view</thetext>
          </long_desc>
          <long_desc isprivate="0">
            <commentid>47635</commentid>
            <who name="Kevin McGuire">Kevin_McGuire</who>
            <bug_when>2002-04-29 18:07:24 -0400</bug_when>
            <thetext>its there now</thetext>
          </long_desc>
      
      

    </bug>

</bugzilla>