<?xml version="1.0" encoding="UTF-8" standalone="yes" ?>


<bugzilla version="4.2.1"
          urlbase="https://bugs.eclipse.org/bugs/"
          
          maintainer="webmaster@eclipse.org"
>

    <bug>
          <bug_id>10325</bug_id>
          
          <creation_ts>2002-02-26 22:02:00 -0500</creation_ts>
          <short_desc>Breakpoint from browse views</short_desc>
          <delta_ts>2009-01-09 16:55:52 -0500</delta_ts>
          <reporter_accessible>1</reporter_accessible>
          <cclist_accessible>1</cclist_accessible>
          <classification_id>4</classification_id>
          <classification>Tools</classification>
          <product>CDT</product>
          <component>cdt-core</component>
          <version>2.0</version>
          <rep_platform>All</rep_platform>
          <op_sys>All</op_sys>
          <bug_status>RESOLVED</bug_status>
          <resolution>WONTFIX</resolution>
          
          
          <bug_file_loc></bug_file_loc>
          <status_whiteboard></status_whiteboard>
          <keywords></keywords>
          <priority>P2</priority>
          <bug_severity>enhancement</bug_severity>
          <target_milestone>2.0 - Release</target_milestone>
          
          
          <everconfirmed>1</everconfirmed>
          <reporter name="Brian Thomson">thomson</reporter>
          <assigned_to name="David McKnight">dmcknigh</assigned_to>
          
          
          <votes>0</votes>

      

      

      

          <long_desc isprivate="0">
            <commentid>28389</commentid>
            <who name="Brian Thomson">thomson</who>
            <bug_when>2002-02-26 22:02:41 -0500</bug_when>
            <thetext>Add the ability to set breakpoint(s) on C/C++ objects in a view by selecting
&quot;Set Breakpoint&quot; in a context sensitive menu.  If the selected object is a
statement, then a breakpoint is set on the line, in the file of the statement. 
If the selected object is a function, then a breakpoint is set on the first
statement of the function.   If the selected object is a class, then the first
statement of every member function for the class gets a breakpoint.</thetext>
          </long_desc>
          <long_desc isprivate="0">
            <commentid>42567</commentid>
            <who name="David McKnight">dmcknigh</who>
            <bug_when>2002-04-15 11:24:11 -0400</bug_when>
            <thetext>I&apos;ve added support for setting breakpoints from function and statement objects.  
 I&apos;m going to wait until Jeff resolves the separation between declarations and 
definitions problem before enabling class breakpoint setting.</thetext>
          </long_desc>
          <long_desc isprivate="0">
            <commentid>169061</commentid>
            <who name="Sebastien Marineau">sebastien</who>
            <bug_when>2003-06-25 07:09:49 -0400</bug_when>
            <thetext>This applies to old CDT, closing as part of cleanup.</thetext>
          </long_desc>
      
      

    </bug>

</bugzilla>