<?xml version="1.0" encoding="UTF-8" standalone="yes" ?>


<bugzilla version="4.2.1"
          urlbase="https://bugs.eclipse.org/bugs/"
          
          maintainer="webmaster@eclipse.org"
>

    <bug>
          <bug_id>10092</bug_id>
          
          <creation_ts>2002-02-22 01:55:00 -0500</creation_ts>
          <short_desc>[Cell Editors] No widget has focus after editing ComboBoxCellEditor</short_desc>
          <delta_ts>2002-11-12 20:13:13 -0500</delta_ts>
          <reporter_accessible>1</reporter_accessible>
          <cclist_accessible>1</cclist_accessible>
          <classification_id>2</classification_id>
          <classification>Eclipse</classification>
          <product>Platform</product>
          <component>UI</component>
          <version>2.0</version>
          <rep_platform>PC</rep_platform>
          <op_sys>Windows 2000</op_sys>
          <bug_status>CLOSED</bug_status>
          <resolution>WORKSFORME</resolution>
          
          
          <bug_file_loc></bug_file_loc>
          <status_whiteboard></status_whiteboard>
          <keywords></keywords>
          <priority>P3</priority>
          <bug_severity>normal</bug_severity>
          <target_milestone>---</target_milestone>
          
          
          <everconfirmed>1</everconfirmed>
          <reporter name="Naomi Miyamoto">nmiya</reporter>
          <assigned_to name="Andrew Irvine">airvine</assigned_to>
          
          
          <votes>0</votes>

      

      

      

          <long_desc isprivate="0">
            <commentid>27642</commentid>
            <who name="Naomi Miyamoto">nmiya</who>
            <bug_when>2002-02-22 01:55:06 -0500</bug_when>
            <thetext>[Operation]
1. Click a cell which uses ComboBoxCellEditor
2. Enter some string, then press [Enter] key.
[Result]
    Edit mode terminates. No widget has focus.
    Edited line is highlighted with gray.
[Expected Result]
    Edit mode terminates. Table has focus.
    Edited line is highlighted with blue.

Note1:
  If edit mode is terminated by mouse click, this does not occur.
Note2:
  DialogCellEditor has same problem. TextCellEditor is OK.</thetext>
          </long_desc>
          <long_desc isprivate="0">
            <commentid>28066</commentid>
            <who name="Veronika Irvine">veronika_irvine</who>
            <bug_when>2002-02-26 11:17:34 -0500</bug_when>
            <thetext>These classes are owned by Platform UI so I am reassigning this problem to them.

Perhaps focus should be set to the parent of the editor when the editor is 
disposed or hidden.

Since the application decides whether to dispose of the widget or just hide it  
I think it is not something that the ControlEditor can handle in a generic way.</thetext>
          </long_desc>
          <long_desc isprivate="0">
            <commentid>97499</commentid>
            <who name="Andrew Irvine">airvine</who>
            <bug_when>2002-10-09 15:39:02 -0400</bug_when>
            <thetext>Eclipse: 20021008, WinXP

Using the property sheet example, the city uses a  TextCellEditor, the 
province uses a ComboBoxCellEditor.  Ignoring the error created when a 
province value is typed in rather than pulled down, both the TextCellEditor 
and the ComboBoxCellEditor behave in the same way.  Niether is highlighted, 
but retain focus.

Is this the same behaviour you observed?  What version of eclipse were/are you 
using?</thetext>
          </long_desc>
          <long_desc isprivate="0">
            <commentid>104043</commentid>
            <who name="Naomi Miyamoto">nmiya</who>
            <bug_when>2002-11-12 20:13:13 -0500</bug_when>
            <thetext>This problem can not be seen in Version: 2.0.2.</thetext>
          </long_desc>
      
      

    </bug>

</bugzilla>