<?xml version="1.0" encoding="UTF-8" standalone="yes" ?>


<bugzilla version="4.2.1"
          urlbase="https://bugs.eclipse.org/bugs/"
          
          maintainer="webmaster@eclipse.org"
>

    <bug>
          <bug_id>10630</bug_id>
          
          <creation_ts>2002-03-02 12:57:00 -0500</creation_ts>
          <short_desc>package view does not remember state of &quot;Show Version Info&quot;</short_desc>
          <delta_ts>2002-03-03 18:02:32 -0500</delta_ts>
          <reporter_accessible>1</reporter_accessible>
          <cclist_accessible>1</cclist_accessible>
          <classification_id>2</classification_id>
          <classification>Eclipse</classification>
          <product>JDT</product>
          <component>UI</component>
          <version>2.0</version>
          <rep_platform>PC</rep_platform>
          <op_sys>Windows 2000</op_sys>
          <bug_status>RESOLVED</bug_status>
          <resolution>WONTFIX</resolution>
          
          
          <bug_file_loc></bug_file_loc>
          <status_whiteboard></status_whiteboard>
          <keywords></keywords>
          <priority>P4</priority>
          <bug_severity>minor</bug_severity>
          <target_milestone>---</target_milestone>
          
          
          <everconfirmed>1</everconfirmed>
          <reporter name="Dieter Rehbein">dieter.rehbein</reporter>
          <assigned_to name="Erich Gamma">erich_gamma</assigned_to>
          
          
          <votes>0</votes>

      

      

      

          <long_desc isprivate="0">
            <commentid>29597</commentid>
            <who name="Dieter Rehbein">dieter.rehbein</who>
            <bug_when>2002-03-02 12:57:04 -0500</bug_when>
            <thetext>If you activate &quot;Show Version Info&quot;, the state is lost, when you start eclipse 
the next time.</thetext>
          </long_desc>
          <long_desc isprivate="0">
            <commentid>29641</commentid>
            <who name="Erich Gamma">erich_gamma</who>
            <bug_when>2002-03-03 18:02:32 -0500</bug_when>
            <thetext>The Show Version Info will be replace in the new 2.0 team story by decorators.
This setting is now persisted (see Window&gt;Decorators&gt;CVS)</thetext>
          </long_desc>
      
      

    </bug>

</bugzilla>