<?xml version="1.0" encoding="UTF-8" standalone="yes" ?>


<bugzilla version="4.2.1"
          urlbase="https://bugs.eclipse.org/bugs/"
          
          maintainer="webmaster@eclipse.org"
>

    <bug>
          <bug_id>10209</bug_id>
          
          <creation_ts>2002-02-25 16:01:00 -0500</creation_ts>
          <short_desc>Close Project should be active when child of project selected</short_desc>
          <delta_ts>2005-08-04 16:47:20 -0400</delta_ts>
          <reporter_accessible>1</reporter_accessible>
          <cclist_accessible>1</cclist_accessible>
          <classification_id>2</classification_id>
          <classification>Eclipse</classification>
          <product>Platform</product>
          <component>UI</component>
          <version>2.0</version>
          <rep_platform>PC</rep_platform>
          <op_sys>Windows NT</op_sys>
          <bug_status>RESOLVED</bug_status>
          <resolution>WONTFIX</resolution>
          
          
          <bug_file_loc></bug_file_loc>
          <status_whiteboard></status_whiteboard>
          <keywords></keywords>
          <priority>P3</priority>
          <bug_severity>enhancement</bug_severity>
          <target_milestone>---</target_milestone>
          
          
          <everconfirmed>1</everconfirmed>
          <reporter name="Lynne Kues">lynne_kues</reporter>
          <assigned_to name="Platform-UI-Inbox">Platform-UI-Inbox</assigned_to>
          <cc>alex</cc>
    
    <cc>DogbertTheRuler</cc>
          
          <votes>0</votes>

      

      

      

          <long_desc isprivate="0">
            <commentid>27911</commentid>
            <who name="Lynne Kues">lynne_kues</who>
            <bug_when>2002-02-25 16:01:49 -0500</bug_when>
            <thetext>Within the Navigator view, if you have an item in a project selected, the 
&quot;Build Project&quot; action is enabled; however, the Close Project action is not 
enabled.  You must have the project selected for this action to appear on the 
popup menu.  Close Project should work like Build Project and be smart enough 
to apply the close action to the project(s) that contain the currently selected 
item(s).</thetext>
          </long_desc>
          <long_desc isprivate="0">
            <commentid>67095</commentid>
            <who name="Eric Lamontagne">DogbertTheRuler</who>
            <bug_when>2002-06-04 08:12:42 -0400</bug_when>
            <thetext>I think it would also be nice to be able to close the project from the context 
sensitive menu in the navigator view.</thetext>
          </long_desc>
          <long_desc isprivate="0">
            <commentid>132311</commentid>
            <who name="Alex Chaffee">alex</who>
            <bug_when>2003-02-17 11:46:29 -0500</bug_when>
            <thetext>This should apply to 
&quot;Close Project&quot;
&quot;Rebuild Project&quot;

and a new item
&quot;Project Properties&quot;

all in the &quot;Project&quot; menu

Also when you&apos;re in an Editor of a file in that project (not just in a 
Navigator or Package Explorer)

</thetext>
          </long_desc>
          <long_desc isprivate="0">
            <commentid>514076</commentid>
            <who name="Tod Creasey">Tod_Creasey</who>
            <bug_when>2005-08-04 16:47:20 -0400</bug_when>
            <thetext>We won&apos;t be doing this as we are trying to keep menus to a manageable size</thetext>
          </long_desc>
      
      

    </bug>

</bugzilla>