<?xml version="1.0" encoding="UTF-8" standalone="yes" ?>


<bugzilla version="4.2.1"
          urlbase="https://bugs.eclipse.org/bugs/"
          
          maintainer="webmaster@eclipse.org"
>

    <bug>
          <bug_id>10101</bug_id>
          
          <creation_ts>2002-02-22 07:57:00 -0500</creation_ts>
          <short_desc>Add IDE CLASSPATH VARS as ant parameters</short_desc>
          <delta_ts>2002-05-19 17:55:35 -0400</delta_ts>
          <reporter_accessible>1</reporter_accessible>
          <cclist_accessible>1</cclist_accessible>
          <classification_id>2</classification_id>
          <classification>Eclipse</classification>
          <product>Platform</product>
          <component>Ant</component>
          <version>2.0</version>
          <rep_platform>All</rep_platform>
          <op_sys>All</op_sys>
          <bug_status>RESOLVED</bug_status>
          <resolution>DUPLICATE</resolution>
          <dup_id>6006</dup_id>
          
          <bug_file_loc></bug_file_loc>
          <status_whiteboard></status_whiteboard>
          <keywords></keywords>
          <priority>P3</priority>
          <bug_severity>enhancement</bug_severity>
          <target_milestone>2.0 M6</target_milestone>
          
          
          <everconfirmed>1</everconfirmed>
          <reporter name="Gomez Henri">hgomez</reporter>
          <assigned_to name="DJ Houghton">dj_houghton</assigned_to>
          <cc>rodrigo_peretti</cc>
          
          <votes>0</votes>

      

      

      

          <long_desc isprivate="0">
            <commentid>27656</commentid>
            <who name="Gomez Henri">hgomez</who>
            <bug_when>2002-02-22 07:57:29 -0500</bug_when>
            <thetext>Could we see IDE CLASSPATH VARS be provided to ant :

ie : 

I&apos;ve setup 2 CP VARS used by my projects, SERVLET22_LIB and
XML_LIB :

SERVLET22_LIB =&gt; c:\java\servlet-2.2.jar
XML_LIB =&gt; c:\java\xml-api.jar

I&apos;d like to receive them at Ant Run Time ...

ant -DSERVLET22_LIB=c:\java\servlet-2.2.jar -DXML_LIB=c:\java\xml-api.jar

That will help many of us using CP VARS to use this IDE trick in build 
files also.

Thanks</thetext>
          </long_desc>
          <long_desc isprivate="0">
            <commentid>38559</commentid>
            <who name="Rodrigo Peretti">rodrigo_peretti</who>
            <bug_when>2002-04-04 08:52:42 -0500</bug_when>
            <thetext>While the works in on, could we have the IDE vars (CLASSPATH Variables)
exported and also information on the current project, ie it&apos;s path, it&apos;s name.

Should just be provided as if they were passed to ant with -D

ie : 

ant -DJRE_LIB=/usr/bin/jdk1.3.1/jre -DJSSE_LIB=/usr/share/java/jsse.jar .....</thetext>
          </long_desc>
          <long_desc isprivate="0">
            <commentid>55886</commentid>
            <who name="Rodrigo Peretti">rodrigo_peretti</who>
            <bug_when>2002-05-19 17:55:35 -0400</bug_when>
            <thetext>

*** This bug has been marked as a duplicate of 6006 ***</thetext>
          </long_desc>
      
      

    </bug>

</bugzilla>