<?xml version="1.0" encoding="UTF-8" standalone="yes" ?>


<bugzilla version="4.2.1"
          urlbase="https://bugs.eclipse.org/bugs/"
          
          maintainer="webmaster@eclipse.org"
>

    <bug>
          <bug_id>10244</bug_id>
          
          <creation_ts>2002-02-26 06:28:00 -0500</creation_ts>
          <short_desc>DOM/AST: MethodInvocation should have resolveBinding() method</short_desc>
          <delta_ts>2002-03-01 04:36:58 -0500</delta_ts>
          <reporter_accessible>1</reporter_accessible>
          <cclist_accessible>1</cclist_accessible>
          <classification_id>2</classification_id>
          <classification>Eclipse</classification>
          <product>JDT</product>
          <component>Core</component>
          <version>2.0</version>
          <rep_platform>PC</rep_platform>
          <op_sys>Windows 2000</op_sys>
          <bug_status>RESOLVED</bug_status>
          <resolution>WONTFIX</resolution>
          
          
          <bug_file_loc></bug_file_loc>
          <status_whiteboard></status_whiteboard>
          <keywords></keywords>
          <priority>P3</priority>
          <bug_severity>normal</bug_severity>
          <target_milestone>2.0 M4</target_milestone>
          
          
          <everconfirmed>1</everconfirmed>
          <reporter name="Dirk Baeumer">dirk_baeumer</reporter>
          <assigned_to name="Olivier Thomann">Olivier_Thomann</assigned_to>
          
          
          <votes>0</votes>

      

      

      

          <long_desc isprivate="0">
            <commentid>28004</commentid>
            <who name="Dirk Baeumer">dirk_baeumer</who>
            <bug_when>2002-02-26 06:28:16 -0500</bug_when>
            <thetext>Old MessageSend node had field binding. Therefore the new one should have a 
method resolveBinding which returns an IMethodBinding</thetext>
          </long_desc>
          <long_desc isprivate="0">
            <commentid>28192</commentid>
            <who name="Jim des Rivieres">jim_des_rivieres</who>
            <bug_when>2002-02-26 14:03:22 -0500</bug_when>
            <thetext>For a MethodInvocation node, the compile-time binding for the method 
invoked is obtainable with
   (IMethodBinding) mi.getName().resolveBinding()
</thetext>
          </long_desc>
          <long_desc isprivate="0">
            <commentid>28706</commentid>
            <who name="Olivier Thomann">Olivier_Thomann</who>
            <bug_when>2002-02-27 11:34:54 -0500</bug_when>
            <thetext>Ok to close?</thetext>
          </long_desc>
          <long_desc isprivate="0">
            <commentid>28755</commentid>
            <who name="Dirk Baeumer">dirk_baeumer</who>
            <bug_when>2002-02-27 12:21:31 -0500</bug_when>
            <thetext>Yes</thetext>
          </long_desc>
          <long_desc isprivate="0">
            <commentid>28761</commentid>
            <who name="Olivier Thomann">Olivier_Thomann</who>
            <bug_when>2002-02-27 12:26:16 -0500</bug_when>
            <thetext>Not a bug. We agreed to use the name inside the method invocation instead of 
adding a resolveBinding() method on MethodInvocation.
Closed.</thetext>
          </long_desc>
      
      

    </bug>

</bugzilla>