<?xml version="1.0" encoding="UTF-8" standalone="yes" ?>


<bugzilla version="4.2.1"
          urlbase="https://bugs.eclipse.org/bugs/"
          
          maintainer="webmaster@eclipse.org"
>

    <bug>
          <bug_id>10648</bug_id>
          
          <creation_ts>2002-03-03 15:27:00 -0500</creation_ts>
          <short_desc>Error message flashes creating new launch configuration</short_desc>
          <delta_ts>2002-03-07 11:53:02 -0500</delta_ts>
          <reporter_accessible>1</reporter_accessible>
          <cclist_accessible>1</cclist_accessible>
          <classification_id>2</classification_id>
          <classification>Eclipse</classification>
          <product>JDT</product>
          <component>Debug</component>
          <version>2.0</version>
          <rep_platform>Other</rep_platform>
          <op_sys>other</op_sys>
          <bug_status>VERIFIED</bug_status>
          <resolution>FIXED</resolution>
          
          
          <bug_file_loc></bug_file_loc>
          <status_whiteboard></status_whiteboard>
          <keywords></keywords>
          <priority>P3</priority>
          <bug_severity>normal</bug_severity>
          <target_milestone>2.0 M4</target_milestone>
          
          
          <everconfirmed>1</everconfirmed>
          <reporter name="Darin Swanson">Darin_Swanson</reporter>
          <assigned_to name="Darin Swanson">Darin_Swanson</assigned_to>
          
          
          <votes>0</votes>

      

      

      

          <long_desc isprivate="0">
            <commentid>29632</commentid>
            <who name="Darin Swanson">Darin_Swanson</who>
            <bug_when>2002-03-03 15:27:53 -0500</bug_when>
            <thetext>Create a launch configuration.
In the same &quot;dialog&quot; session, hit the new button to create a second 
configuration.

An error messages flashes in the wizard.  The message says &quot;Launch 
configuration already exists with this name&quot;...Look fast ;-)</thetext>
          </long_desc>
          <long_desc isprivate="0">
            <commentid>30413</commentid>
            <who name="Darin Wright">darin.eclipse</who>
            <bug_when>2002-03-05 20:48:26 -0500</bug_when>
            <thetext>Fixed.</thetext>
          </long_desc>
          <long_desc isprivate="0">
            <commentid>30414</commentid>
            <who name="Darin Wright">darin.eclipse</who>
            <bug_when>2002-03-05 20:48:38 -0500</bug_when>
            <thetext>Please verify.</thetext>
          </long_desc>
          <long_desc isprivate="0">
            <commentid>30973</commentid>
            <who name="Darin Swanson">Darin_Swanson</who>
            <bug_when>2002-03-07 11:53:02 -0500</bug_when>
            <thetext>Verified.</thetext>
          </long_desc>
      
      

    </bug>

</bugzilla>