<?xml version="1.0" encoding="UTF-8" standalone="yes" ?>


<bugzilla version="4.2.1"
          urlbase="https://bugs.eclipse.org/bugs/"
          
          maintainer="webmaster@eclipse.org"
>

    <bug>
          <bug_id>10482</bug_id>
          
          <creation_ts>2002-02-28 10:49:00 -0500</creation_ts>
          <short_desc>View will not Move via Pull Down</short_desc>
          <delta_ts>2002-04-09 11:52:19 -0400</delta_ts>
          <reporter_accessible>1</reporter_accessible>
          <cclist_accessible>1</cclist_accessible>
          <classification_id>2</classification_id>
          <classification>Eclipse</classification>
          <product>Platform</product>
          <component>SWT</component>
          <version>2.0</version>
          <rep_platform>Sun</rep_platform>
          <op_sys>Solaris</op_sys>
          <bug_status>RESOLVED</bug_status>
          <resolution>FIXED</resolution>
          
          
          <bug_file_loc></bug_file_loc>
          <status_whiteboard></status_whiteboard>
          <keywords></keywords>
          <priority>P2</priority>
          <bug_severity>major</bug_severity>
          <target_milestone>2.0 M4</target_milestone>
          
          
          <everconfirmed>1</everconfirmed>
          <reporter name="Justin Noel">justin</reporter>
          <assigned_to name="Grant Gayed">grant_gayed</assigned_to>
          
          
          <votes>0</votes>

      

      

      

          <long_desc isprivate="0">
            <commentid>29108</commentid>
            <who name="Justin Noel">justin</who>
            <bug_when>2002-02-28 10:49:59 -0500</bug_when>
            <thetext>Eclipse Drop: December 19th Stable
OS: Solaris 2.7 w/ Sun Recommended Patches
HW: Sun Ultra 60
JRE: Sun 1.3.1
Motif: 2.1
CDE: 1.3

To Reproduce:

Create Fast View
Right-click Title Bar -&gt; Move -&gt; View
Failure

Error Box: An Internal Error Has Occured. See Error Log for more details.
Console: Unhandled exception caught in event loop.
Reason:
java.lang.NullPointerException

Consistant broken behavior in Linux-Motif</thetext>
          </long_desc>
          <long_desc isprivate="0">
            <commentid>30736</commentid>
            <who name="Kevin Haaland">Kevin_Haaland</who>
            <bug_when>2002-03-06 20:21:10 -0500</bug_when>
            <thetext>Justin,

   Please attach the log file that was generated. </thetext>
          </long_desc>
          <long_desc isprivate="0">
            <commentid>30965</commentid>
            <who name="Tod Creasey">Tod_Creasey</who>
            <bug_when>2002-03-07 11:43:43 -0500</bug_when>
            <thetext>This works on Linux-Motif on build 20020305 although you do not get any of the 
move icons. Need to confirm on Solaris</thetext>
          </long_desc>
          <long_desc isprivate="0">
            <commentid>30996</commentid>
            <who name="Tod Creasey">Tod_Creasey</who>
            <bug_when>2002-03-07 12:11:02 -0500</bug_when>
            <thetext>On Solaris 8.0 and Linux the move command executes but there is no visual 
indication - i.e. the cursor does not change to a folder or crossed circle as 
you move it around. It will however perform the move.</thetext>
          </long_desc>
          <long_desc isprivate="0">
            <commentid>31745</commentid>
            <who name="Grant Gayed">grant_gayed</who>
            <bug_when>2002-03-11 12:19:54 -0500</bug_when>
            <thetext>Tod, I think you may have your test case slightly wrong.  The behaviour you 
describe happens when using the keyboard to move a regular view.  However, 
attempting to move a FAST view doesn&apos;t seem to be possible now since the Move-
&gt;View and Move-&gt;Tab Group menu items are disabled.

So at least the exception doesn&apos;t happen in 0305 since these menu items are 
disabled.  This seems like the correct behaviour since I don&apos;t think that 
moving a fast view makes sense (?).  I&apos;m moving this back to Tod in case I&apos;m 
wrong and there&apos;s some required UI action here.

As a side note, the icon-not-changing behaviour that you described is fixed as 
of tomorrow&apos;s build.
</thetext>
          </long_desc>
          <long_desc isprivate="0">
            <commentid>31752</commentid>
            <who name="Tod Creasey">Tod_Creasey</who>
            <bug_when>2002-03-11 12:37:05 -0500</bug_when>
            <thetext>Verified that this option is disabled for Fast View and is only an issue for a 
regular view. Only size is possible with a Fast View. Reassigning to SWT.</thetext>
          </long_desc>
          <long_desc isprivate="0">
            <commentid>31761</commentid>
            <who name="Grant Gayed">grant_gayed</who>
            <bug_when>2002-03-11 12:53:56 -0500</bug_when>
            <thetext>Fixed &gt; 0307.  The Tracker now grabs the pointer and keyboard during use, which 
allows it to change the cursor if the mouse button isn&apos;t pressed (often the 
case when the Resize menu item is invoked).
</thetext>
          </long_desc>
      
      

    </bug>

</bugzilla>