<?xml version="1.0" encoding="UTF-8" standalone="yes" ?>


<bugzilla version="4.2.1"
          urlbase="https://bugs.eclipse.org/bugs/"
          
          maintainer="webmaster@eclipse.org"
>

    <bug>
          <bug_id>10020</bug_id>
          
          <creation_ts>2002-02-20 11:00:00 -0500</creation_ts>
          <short_desc>Remotely deleting a file that is currently opened by an editor</short_desc>
          <delta_ts>2009-01-09 16:55:35 -0500</delta_ts>
          <reporter_accessible>1</reporter_accessible>
          <cclist_accessible>1</cclist_accessible>
          <classification_id>4</classification_id>
          <classification>Tools</classification>
          <product>CDT</product>
          <component>cdt-core</component>
          <version>1.0</version>
          <rep_platform>PC</rep_platform>
          <op_sys>Linux-Motif</op_sys>
          <bug_status>CLOSED</bug_status>
          <resolution>FIXED</resolution>
          
          
          <bug_file_loc></bug_file_loc>
          <status_whiteboard></status_whiteboard>
          <keywords></keywords>
          <priority>P3</priority>
          <bug_severity>major</bug_severity>
          <target_milestone>---</target_milestone>
          
          
          <everconfirmed>1</everconfirmed>
          <reporter name="Yasser Elmankabady">eyasser</reporter>
          <assigned_to name="David McKnight">dmcknigh</assigned_to>
          
          
          <votes>0</votes>

      

      

      

          <long_desc isprivate="0">
            <commentid>27519</commentid>
            <who name="Yasser Elmankabady">eyasser</who>
            <bug_when>2002-02-20 11:00:09 -0500</bug_when>
            <thetext>When trying to delete a file that is currently opened in the editors&apos; view, the 
file will remain visibile in the editor view although it has been removed from 
the file system.</thetext>
          </long_desc>
          <long_desc isprivate="0">
            <commentid>27525</commentid>
            <who name="David McKnight">dmcknigh</who>
            <bug_when>2002-02-20 13:27:03 -0500</bug_when>
            <thetext>This has to do with resource notification.  In remote projects, we don&apos;t get 
Eclipse resource notifications like we do in local projects.  In the local case, 
we catch the notification in the UI and, as a result, remove the editor.  I 
think, for now, we will simply need to handle that UI editor issue from the 
delete action. </thetext>
          </long_desc>
          <long_desc isprivate="0">
            <commentid>28057</commentid>
            <who name="David McKnight">dmcknigh</who>
            <bug_when>2002-02-26 11:07:53 -0500</bug_when>
            <thetext>I&apos;ve put a workaround in R1 and HEAD in CVS.  The delete resource action closes 
the editor for the remote resource before it gets deleted.</thetext>
          </long_desc>
          <long_desc isprivate="0">
            <commentid>185086</commentid>
            <who name="Sebastien Marineau">sebastien</who>
            <bug_when>2003-09-10 08:56:11 -0400</bug_when>
            <thetext>Closing</thetext>
          </long_desc>
      
      

    </bug>

</bugzilla>