<?xml version="1.0" encoding="UTF-8" standalone="yes" ?>


<bugzilla version="4.2.1"
          urlbase="https://bugs.eclipse.org/bugs/"
          
          maintainer="webmaster@eclipse.org"
>

    <bug>
          <bug_id>10172</bug_id>
          
          <creation_ts>2002-02-25 11:04:00 -0500</creation_ts>
          <short_desc>Externalize strings: strange message when no strings to externalize</short_desc>
          <delta_ts>2002-02-27 12:25:14 -0500</delta_ts>
          <reporter_accessible>1</reporter_accessible>
          <cclist_accessible>1</cclist_accessible>
          <classification_id>2</classification_id>
          <classification>Eclipse</classification>
          <product>JDT</product>
          <component>UI</component>
          <version>1.0</version>
          <rep_platform>PC</rep_platform>
          <op_sys>Linux</op_sys>
          <bug_status>RESOLVED</bug_status>
          <resolution>DUPLICATE</resolution>
          <dup_id>9017</dup_id>
          
          <bug_file_loc></bug_file_loc>
          <status_whiteboard></status_whiteboard>
          <keywords></keywords>
          <priority>P3</priority>
          <bug_severity>normal</bug_severity>
          <target_milestone>---</target_milestone>
          
          
          <everconfirmed>1</everconfirmed>
          <reporter name="James Moody">James_Moody</reporter>
          <assigned_to name="Erich Gamma">erich_gamma</assigned_to>
          
          
          <votes>0</votes>

      

      

      

          <long_desc isprivate="0">
            <commentid>27812</commentid>
            <who name="James Moody">James_Moody</who>
            <bug_when>2002-02-25 11:04:00 -0500</bug_when>
            <thetext>Select a java file with no strings available for externalizing. If you try to
externalize, you get a dialog that says:
&quot;The following problem prevents performing the operation:

No strings to externalize found in &apos;file.java&apos;&quot;

This seems a little severe; it sounds like there&apos;s a critical error preventing
me from continuing. Instead, the error message should just say &quot;There are no
strings to externalize in &quot;file.java&quot;&quot; without making it sound like a failure.</thetext>
          </long_desc>
          <long_desc isprivate="0">
            <commentid>28759</commentid>
            <who name="Adam Kiezun">akiezun</who>
            <bug_when>2002-02-27 12:25:14 -0500</bug_when>
            <thetext>

*** This bug has been marked as a duplicate of 9017 ***</thetext>
          </long_desc>
      
      

    </bug>

</bugzilla>