<?xml version="1.0" encoding="UTF-8" standalone="yes" ?>


<bugzilla version="4.2.1"
          urlbase="https://bugs.eclipse.org/bugs/"
          
          maintainer="webmaster@eclipse.org"
>

    <bug>
          <bug_id>10193</bug_id>
          
          <creation_ts>2002-02-25 12:47:00 -0500</creation_ts>
          <short_desc>Should merge adjacent word changes</short_desc>
          <delta_ts>2009-08-30 02:17:04 -0400</delta_ts>
          <reporter_accessible>1</reporter_accessible>
          <cclist_accessible>1</cclist_accessible>
          <classification_id>2</classification_id>
          <classification>Eclipse</classification>
          <product>Platform</product>
          <component>Compare</component>
          <version>2.0</version>
          <rep_platform>PC</rep_platform>
          <op_sys>Windows 2000</op_sys>
          <bug_status>RESOLVED</bug_status>
          <resolution>WONTFIX</resolution>
          
          
          <bug_file_loc></bug_file_loc>
          <status_whiteboard></status_whiteboard>
          <keywords></keywords>
          <priority>P3</priority>
          <bug_severity>enhancement</bug_severity>
          <target_milestone>---</target_milestone>
          
          
          <everconfirmed>1</everconfirmed>
          <reporter name="Nick Edgar">nick_edgar</reporter>
          <assigned_to name="Platform-Compare-Inbox">platform-compare-inbox</assigned_to>
          
          
          <votes>0</votes>

      

      

      

          <long_desc isprivate="0">
            <commentid>27859</commentid>
            <who name="Nick Edgar">nick_edgar</who>
            <bug_when>2002-02-25 12:47:55 -0500</bug_when>
            <thetext>Build 20020214

During a sync, it showed the following diffs in a .properties file:

old:
WizardNewProjectCreationPage.locationError = Invalid location path
WizardNewProjectCreationPage.defaultLocationError = Location path cannot 
overlap with default location
WizardNewProjectCreationPage.directoryLabel = Select the location directory.

new:
WizardNewProjectCreationPage.locationError = Invalid project contents directory
WizardNewProjectCreationPage.defaultLocationError = Project contents cannot be 
inside workspace directory
WizardNewProjectCreationPage.directoryLabel = Select the project contents 
directory.

When stepping through the changes, it was trying to match up words, giving 
separate diffs if adjacent words had been replaced with different words.  
e.g. for the first case (WizardNewProjectCreationPage.locationError), it 
showed &quot;location&quot; mapped to &quot;project&quot;, and &quot;path&quot; mapped to &quot;contents 
directory&quot;

When working at this granularity, adjacent diffs should be merged since trying 
to match words up does not match the semantics of English.
If it could match up corresponding noun phrases and verb phrases, that would 
be -really- cool, but I&apos;d save that for 3.0 &lt;g&gt;.</thetext>
          </long_desc>
          <long_desc isprivate="0">
            <commentid>119976</commentid>
            <who name="Andre Weinand">andre_weinand</who>
            <bug_when>2003-01-20 06:37:23 -0500</bug_when>
            <thetext>after 2.1</thetext>
          </long_desc>
          <long_desc isprivate="0">
            <commentid>1583734</commentid>
            <who name="Denis Roy">denis.roy</who>
            <bug_when>2009-08-30 02:17:04 -0400</bug_when>
            <thetext>As of now &apos;LATER&apos; and &apos;REMIND&apos; resolutions are no longer supported.
Please reopen this bug if it is still valid for you.</thetext>
          </long_desc>
      
      

    </bug>

</bugzilla>