<?xml version="1.0" encoding="UTF-8" standalone="yes" ?>


<bugzilla version="4.2.1"
          urlbase="https://bugs.eclipse.org/bugs/"
          
          maintainer="webmaster@eclipse.org"
>

    <bug>
          <bug_id>10081</bug_id>
          
          <creation_ts>2002-02-21 15:07:00 -0500</creation_ts>
          <short_desc>Busy progress monitor indicator while debugging  remotely</short_desc>
          <delta_ts>2003-09-10 08:56:49 -0400</delta_ts>
          <reporter_accessible>1</reporter_accessible>
          <cclist_accessible>1</cclist_accessible>
          <classification_id>4</classification_id>
          <classification>Tools</classification>
          <product>CDT</product>
          <component>cdt-debug</component>
          <version>1.0</version>
          <rep_platform>PC</rep_platform>
          <op_sys>Linux</op_sys>
          <bug_status>CLOSED</bug_status>
          <resolution>FIXED</resolution>
          
          
          <bug_file_loc></bug_file_loc>
          <status_whiteboard></status_whiteboard>
          <keywords></keywords>
          <priority>P3</priority>
          <bug_severity>normal</bug_severity>
          <target_milestone>---</target_milestone>
          
          
          <everconfirmed>1</everconfirmed>
          <reporter name="Yasser Elmankabady">eyasser</reporter>
          <assigned_to name="David McKnight">dmcknigh</assigned_to>
          
          
          <votes>0</votes>

      

      

      

          <long_desc isprivate="0">
            <commentid>27616</commentid>
            <who name="Yasser Elmankabady">eyasser</who>
            <bug_when>2002-02-21 15:07:02 -0500</bug_when>
            <thetext>The busy progress monitor indicator keeps looping indefinitely while the debug 
session is running.
To reproduce, just start a remote debugging session and notice the monitor 
indicator in the bottom right of the screen.</thetext>
          </long_desc>
          <long_desc isprivate="0">
            <commentid>34046</commentid>
            <who name="David McKnight">dmcknigh</who>
            <bug_when>2002-03-19 16:28:21 -0500</bug_when>
            <thetext>We should only show progress when it is requested.  The debug case is just one 
example of where progress should not be shown.  Other cases, include shell 
commands that are not builds.  I&apos;ve put the fixes in R1 and R2 in CVS.</thetext>
          </long_desc>
          <long_desc isprivate="0">
            <commentid>185089</commentid>
            <who name="Sebastien Marineau">sebastien</who>
            <bug_when>2003-09-10 08:56:49 -0400</bug_when>
            <thetext>Closing</thetext>
          </long_desc>
      
      

    </bug>

</bugzilla>