<?xml version="1.0" encoding="UTF-8" standalone="yes" ?>


<bugzilla version="4.2.1"
          urlbase="https://bugs.eclipse.org/bugs/"
          
          maintainer="webmaster@eclipse.org"
>

    <bug>
          <bug_id>10058</bug_id>
          
          <creation_ts>2002-02-21 09:28:00 -0500</creation_ts>
          <short_desc>Progress monitor when Java search operation is created</short_desc>
          <delta_ts>2002-03-18 10:31:19 -0500</delta_ts>
          <reporter_accessible>1</reporter_accessible>
          <cclist_accessible>1</cclist_accessible>
          <classification_id>2</classification_id>
          <classification>Eclipse</classification>
          <product>JDT</product>
          <component>UI</component>
          <version>2.0</version>
          <rep_platform>PC</rep_platform>
          <op_sys>Windows 2000</op_sys>
          <bug_status>RESOLVED</bug_status>
          <resolution>WORKSFORME</resolution>
          
          
          <bug_file_loc></bug_file_loc>
          <status_whiteboard></status_whiteboard>
          <keywords></keywords>
          <priority>P3</priority>
          <bug_severity>normal</bug_severity>
          <target_milestone>---</target_milestone>
          
          
          <everconfirmed>1</everconfirmed>
          <reporter name="Dani Megert">daniel_megert</reporter>
          <assigned_to name="Dani Megert">daniel_megert</assigned_to>
          
          
          <votes>0</votes>

      

      

      

          <long_desc isprivate="0">
            <commentid>27582</commentid>
            <who name="Dani Megert">daniel_megert</who>
            <bug_when>2002-02-21 09:28:27 -0500</bug_when>
            <thetext>The new J Core implementation for creatin hierarchy scopes sometimes takes
longer than before. If this is the case then the user does not get feedback when
a hierarchy search is started via context menu until the search actually starts.

J Search should create the J Search operation in the same progress monitor as
the search is performed.</thetext>
          </long_desc>
          <long_desc isprivate="0">
            <commentid>28080</commentid>
            <who name="Dani Megert">daniel_megert</who>
            <bug_when>2002-02-26 11:29:28 -0500</bug_when>
            <thetext>Waiting for next J Core drop (20020226): Jerome said there were bug fixes and
speed improvements in this area.
</thetext>
          </long_desc>
          <long_desc isprivate="0">
            <commentid>33432</commentid>
            <who name="Dani Megert">daniel_megert</who>
            <bug_when>2002-03-18 10:31:19 -0500</bug_when>
            <thetext>This has been fixed with the new J Core drop.
</thetext>
          </long_desc>
      
      

    </bug>

</bugzilla>