<?xml version="1.0" encoding="UTF-8" standalone="yes" ?>


<bugzilla version="4.2.1"
          urlbase="https://bugs.eclipse.org/bugs/"
          
          maintainer="webmaster@eclipse.org"
>

    <bug>
          <bug_id>10491</bug_id>
          
          <creation_ts>2002-02-28 11:30:00 -0500</creation_ts>
          <short_desc>Bold button will not bold text in SWT TextEditor Example</short_desc>
          <delta_ts>2002-05-15 14:39:42 -0400</delta_ts>
          <reporter_accessible>1</reporter_accessible>
          <cclist_accessible>1</cclist_accessible>
          <classification_id>2</classification_id>
          <classification>Eclipse</classification>
          <product>Platform</product>
          <component>SWT</component>
          <version>2.0</version>
          <rep_platform>Sun</rep_platform>
          <op_sys>Solaris</op_sys>
          <bug_status>RESOLVED</bug_status>
          <resolution>FIXED</resolution>
          
          
          <bug_file_loc></bug_file_loc>
          <status_whiteboard></status_whiteboard>
          <keywords></keywords>
          <priority>P3</priority>
          <bug_severity>major</bug_severity>
          <target_milestone>---</target_milestone>
          
          
          <everconfirmed>1</everconfirmed>
          <reporter name="Justin Noel">justin</reporter>
          <assigned_to name="Silenio Quarti">Silenio_Quarti</assigned_to>
          
          
          <votes>0</votes>

      

      

      

          <long_desc isprivate="0">
            <commentid>29145</commentid>
            <who name="Justin Noel">justin</who>
            <bug_when>2002-02-28 11:30:36 -0500</bug_when>
            <thetext>Eclipse Drop: December 19th Stable
OS: Solaris 2.7 w/ Sun Recommended Patches
HW: Sun Ultra 60
JRE: Sun 1.3.1
Motif: 2.1
CDE: 1.3

To Reproduce:
Run SWT TextEditor Example
Write some text
Select Bold
Write more text
Notice Bold text is written
Highlight Bold Text
Click &quot;Reset&quot;
Notice now unbolded text
Select unbolded text
Select Bold
Failure
Notice that text is not rebolded.

Under Linux I cannot get the example to write unbolded text at all.</thetext>
          </long_desc>
          <long_desc isprivate="0">
            <commentid>29213</commentid>
            <who name="Mike Wilson">Mike_Wilson</who>
            <bug_when>2002-02-28 13:06:07 -0500</bug_when>
            <thetext>Could be an example problem, but it&apos;s likely font related.</thetext>
          </long_desc>
          <long_desc isprivate="0">
            <commentid>29793</commentid>
            <who name="Silenio Quarti">Silenio_Quarti</who>
            <bug_when>2002-03-04 10:31:36 -0500</bug_when>
            <thetext>I was able to reproduce this problem on Windows NT.</thetext>
          </long_desc>
          <long_desc isprivate="0">
            <commentid>29804</commentid>
            <who name="Silenio Quarti">Silenio_Quarti</who>
            <bug_when>2002-03-04 10:46:26 -0500</bug_when>
            <thetext>The example is written so that the &quot;Bold&quot; tool item is
an on/off setting. It only applies to new text typed. It
will not change the selected text style. We should consider
changing the example, but this may not be an easy task, since
we need decided what happens when the user selects text
with different styles.


</thetext>
          </long_desc>
          <long_desc isprivate="0">
            <commentid>54008</commentid>
            <who name="Silenio Quarti">Silenio_Quarti</who>
            <bug_when>2002-05-15 14:39:42 -0400</bug_when>
            <thetext>Example has been fixed to change the style
of the selected text.</thetext>
          </long_desc>
      
      

    </bug>

</bugzilla>