<?xml version="1.0" encoding="UTF-8" standalone="yes" ?>


<bugzilla version="4.2.1"
          urlbase="https://bugs.eclipse.org/bugs/"
          
          maintainer="webmaster@eclipse.org"
>

    <bug>
          <bug_id>10070</bug_id>
          
          <creation_ts>2002-02-21 12:31:00 -0500</creation_ts>
          <short_desc>Perspective Extensions Cannot Define Placeholders</short_desc>
          <delta_ts>2002-04-19 17:13:43 -0400</delta_ts>
          <reporter_accessible>1</reporter_accessible>
          <cclist_accessible>1</cclist_accessible>
          <classification_id>2</classification_id>
          <classification>Eclipse</classification>
          <product>Platform</product>
          <component>UI</component>
          <version>2.0</version>
          <rep_platform>All</rep_platform>
          <op_sys>All</op_sys>
          <bug_status>RESOLVED</bug_status>
          <resolution>DUPLICATE</resolution>
          <dup_id>11490</dup_id>
          
          <bug_file_loc></bug_file_loc>
          <status_whiteboard></status_whiteboard>
          <keywords></keywords>
          <priority>P3</priority>
          <bug_severity>enhancement</bug_severity>
          <target_milestone>---</target_milestone>
          
          
          <everconfirmed>1</everconfirmed>
          <reporter name="Kevin Cornell">kcornell</reporter>
          <assigned_to name="Kevin Haaland">Kevin_Haaland</assigned_to>
          
          
          <votes>0</votes>

      

      

      

          <long_desc isprivate="0">
            <commentid>27596</commentid>
            <who name="Kevin Cornell">kcornell</who>
            <bug_when>2002-02-21 12:31:34 -0500</bug_when>
            <thetext>The extension point org.eclipse.ui.perspectiveExtensions appears to allow 
almost everything that can be defined in an IPerspectiveFactory except for 
placeholders.

Suppose plugin A defines a perspective PA. Plugin B wants to contribute a view 
to be used in that perspective (and cannot implement IPerspectiveFactory) along 
with a view shortcut. But initially, that view should not be visible.

Using the perspectiveExtensions, plugin B can contribute its view shortcut but 
if it contributes the view itself, that view will automatically be visible. 
Plugin B cannot define a placeholder for its view in perspective PA.

The perspectiveExtension extension should support a &lt;placeholder&gt; element that 
has the same XML schema as the &lt;view&gt; element.
(see org.eclipse.ui.internal.registry.PerspectiveExtensionReader)</thetext>
          </long_desc>
          <long_desc isprivate="0">
            <commentid>44846</commentid>
            <who name="Kevin Cornell">kcornell</who>
            <bug_when>2002-04-19 17:13:43 -0400</bug_when>
            <thetext>
I just noticed bug # 11490

*** This bug has been marked as a duplicate of 11490 ***</thetext>
          </long_desc>
      
      

    </bug>

</bugzilla>