<?xml version="1.0" encoding="UTF-8" standalone="yes" ?>


<bugzilla version="4.2.1"
          urlbase="https://bugs.eclipse.org/bugs/"
          
          maintainer="webmaster@eclipse.org"
>

    <bug>
          <bug_id>10250</bug_id>
          
          <creation_ts>2002-02-26 09:10:00 -0500</creation_ts>
          <short_desc>Slider with VERTICAL orientation - down arrow increments</short_desc>
          <delta_ts>2002-03-07 10:57:09 -0500</delta_ts>
          <reporter_accessible>1</reporter_accessible>
          <cclist_accessible>1</cclist_accessible>
          <classification_id>2</classification_id>
          <classification>Eclipse</classification>
          <product>Platform</product>
          <component>SWT</component>
          <version>2.0</version>
          <rep_platform>PC</rep_platform>
          <op_sys>Windows 2000</op_sys>
          <bug_status>RESOLVED</bug_status>
          <resolution>FIXED</resolution>
          
          
          <bug_file_loc></bug_file_loc>
          <status_whiteboard></status_whiteboard>
          <keywords></keywords>
          <priority>P3</priority>
          <bug_severity>normal</bug_severity>
          <target_milestone>2.0 M4</target_milestone>
          
          
          <everconfirmed>1</everconfirmed>
          <reporter name="Derek Riendeau">derek.riendeau</reporter>
          <assigned_to name="Steve Northover">steve_northover</assigned_to>
          <cc>Mike_Wilson</cc>
          
          <votes>0</votes>

      

      

      

          <long_desc isprivate="0">
            <commentid>28016</commentid>
            <who name="Derek Riendeau">derek.riendeau</who>
            <bug_when>2002-02-26 09:10:08 -0500</bug_when>
            <thetext>We are using a Slider with SWT.VERTICAL, but the down arrow increments the 
number and the up arrow decrements. This does not correspond to the 
documentation that states &quot;VERTICAL (which have up and down facing buttons for 
incrementing and decrementing the value). &quot;

We want the up arrow to increment, as this make visual sense.

BTW - build from 02/14.</thetext>
          </long_desc>
          <long_desc isprivate="0">
            <commentid>28380</commentid>
            <who name="Steve Northover">steve_northover</who>
            <bug_when>2002-02-26 18:56:09 -0500</bug_when>
            <thetext>The behavior is similar to ScrollBar and Scale.  Mcq to fix the JavaDoc?</thetext>
          </long_desc>
          <long_desc isprivate="0">
            <commentid>28771</commentid>
            <who name="Mike Wilson">Mike_Wilson</who>
            <bug_when>2002-02-27 12:38:12 -0500</bug_when>
            <thetext>I re-read the javadoc, which I originally wrote, and realized that it was 
written to be deliberately ambiguous (no correlation between button directions 
and the effect on the result was supposed to be implied). This was to handle 
the fact that we weren&apos;t certain how platforms which have increasing Y values 
going &quot;up&quot; the window (like OS/2) were going to be handled.

Since too much code relies on the current behavior now, I&apos;ll fix the javadoc 
to be more clear about what the buttons do.
</thetext>
          </long_desc>
          <long_desc isprivate="0">
            <commentid>28773</commentid>
            <who name="Mike Wilson">Mike_Wilson</who>
            <bug_when>2002-02-27 12:48:03 -0500</bug_when>
            <thetext>Updated the javadoc</thetext>
          </long_desc>
      
      

    </bug>

</bugzilla>