<?xml version="1.0" encoding="UTF-8" standalone="yes" ?>


<bugzilla version="4.2.1"
          urlbase="https://bugs.eclipse.org/bugs/"
          
          maintainer="webmaster@eclipse.org"
>

    <bug>
          <bug_id>10373</bug_id>
          
          <creation_ts>2002-02-27 00:25:00 -0500</creation_ts>
          <short_desc>Code assist from platform documentation</short_desc>
          <delta_ts>2009-01-09 14:09:19 -0500</delta_ts>
          <reporter_accessible>1</reporter_accessible>
          <cclist_accessible>1</cclist_accessible>
          <classification_id>4</classification_id>
          <classification>Tools</classification>
          <product>CDT</product>
          <component>cdt-other</component>
          <version>2.0</version>
          <rep_platform>All</rep_platform>
          <op_sys>All</op_sys>
          <bug_status>RESOLVED</bug_status>
          <resolution>WONTFIX</resolution>
          
          
          <bug_file_loc></bug_file_loc>
          <status_whiteboard></status_whiteboard>
          <keywords></keywords>
          <priority>P2</priority>
          <bug_severity>enhancement</bug_severity>
          <target_milestone>Future</target_milestone>
          
          
          <everconfirmed>1</everconfirmed>
          <reporter name="Brian Thomson">thomson</reporter>
          <assigned_to name="Jeff Turnham">turnham</assigned_to>
          
          
          <votes>0</votes>

      

      

      

          <long_desc isprivate="0">
            <commentid>28438</commentid>
            <who name="Brian Thomson">thomson</who>
            <bug_when>2002-02-27 00:25:10 -0500</bug_when>
            <thetext>Currently we can only do code completion from information encountered while
parsing the project.   APIs whose headers have not been parsed, because they
haven&apos;t been #included in the project yet, are not completion candidates and we
can&apos;t help the developer write code that uses those APIs.  This feature is to
add that capability.   In particular, if a developer uses the system help search
to find an API they should be able to insert the appropriate code fragment and
#include.</thetext>
          </long_desc>
          <long_desc isprivate="0">
            <commentid>169029</commentid>
            <who name="Sebastien Marineau">sebastien</who>
            <bug_when>2003-06-25 06:54:19 -0400</bug_when>
            <thetext>This applies to old CDT, closing as part of cleanup.</thetext>
          </long_desc>
      
      

    </bug>

</bugzilla>