<?xml version="1.0" encoding="UTF-8" standalone="yes" ?>


<bugzilla version="4.2.1"
          urlbase="https://bugs.eclipse.org/bugs/"
          
          maintainer="webmaster@eclipse.org"
>

    <bug>
          <bug_id>10228</bug_id>
          
          <creation_ts>2002-02-25 18:23:00 -0500</creation_ts>
          <short_desc>Organizing imports inserts undesirable imports</short_desc>
          <delta_ts>2002-03-05 03:47:32 -0500</delta_ts>
          <reporter_accessible>1</reporter_accessible>
          <cclist_accessible>1</cclist_accessible>
          <classification_id>2</classification_id>
          <classification>Eclipse</classification>
          <product>JDT</product>
          <component>UI</component>
          <version>2.0</version>
          <rep_platform>PC</rep_platform>
          <op_sys>Windows NT</op_sys>
          <bug_status>RESOLVED</bug_status>
          <resolution>DUPLICATE</resolution>
          <dup_id>5761</dup_id>
          
          <bug_file_loc></bug_file_loc>
          <status_whiteboard></status_whiteboard>
          <keywords></keywords>
          <priority>P3</priority>
          <bug_severity>normal</bug_severity>
          <target_milestone>---</target_milestone>
          
          
          <everconfirmed>1</everconfirmed>
          <reporter name="Leon Pesenson">leon.pesenson</reporter>
          <assigned_to name="Martin Aeschlimann">martin_aeschlimann</assigned_to>
          
          
          <votes>0</votes>

      

      

      

          <long_desc isprivate="0">
            <commentid>27967</commentid>
            <who name="Leon Pesenson">leon.pesenson</who>
            <bug_when>2002-02-25 18:23:20 -0500</bug_when>
            <thetext>When organizing imports in build 20020214, extra imports are inserted:
import sun.security.krb5.internal.*;
import sun.security.krb5.internal.crypto.*;I am quite certain I am not using 
anything from either of these packages.</thetext>
          </long_desc>
          <long_desc isprivate="0">
            <commentid>27997</commentid>
            <who name="Philippe Mulet">philippe_mulet</who>
            <bug_when>2002-02-26 05:17:16 -0500</bug_when>
            <thetext>Moving to JUI, this one is a problem in the logic of the import addition.
</thetext>
          </long_desc>
          <long_desc isprivate="0">
            <commentid>30053</commentid>
            <who name="Erich Gamma">erich_gamma</who>
            <bug_when>2002-03-04 19:11:34 -0500</bug_when>
            <thetext>workaround: disable class imports of classes that start with a lower letter in 
the organize import preferences page.

</thetext>
          </long_desc>
          <long_desc isprivate="0">
            <commentid>30079</commentid>
            <who name="Martin Aeschlimann">martin_aeschlimann</who>
            <bug_when>2002-03-05 03:47:32 -0500</bug_when>
            <thetext>the workaround solves the problem.
other than that resolving bug 5761 would help in some cases.

*** This bug has been marked as a duplicate of 5761 ***</thetext>
          </long_desc>
      
      

    </bug>

</bugzilla>