<?xml version="1.0" encoding="UTF-8" standalone="yes" ?>


<bugzilla version="4.2.1"
          urlbase="https://bugs.eclipse.org/bugs/"
          
          maintainer="webmaster@eclipse.org"
>

    <bug>
          <bug_id>10477</bug_id>
          
          <creation_ts>2002-02-28 10:13:00 -0500</creation_ts>
          <short_desc>Code Assist broken for methods in innerclass</short_desc>
          <delta_ts>2002-03-13 11:25:56 -0500</delta_ts>
          <reporter_accessible>1</reporter_accessible>
          <cclist_accessible>1</cclist_accessible>
          <classification_id>2</classification_id>
          <classification>Eclipse</classification>
          <product>JDT</product>
          <component>UI</component>
          <version>2.0</version>
          <rep_platform>PC</rep_platform>
          <op_sys>Windows 2000</op_sys>
          <bug_status>RESOLVED</bug_status>
          <resolution>DUPLICATE</resolution>
          <dup_id>9100</dup_id>
          
          <bug_file_loc></bug_file_loc>
          <status_whiteboard></status_whiteboard>
          <keywords></keywords>
          <priority>P2</priority>
          <bug_severity>normal</bug_severity>
          <target_milestone>---</target_milestone>
          
          
          <everconfirmed>1</everconfirmed>
          <reporter name="Veronika Irvine">veronika_irvine</reporter>
          <assigned_to name="Claude Knaus">Claude_Knaus</assigned_to>
          
          
          <votes>0</votes>

      

      

      

          <long_desc isprivate="0">
            <commentid>29092</commentid>
            <who name="Veronika Irvine">veronika_irvine</who>
            <bug_when>2002-02-28 10:13:11 -0500</bug_when>
            <thetext>Eclipse 20020226-I

1) Enter the following code:

public static void main(String[] args) {
	Display display = new Display();
	final Shell shell = new Shell(display);
	shell.setLayout(new GridLayout());	
	Button b1 = new Button(shell, SWT.PUSH);
	b1.setText(&quot;b1&quot;);
	b1.addSelectionListener(new SelectionAdapter() {
		// place cursor after this line

	});
	shell.open();
	while (!shell.isDisposed()) {
		if (!display.readAndDispatch())
			display.sleep();
	}
	display.dispose();
}

2) Place the cursor after the line with the comment &quot;// place cursor after this 
line&quot; and hit Ctrl space.

What I get when I select widgetSelected from the menu is :
          widgetSelected(e);

What I used to get and what I prefer is :
         public void widgetSelected(SelectionEvent e)</thetext>
          </long_desc>
          <long_desc isprivate="0">
            <commentid>29661</commentid>
            <who name="Erich Gamma">erich_gamma</who>
            <bug_when>2002-03-03 19:05:05 -0500</bug_when>
            <thetext>To re-enable the old behaviour turn off the Fill Arguments on method completion 
in Java&gt;Work In Progress.

</thetext>
          </long_desc>
          <long_desc isprivate="0">
            <commentid>31594</commentid>
            <who name="Claude Knaus">Claude_Knaus</who>
            <bug_when>2002-03-11 08:47:56 -0500</bug_when>
            <thetext>

*** This bug has been marked as a duplicate of 9100 ***</thetext>
          </long_desc>
      
      

    </bug>

</bugzilla>