<?xml version="1.0" encoding="UTF-8" standalone="yes" ?>


<bugzilla version="4.2.1"
          urlbase="https://bugs.eclipse.org/bugs/"
          
          maintainer="webmaster@eclipse.org"
>

    <bug>
          <bug_id>10203</bug_id>
          
          <creation_ts>2002-02-25 15:35:00 -0500</creation_ts>
          <short_desc>Request to have the project source location revealed in the properties</short_desc>
          <delta_ts>2002-05-01 17:34:02 -0400</delta_ts>
          <reporter_accessible>1</reporter_accessible>
          <cclist_accessible>1</cclist_accessible>
          <classification_id>2</classification_id>
          <classification>Eclipse</classification>
          <product>Platform</product>
          <component>UI</component>
          <version>1.0</version>
          <rep_platform>All</rep_platform>
          <op_sys>All</op_sys>
          <bug_status>RESOLVED</bug_status>
          <resolution>FIXED</resolution>
          
          
          <bug_file_loc></bug_file_loc>
          <status_whiteboard></status_whiteboard>
          <keywords></keywords>
          <priority>P3</priority>
          <bug_severity>enhancement</bug_severity>
          <target_milestone>---</target_milestone>
          
          
          <everconfirmed>1</everconfirmed>
          <reporter name="OTI Support">support</reporter>
          <assigned_to name="Kevin Haaland">Kevin_Haaland</assigned_to>
          <cc>judy_mullins</cc>
    
    <cc>paulacox</cc>
          
          <votes>0</votes>

      

      

      

          <long_desc isprivate="0">
            <commentid>27895</commentid>
            <who name="OTI Support">support</who>
            <bug_when>2002-02-25 15:35:30 -0500</bug_when>
            <thetext>The customer would like to have the project source location revealed in
the properties (or anywhere).

Sometimes, the project can have source that may point to a directory other
than the workspace location.  The customer needs to know where the
source directory is.</thetext>
          </long_desc>
          <long_desc isprivate="0">
            <commentid>48731</commentid>
            <who name="Kevin Haaland">Kevin_Haaland</who>
            <bug_when>2002-05-01 17:34:02 -0400</bug_when>
            <thetext>This support is available in recent 2.0 builds (-showlocatin) as a command line 
argument</thetext>
          </long_desc>
      
      

    </bug>

</bugzilla>