<?xml version="1.0" encoding="UTF-8" standalone="yes" ?>


<bugzilla version="4.2.1"
          urlbase="https://bugs.eclipse.org/bugs/"
          
          maintainer="webmaster@eclipse.org"
>

    <bug>
          <bug_id>10200</bug_id>
          
          <creation_ts>2002-02-25 15:30:00 -0500</creation_ts>
          <short_desc>Need menu options to edit launch configurations</short_desc>
          <delta_ts>2002-03-12 08:40:31 -0500</delta_ts>
          <reporter_accessible>1</reporter_accessible>
          <cclist_accessible>1</cclist_accessible>
          <classification_id>2</classification_id>
          <classification>Eclipse</classification>
          <product>Platform</product>
          <component>Debug</component>
          <version>2.0</version>
          <rep_platform>Other</rep_platform>
          <op_sys>other</op_sys>
          <bug_status>VERIFIED</bug_status>
          <resolution>FIXED</resolution>
          
          
          <bug_file_loc></bug_file_loc>
          <status_whiteboard></status_whiteboard>
          <keywords></keywords>
          <priority>P2</priority>
          <bug_severity>normal</bug_severity>
          <target_milestone>2.0 M6</target_milestone>
          
          
          <everconfirmed>1</everconfirmed>
          <reporter name="Jared Burns">jared_burns</reporter>
          <assigned_to name="Jared Burns">jared_burns</assigned_to>
          
          
          <votes>0</votes>

      

      

      

          <long_desc isprivate="0">
            <commentid>27892</commentid>
            <who name="Jared Burns">jared_burns</who>
            <bug_when>2002-02-25 15:30:53 -0500</bug_when>
            <thetext>We need to add an option on the debug and run pulldown menus (the running man
and bug menus) to bring up the Launch Configuration Dialog.

Currently, with single click launching enabled the user can&apos;t bring up the
dialog to edit old configurations.</thetext>
          </long_desc>
          <long_desc isprivate="0">
            <commentid>29141</commentid>
            <who name="Darin Wright">darin.eclipse</who>
            <bug_when>2002-02-28 11:27:41 -0500</bug_when>
            <thetext>Agreed. Should add a &quot;Launch Configurations...&quot; action to each debug/run drop 
down menu. Should also add to Debug (workbench) Menu (need one action for each 
mode, as the dialog is brought up in run or debug mode).</thetext>
          </long_desc>
          <long_desc isprivate="0">
            <commentid>31758</commentid>
            <who name="Darin Wright">darin.eclipse</who>
            <bug_when>2002-03-11 12:48:20 -0500</bug_when>
            <thetext>Fixed. Drop down menus have &quot;Run/Debug Configurations...&quot; - also available in 
debug window menu.</thetext>
          </long_desc>
          <long_desc isprivate="0">
            <commentid>31759</commentid>
            <who name="Darin Wright">darin.eclipse</who>
            <bug_when>2002-03-11 12:48:27 -0500</bug_when>
            <thetext>Please verify.</thetext>
          </long_desc>
          <long_desc isprivate="0">
            <commentid>31947</commentid>
            <who name="Jared Burns">jared_burns</who>
            <bug_when>2002-03-12 08:40:31 -0500</bug_when>
            <thetext>Verified.</thetext>
          </long_desc>
      
      

    </bug>

</bugzilla>