<?xml version="1.0" encoding="UTF-8" standalone="yes" ?>


<bugzilla version="4.2.1"
          urlbase="https://bugs.eclipse.org/bugs/"
          
          maintainer="webmaster@eclipse.org"
>

    <bug>
          <bug_id>10604</bug_id>
          
          <creation_ts>2002-03-01 14:02:00 -0500</creation_ts>
          <short_desc>Request New Refactorings: Inner Classes [refactoring]</short_desc>
          <delta_ts>2009-08-30 02:13:06 -0400</delta_ts>
          <reporter_accessible>1</reporter_accessible>
          <cclist_accessible>1</cclist_accessible>
          <classification_id>2</classification_id>
          <classification>Eclipse</classification>
          <product>JDT</product>
          <component>UI</component>
          <version>2.0</version>
          <rep_platform>All</rep_platform>
          <op_sys>All</op_sys>
          <bug_status>RESOLVED</bug_status>
          <resolution>WONTFIX</resolution>
          
          
          <bug_file_loc></bug_file_loc>
          <status_whiteboard></status_whiteboard>
          <keywords>helpwanted</keywords>
          <priority>P3</priority>
          <bug_severity>enhancement</bug_severity>
          <target_milestone>---</target_milestone>
          
          
          <everconfirmed>1</everconfirmed>
          <reporter name="David Corbin">dcorbin</reporter>
          <assigned_to name="JDT-UI-Inbox">jdt-ui-inbox</assigned_to>
          <cc>dirk_baeumer</cc>
          
          <votes>0</votes>

      

      

      

          <long_desc isprivate="0">
            <commentid>29518</commentid>
            <who name="David Corbin">dcorbin</who>
            <bug_when>2002-03-01 14:02:23 -0500</bug_when>
            <thetext>Often, I end up with many utillity methods that only slightly related to the
main class.  I will frequently move these methods (if they&apos;re related) into a
named inner class (static).  Sometimes, after that, I will find that while those
methods should in fact be static in the main class, in this new Utility class,
they would be better server as instance methods, operating on a common field. 
In either one of these cases, I often move the Inner class to be an &quot;outer
class&quot;.   I think all of these could be automated as:

1) &quot;Move static Method to Inner Class&quot; (create class if necessary)
2) &quot;Convert class with all Static methods to Instance class&quot; 
3) &quot;Convert Inner Class to Outer Class&quot;

It&apos;s possible that I&apos;m entirely dreaming on #2.  I&apos;ll think about a bit more.</thetext>
          </long_desc>
          <long_desc isprivate="0">
            <commentid>29647</commentid>
            <who name="Erich Gamma">erich_gamma</who>
            <bug_when>2002-03-03 18:18:42 -0500</bug_when>
            <thetext>should be considered after 2.0</thetext>
          </long_desc>
          <long_desc isprivate="0">
            <commentid>72507</commentid>
            <who name="Eric Nickell">nickell</who>
            <bug_when>2002-06-11 16:25:02 -0400</bug_when>
            <thetext>Option #3 is related to Bug 6502.</thetext>
          </long_desc>
          <long_desc isprivate="0">
            <commentid>81232</commentid>
            <who name="Dirk Baeumer">dirk_baeumer</who>
            <bug_when>2002-07-23 09:01:39 -0400</bug_when>
            <thetext>No action planned for 2.1. PR is tagged as helpwanted.</thetext>
          </long_desc>
          <long_desc isprivate="0">
            <commentid>157862</commentid>
            <who name="Dirk Baeumer">dirk_baeumer</who>
            <bug_when>2003-04-28 06:03:11 -0400</bug_when>
            <thetext>Chaning state from assigned later to resolved later. Assigned later got 
introduced by the last bug conversion and is not a supported Eclipse bug state.</thetext>
          </long_desc>
          <long_desc isprivate="0">
            <commentid>1583060</commentid>
            <who name="Denis Roy">denis.roy</who>
            <bug_when>2009-08-30 02:13:06 -0400</bug_when>
            <thetext>As of now &apos;LATER&apos; and &apos;REMIND&apos; resolutions are no longer supported.
Please reopen this bug if it is still valid for you.</thetext>
          </long_desc>
      
      

    </bug>

</bugzilla>