<?xml version="1.0" encoding="UTF-8" standalone="yes" ?>


<bugzilla version="4.2.1"
          urlbase="https://bugs.eclipse.org/bugs/"
          
          maintainer="webmaster@eclipse.org"
>

    <bug>
          <bug_id>10051</bug_id>
          
          <creation_ts>2002-02-21 08:13:00 -0500</creation_ts>
          <short_desc>Refactoring: turning a class into an interface+implementing class</short_desc>
          <delta_ts>2002-02-27 11:53:47 -0500</delta_ts>
          <reporter_accessible>1</reporter_accessible>
          <cclist_accessible>1</cclist_accessible>
          <classification_id>2</classification_id>
          <classification>Eclipse</classification>
          <product>JDT</product>
          <component>UI</component>
          <version>2.0</version>
          <rep_platform>All</rep_platform>
          <op_sys>All</op_sys>
          <bug_status>RESOLVED</bug_status>
          <resolution>DUPLICATE</resolution>
          <dup_id>9798</dup_id>
          
          <bug_file_loc></bug_file_loc>
          <status_whiteboard></status_whiteboard>
          <keywords></keywords>
          <priority>P3</priority>
          <bug_severity>enhancement</bug_severity>
          <target_milestone>---</target_milestone>
          
          
          <everconfirmed>1</everconfirmed>
          <reporter name="Markus Maier">mkm</reporter>
          <assigned_to name="Erich Gamma">erich_gamma</assigned_to>
          <cc>mkm</cc>
          
          <votes>0</votes>

      

      

      

          <long_desc isprivate="0">
            <commentid>27573</commentid>
            <who name="Markus Maier">mkm</who>
            <bug_when>2002-02-21 08:13:04 -0500</bug_when>
            <thetext>I&apos;d like to be able to auftomatically refactor a class into an interface 
defining all the class&apos;s public methods, plus a class implementing all the 
methods of the old class.

For example, if I have a class &quot;Apple&quot; this should result in an 
interface &quot;Apple&quot; and a class &quot;AppleImpl&quot;, which would otherwise be identical 
to the old &quot;Apple&quot; class.

Thanks!</thetext>
          </long_desc>
          <long_desc isprivate="0">
            <commentid>28730</commentid>
            <who name="Adam Kiezun">akiezun</who>
            <bug_when>2002-02-27 11:53:47 -0500</bug_when>
            <thetext>

*** This bug has been marked as a duplicate of 9798 ***</thetext>
          </long_desc>
      
      

    </bug>

</bugzilla>