<?xml version="1.0" encoding="UTF-8" standalone="yes" ?>


<bugzilla version="4.2.1"
          urlbase="https://bugs.eclipse.org/bugs/"
          
          maintainer="webmaster@eclipse.org"
>

    <bug>
          <bug_id>10049</bug_id>
          
          <creation_ts>2002-02-21 07:59:00 -0500</creation_ts>
          <short_desc>Generate getter and setter menu not available in Java Browser</short_desc>
          <delta_ts>2002-02-28 02:49:33 -0500</delta_ts>
          <reporter_accessible>1</reporter_accessible>
          <cclist_accessible>1</cclist_accessible>
          <classification_id>2</classification_id>
          <classification>Eclipse</classification>
          <product>JDT</product>
          <component>UI</component>
          <version>2.0</version>
          <rep_platform>All</rep_platform>
          <op_sys>All</op_sys>
          <bug_status>RESOLVED</bug_status>
          <resolution>FIXED</resolution>
          
          
          <bug_file_loc></bug_file_loc>
          <status_whiteboard></status_whiteboard>
          <keywords></keywords>
          <priority>P3</priority>
          <bug_severity>normal</bug_severity>
          <target_milestone>---</target_milestone>
          
          
          <everconfirmed>1</everconfirmed>
          <reporter name="Helena Åberg">helena.aberg</reporter>
          <assigned_to name="Dani Megert">daniel_megert</assigned_to>
          
          
          <votes>0</votes>

      

      

      

          <long_desc isprivate="0">
            <commentid>27569</commentid>
            <who name="Helena Åberg">helena.aberg</who>
            <bug_when>2002-02-21 07:59:46 -0500</bug_when>
            <thetext>When selecting a member field in the Java Browsing perspective the menu option 
for generating getters and setters is not available. It should be there just as 
in the Java perspective.</thetext>
          </long_desc>
          <long_desc isprivate="0">
            <commentid>28968</commentid>
            <who name="Erich Gamma">erich_gamma</who>
            <bug_when>2002-02-27 18:59:18 -0500</bug_when>
            <thetext>need to add the code generation group to the context menu in the browser views.</thetext>
          </long_desc>
          <long_desc isprivate="0">
            <commentid>29015</commentid>
            <who name="Dani Megert">daniel_megert</who>
            <bug_when>2002-02-28 02:49:33 -0500</bug_when>
            <thetext>fixed</thetext>
          </long_desc>
      
      

    </bug>

</bugzilla>