<?xml version="1.0" encoding="UTF-8" standalone="yes" ?>


<bugzilla version="4.2.1"
          urlbase="https://bugs.eclipse.org/bugs/"
          
          maintainer="webmaster@eclipse.org"
>

    <bug>
          <bug_id>10625</bug_id>
          
          <creation_ts>2002-03-01 18:45:00 -0500</creation_ts>
          <short_desc>Replace with Remote Contents not updating open editor</short_desc>
          <delta_ts>2002-03-18 15:54:23 -0500</delta_ts>
          <reporter_accessible>1</reporter_accessible>
          <cclist_accessible>1</cclist_accessible>
          <classification_id>2</classification_id>
          <classification>Eclipse</classification>
          <product>Platform</product>
          <component>Team</component>
          <version>1.0</version>
          <rep_platform>Other</rep_platform>
          <op_sys>other</op_sys>
          <bug_status>RESOLVED</bug_status>
          <resolution>FIXED</resolution>
          
          
          <bug_file_loc></bug_file_loc>
          <status_whiteboard></status_whiteboard>
          <keywords></keywords>
          <priority>P3</priority>
          <bug_severity>normal</bug_severity>
          <target_milestone>2.0 M4</target_milestone>
          
          
          <everconfirmed>1</everconfirmed>
          <reporter name="Lynne Kues">lynne_kues</reporter>
          <assigned_to name="James Moody">James_Moody</assigned_to>
          
          
          <votes>0</votes>

      

      

      

          <long_desc isprivate="0">
            <commentid>29589</commentid>
            <who name="Lynne Kues">lynne_kues</who>
            <bug_when>2002-03-01 18:45:17 -0500</bug_when>
            <thetext>Build 20020228 with new team code activated via batch file.

Open a file.  Change it and save it.
Execute &quot;Replace with Remote Contents&quot; for the file.

The file contents in the editor are not replaced.</thetext>
          </long_desc>
          <long_desc isprivate="0">
            <commentid>30051</commentid>
            <who name="Kevin McGuire">Kevin_McGuire</who>
            <bug_when>2002-03-04 19:04:27 -0500</bug_when>
            <thetext>This should be fixed when we switch over to doing IResource operations instead 
of IFile.</thetext>
          </long_desc>
          <long_desc isprivate="0">
            <commentid>32954</commentid>
            <who name="James Moody">James_Moody</who>
            <bug_when>2002-03-14 18:02:15 -0500</bug_when>
            <thetext>Should verify.</thetext>
          </long_desc>
          <long_desc isprivate="0">
            <commentid>33662</commentid>
            <who name="James Moody">James_Moody</who>
            <bug_when>2002-03-18 15:54:23 -0500</bug_when>
            <thetext>Fixed.</thetext>
          </long_desc>
      
      

    </bug>

</bugzilla>