<?xml version="1.0" encoding="UTF-8" standalone="yes" ?>


<bugzilla version="4.2.1"
          urlbase="https://bugs.eclipse.org/bugs/"
          
          maintainer="webmaster@eclipse.org"
>

    <bug>
          <bug_id>10529</bug_id>
          
          <creation_ts>2002-02-28 16:45:00 -0500</creation_ts>
          <short_desc>Usability: File-&gt;Open Recent shouldn&apos;t be sub-menu</short_desc>
          <delta_ts>2002-04-17 15:51:32 -0400</delta_ts>
          <reporter_accessible>1</reporter_accessible>
          <cclist_accessible>1</cclist_accessible>
          <classification_id>2</classification_id>
          <classification>Eclipse</classification>
          <product>Platform</product>
          <component>UI</component>
          <version>2.0</version>
          <rep_platform>PC</rep_platform>
          <op_sys>Windows NT</op_sys>
          <bug_status>RESOLVED</bug_status>
          <resolution>WONTFIX</resolution>
          
          
          <bug_file_loc></bug_file_loc>
          <status_whiteboard></status_whiteboard>
          <keywords>usability</keywords>
          <priority>P2</priority>
          <bug_severity>normal</bug_severity>
          <target_milestone>---</target_milestone>
          
          
          <everconfirmed>1</everconfirmed>
          <reporter name="Peter Burka">peter_burka</reporter>
          <assigned_to name="Kevin Haaland">Kevin_Haaland</assigned_to>
          
          
          <votes>0</votes>

      

      

      

          <long_desc isprivate="0">
            <commentid>29311</commentid>
            <who name="Peter Burka">peter_burka</who>
            <bug_when>2002-02-28 16:45:32 -0500</bug_when>
            <thetext>In the 20020215 stable build, the recent file list moved from the File menu 
proper to a sub menu of the File menu.

I use these menu items very frequently, and find that the extra navigation 
required to get to them slows down my navigation.

This also seems to be inconsistent with the standard Windows UI model.  Most 
apps place the file history directly on the File drop down.

If you believe that the list is too long for the file menu, why not place the 
first n (5 maybe?) on the main menu, and then have a &apos;More&apos; submenu.</thetext>
          </long_desc>
          <long_desc isprivate="0">
            <commentid>43782</commentid>
            <who name="Kevin Haaland">Kevin_Haaland</who>
            <bug_when>2002-04-17 15:51:32 -0400</bug_when>
            <thetext>Having the recent files as a top level item in the menu has several problems:

   - It makes the menu significantly larger
   - Unless you truncate the file names the menu is much wider (and uglier)
       - Significant truncation doesn&apos;t work either because it 
         removes useful information. 
   - Mnumonics can help:
        Alt F, O , &lt;1..n&gt;</thetext>
          </long_desc>
      
      

    </bug>

</bugzilla>