<?xml version="1.0" encoding="UTF-8" standalone="yes" ?>


<bugzilla version="4.2.1"
          urlbase="https://bugs.eclipse.org/bugs/"
          
          maintainer="webmaster@eclipse.org"
>

    <bug>
          <bug_id>10308</bug_id>
          
          <creation_ts>2002-02-26 15:49:00 -0500</creation_ts>
          <short_desc>PluginVersionIdentifier of &quot;1 . 0 . 1&quot; translated to &quot;1&quot;</short_desc>
          <delta_ts>2002-03-12 10:38:44 -0500</delta_ts>
          <reporter_accessible>1</reporter_accessible>
          <cclist_accessible>1</cclist_accessible>
          <classification_id>2</classification_id>
          <classification>Eclipse</classification>
          <product>Platform</product>
          <component>Resources</component>
          <version>2.0</version>
          <rep_platform>All</rep_platform>
          <op_sys>All</op_sys>
          <bug_status>RESOLVED</bug_status>
          <resolution>FIXED</resolution>
          
          
          <bug_file_loc></bug_file_loc>
          <status_whiteboard></status_whiteboard>
          <keywords></keywords>
          <priority>P3</priority>
          <bug_severity>normal</bug_severity>
          <target_milestone>2.0 M4</target_milestone>
          
          
          <everconfirmed>1</everconfirmed>
          <reporter name="Debbie Wilson">debbie_wilson</reporter>
          <assigned_to name="Debbie Wilson">debbie_wilson</assigned_to>
          <cc>dj_houghton</cc>
          
          <votes>0</votes>

      

      

      

          <long_desc isprivate="0">
            <commentid>28350</commentid>
            <who name="Debbie Wilson">debbie_wilson</who>
            <bug_when>2002-02-26 15:49:59 -0500</bug_when>
            <thetext>The constructor for a PluginVersionIdentifier looks specifically to trim excess 
blanks and then looks for embedded blanks.  It truncates anything after the 
first embedded blank.  So a version of &quot;1 . 0 . 1&quot; becomes &quot;1&quot; instead 
of &quot;1.0.1&quot;.</thetext>
          </long_desc>
          <long_desc isprivate="0">
            <commentid>32036</commentid>
            <who name="Debbie Wilson">debbie_wilson</who>
            <bug_when>2002-03-12 10:22:44 -0500</bug_when>
            <thetext>This code existed as a workaround to allow people with pre-1.0 version 
identifiers to continue working.  These old version numbers, typically had the 
format M.m Q.  We allowed this conversion code to remain so people would have a 
chance to upgrade their version numbers gradually.  The conversion code has now 
been removed.  Version identifiers in fragments and plugins must now always be 
of the form:
M.m.s.Q
where:
M = major number and must be a positive integer
m = minor number, is optional but must be a positive integer
s = service number, is optional but must be a positive integer
Q = qualifier, is optional, can contain alpha-numerics

For more information check out org.eclipse.core.runtime.PluginVersionIdentifier
</thetext>
          </long_desc>
          <long_desc isprivate="0">
            <commentid>32044</commentid>
            <who name="Debbie Wilson">debbie_wilson</who>
            <bug_when>2002-03-12 10:26:42 -0500</bug_when>
            <thetext>For build 20020312.

</thetext>
          </long_desc>
      
      

    </bug>

</bugzilla>