<?xml version="1.0" encoding="UTF-8" standalone="yes" ?>


<bugzilla version="4.2.1"
          urlbase="https://bugs.eclipse.org/bugs/"
          
          maintainer="webmaster@eclipse.org"
>

    <bug>
          <bug_id>10486</bug_id>
          
          <creation_ts>2002-02-28 11:08:00 -0500</creation_ts>
          <short_desc>Import from FileSystem will not choose directory</short_desc>
          <delta_ts>2002-02-28 11:11:26 -0500</delta_ts>
          <reporter_accessible>1</reporter_accessible>
          <cclist_accessible>1</cclist_accessible>
          <classification_id>2</classification_id>
          <classification>Eclipse</classification>
          <product>Platform</product>
          <component>SWT</component>
          <version>2.0</version>
          <rep_platform>Sun</rep_platform>
          <op_sys>Solaris</op_sys>
          <bug_status>RESOLVED</bug_status>
          <resolution>INVALID</resolution>
          
          
          <bug_file_loc></bug_file_loc>
          <status_whiteboard></status_whiteboard>
          <keywords></keywords>
          <priority>P3</priority>
          <bug_severity>normal</bug_severity>
          <target_milestone>---</target_milestone>
          
          
          <everconfirmed>1</everconfirmed>
          <reporter name="Justin Noel">justin</reporter>
          <assigned_to name="Mike Wilson">Mike_Wilson</assigned_to>
          
          
          <votes>0</votes>

      

      

      

          <long_desc isprivate="0">
            <commentid>29124</commentid>
            <who name="Justin Noel">justin</who>
            <bug_when>2002-02-28 11:08:03 -0500</bug_when>
            <thetext>Eclipse Drop: December 19th Stable
OS: Solaris 2.7 w/ Sun Recommended Patches
HW: Sun Ultra 60
JRE: Sun 1.3.1
Motif: 2.1
CDE: 1.3

To Reproduce:
File -&gt; Import
Choose &quot;File System&quot;
&quot;Browse&quot; for a diectory
Choose a directory
Failure
Notice that no diectory was selected

Under Linux the directory is selected and one can then choose files
or folders from the dual paned windows.</thetext>
          </long_desc>
          <long_desc isprivate="0">
            <commentid>29129</commentid>
            <who name="Justin Noel">justin</who>
            <bug_when>2002-02-28 11:11:26 -0500</bug_when>
            <thetext>Sorry, entered this in yesterday. Duplicate Bug with 10441
</thetext>
          </long_desc>
      
      

    </bug>

</bugzilla>