<?xml version="1.0" encoding="UTF-8" standalone="yes" ?>


<bugzilla version="4.2.1"
          urlbase="https://bugs.eclipse.org/bugs/"
          
          maintainer="webmaster@eclipse.org"
>

    <bug>
          <bug_id>10379</bug_id>
          
          <creation_ts>2002-02-27 05:37:00 -0500</creation_ts>
          <short_desc>Compare with Local History Dialog: lower pane is missing a bordeer</short_desc>
          <delta_ts>2002-03-07 07:01:16 -0500</delta_ts>
          <reporter_accessible>1</reporter_accessible>
          <cclist_accessible>1</cclist_accessible>
          <classification_id>2</classification_id>
          <classification>Eclipse</classification>
          <product>Platform</product>
          <component>Compare</component>
          <version>2.0</version>
          <rep_platform>PC</rep_platform>
          <op_sys>Windows 2000</op_sys>
          <bug_status>RESOLVED</bug_status>
          <resolution>FIXED</resolution>
          
          
          <bug_file_loc></bug_file_loc>
          <status_whiteboard></status_whiteboard>
          <keywords></keywords>
          <priority>P3</priority>
          <bug_severity>normal</bug_severity>
          <target_milestone>2.0 M4</target_milestone>
          
          
          <everconfirmed>1</everconfirmed>
          <reporter name="Dirk Baeumer">dirk_baeumer</reporter>
          <assigned_to name="Andre Weinand">andre_weinand</assigned_to>
          
          
          <votes>0</votes>

      

      

      

          <long_desc isprivate="0">
            <commentid>28470</commentid>
            <who name="Dirk Baeumer">dirk_baeumer</who>
            <bug_when>2002-02-27 05:37:54 -0500</bug_when>
            <thetext> </thetext>
          </long_desc>
          <long_desc isprivate="0">
            <commentid>30838</commentid>
            <who name="Andre Weinand">andre_weinand</who>
            <bug_when>2002-03-07 07:01:16 -0500</bug_when>
            <thetext>fixed for M4</thetext>
          </long_desc>
      
      

    </bug>

</bugzilla>