<?xml version="1.0" encoding="UTF-8" standalone="yes" ?>


<bugzilla version="4.2.1"
          urlbase="https://bugs.eclipse.org/bugs/"
          
          maintainer="webmaster@eclipse.org"
>

    <bug>
          <bug_id>10290</bug_id>
          
          <creation_ts>2002-02-26 13:44:00 -0500</creation_ts>
          <short_desc>[runtime] -dev command line argument should not be passed to headless applications</short_desc>
          <delta_ts>2002-09-27 11:41:08 -0400</delta_ts>
          <reporter_accessible>1</reporter_accessible>
          <cclist_accessible>1</cclist_accessible>
          <classification_id>2</classification_id>
          <classification>Eclipse</classification>
          <product>Platform</product>
          <component>Resources</component>
          <version>2.0</version>
          <rep_platform>PC</rep_platform>
          <op_sys>Windows 2000</op_sys>
          <bug_status>RESOLVED</bug_status>
          <resolution>WONTFIX</resolution>
          
          
          <bug_file_loc></bug_file_loc>
          <status_whiteboard></status_whiteboard>
          <keywords></keywords>
          <priority>P3</priority>
          <bug_severity>enhancement</bug_severity>
          <target_milestone>---</target_milestone>
          
          
          <everconfirmed>1</everconfirmed>
          <reporter name="Jim Amsden">jamsden</reporter>
          <assigned_to name="Platform-Resources-Inbox">platform-resources-inbox</assigned_to>
          
          
          <votes>0</votes>

      

      

      

          <long_desc isprivate="0">
            <commentid>28179</commentid>
            <who name="Jim Amsden">jamsden</who>
            <bug_when>2002-02-26 13:44:46 -0500</bug_when>
            <thetext>-dev provides information to the boot loader to know how to load plug-in 
classes during self-hosting development. Headless applications are getting the 
-dev &lt;pathList&gt; argument even though it is not placed on the command line when 
invoking a run-time workbench from Eclipse. This parameter, like -application 
and other&apos;s should be stripped from the command line sent to the invoked 
application.</thetext>
          </long_desc>
          <long_desc isprivate="0">
            <commentid>28890</commentid>
            <who name="John Arthorne">john_arthorne</who>
            <bug_when>2002-02-27 16:38:27 -0500</bug_when>
            <thetext>*** Bug 10391 has been marked as a duplicate of this bug. ***</thetext>
          </long_desc>
          <long_desc isprivate="0">
            <commentid>33807</commentid>
            <who name="Rodrigo Peretti">rodrigo_peretti</who>
            <bug_when>2002-03-19 11:09:54 -0500</bug_when>
            <thetext>I&apos;m in favour of it as long as we have some other way (API?) to get this 
information later. It could be a useful information for plug-ins.</thetext>
          </long_desc>
          <long_desc isprivate="0">
            <commentid>33824</commentid>
            <who name="Jim Amsden">jamsden</who>
            <bug_when>2002-03-19 11:21:12 -0500</bug_when>
            <thetext>Useful how? Plug-ins shouldn&apos;t be doing their own class loading, and isn&apos;t that 
all -dev is for?</thetext>
          </long_desc>
          <long_desc isprivate="0">
            <commentid>68799</commentid>
            <who name="DJ Houghton">dj_houghton</who>
            <bug_when>2002-06-05 13:04:40 -0400</bug_when>
            <thetext>Deferring until post 2.0</thetext>
          </long_desc>
          <long_desc isprivate="0">
            <commentid>91119</commentid>
            <who name="DJ Houghton">dj_houghton</who>
            <bug_when>2002-09-10 12:18:49 -0400</bug_when>
            <thetext>Reopening for investigation.</thetext>
          </long_desc>
          <long_desc isprivate="0">
            <commentid>95318</commentid>
            <who name="DJ Houghton">dj_houghton</who>
            <bug_when>2002-09-27 11:15:23 -0400</bug_when>
            <thetext>No changes planned in current behaviour.</thetext>
          </long_desc>
          <long_desc isprivate="0">
            <commentid>95349</commentid>
            <who name="Jim Amsden">jamsden</who>
            <bug_when>2002-09-27 11:41:08 -0400</bug_when>
            <thetext>Then all headless applications will then see a -dev argumement if running from 
PDE and not if running normally. They&apos;ll have to always test for the argument 
and skip if its there because it would never be part of the headless 
application&apos;s command line arguments. Makes for ugly argument handling code in 
the headless application if you want to test it with PDE.

The workbench should strip -dev and all other arguments that it consumes, 
before invoking the headless application. It does this for -application for 
example. </thetext>
          </long_desc>
      
      

    </bug>

</bugzilla>