<?xml version="1.0" encoding="UTF-8" standalone="yes" ?>


<bugzilla version="4.2.1"
          urlbase="https://bugs.eclipse.org/bugs/"
          
          maintainer="webmaster@eclipse.org"
>

    <bug>
          <bug_id>10538</bug_id>
          
          <creation_ts>2002-02-28 17:14:00 -0500</creation_ts>
          <short_desc>Possible memory leak?</short_desc>
          <delta_ts>2002-03-13 11:26:26 -0500</delta_ts>
          <reporter_accessible>1</reporter_accessible>
          <cclist_accessible>1</cclist_accessible>
          <classification_id>2</classification_id>
          <classification>Eclipse</classification>
          <product>JDT</product>
          <component>Core</component>
          <version>2.0</version>
          <rep_platform>PC</rep_platform>
          <op_sys>Windows NT</op_sys>
          <bug_status>RESOLVED</bug_status>
          <resolution>FIXED</resolution>
          
          
          <bug_file_loc></bug_file_loc>
          <status_whiteboard></status_whiteboard>
          <keywords></keywords>
          <priority>P3</priority>
          <bug_severity>normal</bug_severity>
          <target_milestone>2.0 M4</target_milestone>
          
          
          <everconfirmed>1</everconfirmed>
          <reporter name="Peter Burka">peter_burka</reporter>
          <assigned_to name="Philippe Mulet">philippe_mulet</assigned_to>
          <cc>erich_gamma</cc>
          
          <votes>0</votes>

      

      

      

          <long_desc isprivate="0">
            <commentid>29332</commentid>
            <who name="Peter Burka">peter_burka</who>
            <bug_when>2002-02-28 17:14:54 -0500</bug_when>
            <thetext>I&apos;ve found that Eclipse&apos;s memory footprint tends to grow larger and larger the 
longer I keep it running.

When I start up Eclipse using Hursley&apos;s 1.3.0 VM, it has about an 86MB 
footprint.  Today, after it had been running for about 3 days, I had to kill 
the Eclipse process because it had brought my 512MB machine to its knees.  
Eclipse was using over 360MB of RAM, and its virtual memory usage was even 
higher.

I don&apos;t really know which component to report this against, as it&apos;s not clear 
to me what actions cause the memory bloat.</thetext>
          </long_desc>
          <long_desc isprivate="0">
            <commentid>29335</commentid>
            <who name="Philippe Mulet">philippe_mulet</who>
            <bug_when>2002-02-28 17:19:54 -0500</bug_when>
            <thetext>I have noticed a bigger memory footprint since 20020214, after having switched 
to team2.0. However, I have no evidence of this causing trouble so far.

I had been running the same jdtcore for a week before, and hadn&apos;t noticed any 
such increase of the footprint, so I don&apos;t think this would be jdtcore but 
rather some new component.</thetext>
          </long_desc>
          <long_desc isprivate="0">
            <commentid>29366</commentid>
            <who name="Peter Burka">peter_burka</who>
            <bug_when>2002-02-28 18:30:22 -0500</bug_when>
            <thetext>After restarting my session my memory footprint was 86MB.  After about an hour 
of playing around (not much real work got done, mostly searching) the image had 
grown to 152MB.

I&apos;m suspicious that searching might be at least partially responsible for the 
bloat.

I will leave it running overnight now to see if it grows while idle (hopefully 
not!)
</thetext>
          </long_desc>
          <long_desc isprivate="0">
            <commentid>29367</commentid>
            <who name="Peter Burka">peter_burka</who>
            <bug_when>2002-02-28 18:41:34 -0500</bug_when>
            <thetext>I&apos;m really starting to think that Search is to blame.  I did a search for 
references to setText().  This caused to VM&apos;s footprint to increase by about 
30MB!

Even if I select &apos;Remve All Searches&apos; after each search, searching for setText
() causes about 30MB of growth each time I do it.

I need to exit and restart Eclipse to reclaim that memory.</thetext>
          </long_desc>
          <long_desc isprivate="0">
            <commentid>31964</commentid>
            <who name="Philippe Mulet">philippe_mulet</who>
            <bug_when>2002-03-12 09:05:19 -0500</bug_when>
            <thetext>This is because the Search is populating the JavaModel cache, and consumes some 
memory, which isn&apos;t freed until the cache is emptied. We are releasing 
significant changes in this area (search no longer populates the model) in next 
integration build 20020312.

Marking this defect as fixed, please reopen if symptoms occur again with 
20020312 or better.</thetext>
          </long_desc>
      
      

    </bug>

</bugzilla>