<?xml version="1.0" encoding="UTF-8" standalone="yes" ?>


<bugzilla version="4.2.1"
          urlbase="https://bugs.eclipse.org/bugs/"
          
          maintainer="webmaster@eclipse.org"
>

    <bug>
          <bug_id>10412</bug_id>
          
          <creation_ts>2002-02-27 13:27:00 -0500</creation_ts>
          <short_desc>[scrapbook] Scrapbook breakpoints</short_desc>
          <delta_ts>2009-08-30 02:15:45 -0400</delta_ts>
          <reporter_accessible>1</reporter_accessible>
          <cclist_accessible>1</cclist_accessible>
          <classification_id>2</classification_id>
          <classification>Eclipse</classification>
          <product>JDT</product>
          <component>Debug</component>
          <version>2.0</version>
          <rep_platform>PC</rep_platform>
          <op_sys>Windows 2000</op_sys>
          <bug_status>RESOLVED</bug_status>
          <resolution>WONTFIX</resolution>
          
          
          <bug_file_loc></bug_file_loc>
          <status_whiteboard></status_whiteboard>
          <keywords></keywords>
          <priority>P3</priority>
          <bug_severity>enhancement</bug_severity>
          <target_milestone>---</target_milestone>
          
          
          <everconfirmed>1</everconfirmed>
          <reporter name="Jed Anderson">jed.anderson</reporter>
          <assigned_to name="JDT-Debug-Inbox">jdt-debug-inbox</assigned_to>
          <cc>jeffmcaffer</cc>
          
          <votes>0</votes>

      

      

      

          <long_desc isprivate="0">
            <commentid>28793</commentid>
            <who name="Jed Anderson">jed.anderson</who>
            <bug_when>2002-02-27 13:27:43 -0500</bug_when>
            <thetext>We should allow people to set breakpoints in scrapbooks.

If we are unable to get standard breakpoints to work, then we could supply a
DebugSupport class like VAJ used to have that users could call to suspend their
scrapbook. ( The old method was DebugSupport.halt() )</thetext>
          </long_desc>
          <long_desc isprivate="0">
            <commentid>28803</commentid>
            <who name="Darin Wright">darin.eclipse</who>
            <bug_when>2002-02-27 13:47:10 -0500</bug_when>
            <thetext>Deferred. Not planned for 2.0</thetext>
          </long_desc>
          <long_desc isprivate="0">
            <commentid>272958</commentid>
            <who name="Darin Wright">darin.eclipse</who>
            <bug_when>2004-05-06 09:52:51 -0400</bug_when>
            <thetext>*** Bug 61135 has been marked as a duplicate of this bug. ***</thetext>
          </long_desc>
          <long_desc isprivate="0">
            <commentid>1583473</commentid>
            <who name="Denis Roy">denis.roy</who>
            <bug_when>2009-08-30 02:15:45 -0400</bug_when>
            <thetext>As of now &apos;LATER&apos; and &apos;REMIND&apos; resolutions are no longer supported.
Please reopen this bug if it is still valid for you.</thetext>
          </long_desc>
      
      

    </bug>

</bugzilla>