<?xml version="1.0" encoding="UTF-8" standalone="yes" ?>


<bugzilla version="4.2.1"
          urlbase="https://bugs.eclipse.org/bugs/"
          
          maintainer="webmaster@eclipse.org"
>

    <bug>
          <bug_id>10436</bug_id>
          
          <creation_ts>2002-02-27 16:15:00 -0500</creation_ts>
          <short_desc>Do not provide inappropiate default templates</short_desc>
          <delta_ts>2002-03-08 04:44:16 -0500</delta_ts>
          <reporter_accessible>1</reporter_accessible>
          <cclist_accessible>1</cclist_accessible>
          <classification_id>2</classification_id>
          <classification>Eclipse</classification>
          <product>JDT</product>
          <component>UI</component>
          <version>2.0</version>
          <rep_platform>PC</rep_platform>
          <op_sys>Windows 98</op_sys>
          <bug_status>RESOLVED</bug_status>
          <resolution>FIXED</resolution>
          
          
          <bug_file_loc></bug_file_loc>
          <status_whiteboard></status_whiteboard>
          <keywords></keywords>
          <priority>P1</priority>
          <bug_severity>normal</bug_severity>
          <target_milestone>2.0 M4</target_milestone>
          
          
          <everconfirmed>1</everconfirmed>
          <reporter name="Jim des Rivieres">jim_des_rivieres</reporter>
          <assigned_to name="Claude Knaus">Claude_Knaus</assigned_to>
          
          
          <votes>0</votes>

      

      

      

          <long_desc isprivate="0">
            <commentid>28880</commentid>
            <who name="Jim des Rivieres">jim_des_rivieres</who>
            <bug_when>2002-02-27 16:15:17 -0500</bug_when>
            <thetext>The &apos;typecomment&apos; template has the following default value:

/**
 * @version 	1.0
 * @author
 */

The &apos;filecomment&apos; template has the following default value:

/*
 * (c) Copyright 2001 MyCorporation.
 * All Rights Reserved.
 */

Both of these templates are on by default. This leads to
the Java editor adding inappropriate comments to every source
file generated.

Recommended behavior:
(1) The default &apos;typecomment&apos; template should be completely empty.
(2) The default &apos;filecomment&apos; template should be completely empty.
(3) Both templates should be on by default. With empty templates,
bogus class javadoc and file header comments will be not generated.

This means that a user that actually changes these templates to
have suitable values will automatically reap the benefits.</thetext>
          </long_desc>
          <long_desc isprivate="0">
            <commentid>30049</commentid>
            <who name="Erich Gamma">erich_gamma</who>
            <bug_when>2002-03-04 18:59:04 -0500</bug_when>
            <thetext>agreed, a must fix  (the &quot;Generated by VisualAge/Java&quot; comments are still in 
fresh memory...)</thetext>
          </long_desc>
          <long_desc isprivate="0">
            <commentid>31182</commentid>
            <who name="Claude Knaus">Claude_Knaus</who>
            <bug_when>2002-03-08 04:43:41 -0500</bug_when>
            <thetext>fixed &gt; 20020307</thetext>
          </long_desc>
          <long_desc isprivate="0">
            <commentid>31183</commentid>
            <who name="Claude Knaus">Claude_Knaus</who>
            <bug_when>2002-03-08 04:44:16 -0500</bug_when>
            <thetext>you&apos;ll need to restore defaults in the template preference page to update those 
templates.</thetext>
          </long_desc>
      
      

    </bug>

</bugzilla>