<?xml version="1.0" encoding="UTF-8" standalone="yes" ?>


<bugzilla version="4.2.1"
          urlbase="https://bugs.eclipse.org/bugs/"
          
          maintainer="webmaster@eclipse.org"
>

    <bug>
          <bug_id>10186</bug_id>
          
          <creation_ts>2002-02-25 12:07:00 -0500</creation_ts>
          <short_desc>Import and Export start pages should use group</short_desc>
          <delta_ts>2002-02-26 09:41:30 -0500</delta_ts>
          <reporter_accessible>1</reporter_accessible>
          <cclist_accessible>1</cclist_accessible>
          <classification_id>2</classification_id>
          <classification>Eclipse</classification>
          <product>Platform</product>
          <component>UI</component>
          <version>2.0</version>
          <rep_platform>PC</rep_platform>
          <op_sys>Windows 2000</op_sys>
          <bug_status>RESOLVED</bug_status>
          <resolution>FIXED</resolution>
          
          
          <bug_file_loc></bug_file_loc>
          <status_whiteboard></status_whiteboard>
          <keywords>accessibility</keywords>
          <priority>P3</priority>
          <bug_severity>normal</bug_severity>
          <target_milestone>---</target_milestone>
          
          
          <everconfirmed>1</everconfirmed>
          <reporter name="Tod Creasey">Tod_Creasey</reporter>
          <assigned_to name="Kevin Haaland">Kevin_Haaland</assigned_to>
          <cc>nick_edgar</cc>
          
          <votes>0</votes>

      

      

      

          <long_desc isprivate="0">
            <commentid>27845</commentid>
            <who name="Tod Creasey">Tod_Creasey</who>
            <bug_when>2002-02-25 12:07:36 -0500</bug_when>
            <thetext>The Import and Export start pages should put the list box in a group as the 
title is not read by JAWS.</thetext>
          </long_desc>
          <long_desc isprivate="0">
            <commentid>27846</commentid>
            <who name="Tod Creasey">Tod_Creasey</who>
            <bug_when>2002-02-25 12:10:13 -0500</bug_when>
            <thetext>Titles should be replaced with groups (Options and input/output source 
selection)</thetext>
          </long_desc>
          <long_desc isprivate="0">
            <commentid>28026</commentid>
            <who name="Tod Creasey">Tod_Creasey</who>
            <bug_when>2002-02-26 09:41:30 -0500</bug_when>
            <thetext>Options group added in build 20020218. It would break the windows guidelines to 
do the same for the selection group so this should not be done.</thetext>
          </long_desc>
      
      

    </bug>

</bugzilla>