<?xml version="1.0" encoding="UTF-8" standalone="yes" ?>


<bugzilla version="4.2.1"
          urlbase="https://bugs.eclipse.org/bugs/"
          
          maintainer="webmaster@eclipse.org"
>

    <bug>
          <bug_id>10417</bug_id>
          
          <creation_ts>2002-02-27 14:16:00 -0500</creation_ts>
          <short_desc>inspect/display to not work in snippet editor</short_desc>
          <delta_ts>2002-02-28 10:43:27 -0500</delta_ts>
          <reporter_accessible>1</reporter_accessible>
          <cclist_accessible>1</cclist_accessible>
          <classification_id>2</classification_id>
          <classification>Eclipse</classification>
          <product>JDT</product>
          <component>Debug</component>
          <version>2.0</version>
          <rep_platform>PC</rep_platform>
          <op_sys>Windows 2000</op_sys>
          <bug_status>VERIFIED</bug_status>
          <resolution>FIXED</resolution>
          
          
          <bug_file_loc></bug_file_loc>
          <status_whiteboard></status_whiteboard>
          <keywords></keywords>
          <priority>P1</priority>
          <bug_severity>critical</bug_severity>
          <target_milestone>2.0 M4</target_milestone>
          
          
          <everconfirmed>1</everconfirmed>
          <reporter name="Darin Wright">darin.eclipse</reporter>
          <assigned_to name="Darin Wright">darin.eclipse</assigned_to>
          <cc>andre_weinand</cc>
          
          <votes>0</votes>

      

      

      

          <long_desc isprivate="0">
            <commentid>28821</commentid>
            <who name="Darin Wright">darin.eclipse</who>
            <bug_when>2002-02-27 14:16:00 -0500</bug_when>
            <thetext>Inspect performs an evaluation, but does not open an inpsector.
Display performs an evalaution, but does not display the result.</thetext>
          </long_desc>
          <long_desc isprivate="0">
            <commentid>28897</commentid>
            <who name="Darin Wright">darin.eclipse</who>
            <bug_when>2002-02-27 16:51:54 -0500</bug_when>
            <thetext>*** Bug 10261 has been marked as a duplicate of this bug. ***</thetext>
          </long_desc>
          <long_desc isprivate="0">
            <commentid>28923</commentid>
            <who name="Darin Swanson">Darin_Swanson</who>
            <bug_when>2002-02-27 17:20:46 -0500</bug_when>
            <thetext>Fixed in JavaSnippetEditor.</thetext>
          </long_desc>
          <long_desc isprivate="0">
            <commentid>28924</commentid>
            <who name="Darin Swanson">Darin_Swanson</who>
            <bug_when>2002-02-27 17:21:00 -0500</bug_when>
            <thetext>Please verify.</thetext>
          </long_desc>
          <long_desc isprivate="0">
            <commentid>29101</commentid>
            <who name="Darin Wright">darin.eclipse</who>
            <bug_when>2002-02-28 10:43:27 -0500</bug_when>
            <thetext>Verified.</thetext>
          </long_desc>
      
      

    </bug>

</bugzilla>