<?xml version="1.0" encoding="UTF-8" standalone="yes" ?>


<bugzilla version="4.2.1"
          urlbase="https://bugs.eclipse.org/bugs/"
          
          maintainer="webmaster@eclipse.org"
>

    <bug>
          <bug_id>10568</bug_id>
          
          <creation_ts>2002-03-01 05:24:00 -0500</creation_ts>
          <short_desc>Exception filtering</short_desc>
          <delta_ts>2002-03-01 09:04:04 -0500</delta_ts>
          <reporter_accessible>1</reporter_accessible>
          <cclist_accessible>1</cclist_accessible>
          <classification_id>2</classification_id>
          <classification>Eclipse</classification>
          <product>JDT</product>
          <component>Debug</component>
          <version>2.0</version>
          <rep_platform>PC</rep_platform>
          <op_sys>Windows 2000</op_sys>
          <bug_status>RESOLVED</bug_status>
          <resolution>DUPLICATE</resolution>
          <dup_id>1668</dup_id>
          
          <bug_file_loc></bug_file_loc>
          <status_whiteboard></status_whiteboard>
          <keywords></keywords>
          <priority>P3</priority>
          <bug_severity>enhancement</bug_severity>
          <target_milestone>---</target_milestone>
          
          
          <everconfirmed>1</everconfirmed>
          <reporter name="Erich Gamma">erich_gamma</reporter>
          <assigned_to name="Darin Wright">darin.eclipse</assigned_to>
          
          
          <votes>0</votes>

      

      

      

          <long_desc isprivate="0">
            <commentid>29400</commentid>
            <who name="Erich Gamma">erich_gamma</who>
            <bug_when>2002-03-01 05:24:44 -0500</bug_when>
            <thetext>Ability to stop at certain exception in certain class/package/project that user 
can defined</thetext>
          </long_desc>
          <long_desc isprivate="0">
            <commentid>29425</commentid>
            <who name="Darin Wright">darin.eclipse</who>
            <bug_when>2002-03-01 09:04:04 -0500</bug_when>
            <thetext>

*** This bug has been marked as a duplicate of 1668 ***</thetext>
          </long_desc>
      
      

    </bug>

</bugzilla>