<?xml version="1.0" encoding="UTF-8" standalone="yes" ?>


<bugzilla version="4.2.1"
          urlbase="https://bugs.eclipse.org/bugs/"
          
          maintainer="webmaster@eclipse.org"
>

    <bug>
          <bug_id>10518</bug_id>
          
          <creation_ts>2002-02-28 16:02:00 -0500</creation_ts>
          <short_desc>Feature request: Show the decorators in the package working set selection dialog</short_desc>
          <delta_ts>2002-03-12 05:01:09 -0500</delta_ts>
          <reporter_accessible>1</reporter_accessible>
          <cclist_accessible>1</cclist_accessible>
          <classification_id>2</classification_id>
          <classification>Eclipse</classification>
          <product>JDT</product>
          <component>UI</component>
          <version>2.0</version>
          <rep_platform>All</rep_platform>
          <op_sys>All</op_sys>
          <bug_status>RESOLVED</bug_status>
          <resolution>FIXED</resolution>
          
          
          <bug_file_loc></bug_file_loc>
          <status_whiteboard></status_whiteboard>
          <keywords></keywords>
          <priority>P3</priority>
          <bug_severity>enhancement</bug_severity>
          <target_milestone>---</target_milestone>
          
          
          <everconfirmed>1</everconfirmed>
          <reporter name="Pat McCarthy">patmc</reporter>
          <assigned_to name="Dani Megert">daniel_megert</assigned_to>
          
          
          <votes>0</votes>

      

      

      

          <long_desc isprivate="0">
            <commentid>29284</commentid>
            <who name="Pat McCarthy">patmc</who>
            <bug_when>2002-02-28 16:02:50 -0500</bug_when>
            <thetext>Minor request.
I loaded my workspace with binary projects for the Eclipse platform to support 
the use of PDE and searches in the Eclipse Platform.  
I then decided that there were more projects than I could bear to stare at - but 
quickly found the working set filter.  

The filter is very nice to have, but if the decorators were shown in the working 
set selection dialog, it would make it much easier to select all but the binary 
projects.</thetext>
          </long_desc>
          <long_desc isprivate="0">
            <commentid>29657</commentid>
            <who name="Erich Gamma">erich_gamma</who>
            <bug_when>2002-03-03 18:53:20 -0500</bug_when>
            <thetext>The better solution is to enable a filter for binary projects.
The packages view should provide extensible filters and PDE could then 
contribute a filter for binary projects.

This should be considered as part of the package filter rework.</thetext>
          </long_desc>
          <long_desc isprivate="0">
            <commentid>31650</commentid>
            <who name="Dani Megert">daniel_megert</who>
            <bug_when>2002-03-11 10:17:29 -0500</bug_when>
            <thetext>Will consider it for the overall filter rework. However enhancing the working
set dialog to respect decorators is a good idea too.
</thetext>
          </long_desc>
          <long_desc isprivate="0">
            <commentid>31922</commentid>
            <who name="Dani Megert">daniel_megert</who>
            <bug_when>2002-03-12 05:01:09 -0500</bug_when>
            <thetext>Fixed and added new DCRs:
    Bug 11150: Extensible JDT filters
    Bug 11149Plug-in binary filter for Packages view</thetext>
          </long_desc>
      
      

    </bug>

</bugzilla>