<?xml version="1.0" encoding="UTF-8" standalone="yes" ?>


<bugzilla version="4.2.1"
          urlbase="https://bugs.eclipse.org/bugs/"
          
          maintainer="webmaster@eclipse.org"
>

    <bug>
          <bug_id>10046</bug_id>
          
          <creation_ts>2002-02-21 07:10:00 -0500</creation_ts>
          <short_desc>REQ: Ability to view declaration by right-clicking name in Java Editor</short_desc>
          <delta_ts>2002-02-27 12:41:07 -0500</delta_ts>
          <reporter_accessible>1</reporter_accessible>
          <cclist_accessible>1</cclist_accessible>
          <classification_id>2</classification_id>
          <classification>Eclipse</classification>
          <product>JDT</product>
          <component>UI</component>
          <version>2.0</version>
          <rep_platform>All</rep_platform>
          <op_sys>All</op_sys>
          <bug_status>RESOLVED</bug_status>
          <resolution>WORKSFORME</resolution>
          
          
          <bug_file_loc></bug_file_loc>
          <status_whiteboard></status_whiteboard>
          <keywords></keywords>
          <priority>P3</priority>
          <bug_severity>enhancement</bug_severity>
          <target_milestone>---</target_milestone>
          
          
          <everconfirmed>1</everconfirmed>
          <reporter name="Leon J. Breedt">ljb</reporter>
          <assigned_to name="Erich Gamma">erich_gamma</assigned_to>
          
          
          <votes>0</votes>

      

      

      

          <long_desc isprivate="0">
            <commentid>27566</commentid>
            <who name="Leon J. Breedt">ljb</who>
            <bug_when>2002-02-21 07:10:15 -0500</bug_when>
            <thetext>* Ability to view:
    - the compilation unit the type was declared in, if name idenfifies a type,
      i.e. jump to Exception.java in src.jar by right-clicking &quot;Exception&quot; in a 
      throws clause
    - the declaration of a variable if name identifies an instance or 
      local variable</thetext>
          </long_desc>
          <long_desc isprivate="0">
            <commentid>27652</commentid>
            <who name="Leon J. Breedt">ljb</who>
            <bug_when>2002-02-22 07:32:49 -0500</bug_when>
            <thetext>You may close, it seems one has to select a type name before this is possible.
Not possible to implement it by just checking in which word the cursor is 
located?</thetext>
          </long_desc>
          <long_desc isprivate="0">
            <commentid>28772</commentid>
            <who name="Adam Kiezun">akiezun</who>
            <bug_when>2002-02-27 12:41:07 -0500</bug_when>
            <thetext>both are already there - select and press F3
</thetext>
          </long_desc>
      
      

    </bug>

</bugzilla>