<?xml version="1.0" encoding="UTF-8" standalone="yes" ?>


<bugzilla version="4.2.1"
          urlbase="https://bugs.eclipse.org/bugs/"
          
          maintainer="webmaster@eclipse.org"
>

    <bug>
          <bug_id>10422</bug_id>
          
          <creation_ts>2002-02-27 14:45:00 -0500</creation_ts>
          <short_desc>Incorrect syntax highlighting for comments</short_desc>
          <delta_ts>2002-03-05 09:07:14 -0500</delta_ts>
          <reporter_accessible>1</reporter_accessible>
          <cclist_accessible>1</cclist_accessible>
          <classification_id>2</classification_id>
          <classification>Eclipse</classification>
          <product>JDT</product>
          <component>UI</component>
          <version>2.0</version>
          <rep_platform>PC</rep_platform>
          <op_sys>Windows 2000</op_sys>
          <bug_status>RESOLVED</bug_status>
          <resolution>FIXED</resolution>
          
          
          <bug_file_loc></bug_file_loc>
          <status_whiteboard></status_whiteboard>
          <keywords></keywords>
          <priority>P3</priority>
          <bug_severity>trivial</bug_severity>
          <target_milestone>---</target_milestone>
          
          
          <everconfirmed>1</everconfirmed>
          <reporter name="John Arthorne">john_arthorne</reporter>
          <assigned_to name="Kai-Uwe Maetzel">kai-uwe_maetzel</assigned_to>
          
          
          <votes>0</votes>

      

      

      

          <long_desc isprivate="0">
            <commentid>28835</commentid>
            <who name="John Arthorne">john_arthorne</who>
            <bug_when>2002-02-27 14:45:31 -0500</bug_when>
            <thetext>Build 20020214

Type the following line in a java editor

sadfsdfsdf&quot;sdfhsdlkfhskjfd

At this point, the characters to the right hand side of the quote character are 
highlighted in blue (to indicate a string literal).  This is fine.  Now, add a 
quote character to the beginning of the line:

&quot;sadfsdfsdf&quot;sdfhsdlkfhskjfd

Now only the string literal should be highlighted, but in fact the entire line 
is still indicated as being a string literal (in blue).</thetext>
          </long_desc>
          <long_desc isprivate="0">
            <commentid>29266</commentid>
            <who name="John Arthorne">john_arthorne</who>
            <bug_when>2002-02-28 14:49:37 -0500</bug_when>
            <thetext>Another example.  Start with:

new String[] {hello&quot;, &quot;world&quot;, &quot;foo&quot;, &quot;bar&quot;};

Then add the missing &quot; character at the beginning of hello.  The rest of the 
line remains incorrectly higlighted, even if you continue to add things at the 
end of the list.  You have to go back and somehow edit the other string literals 
to force them to correct their highlighting.</thetext>
          </long_desc>
          <long_desc isprivate="0">
            <commentid>30132</commentid>
            <who name="Kai-Uwe Maetzel">kai-uwe_maetzel</who>
            <bug_when>2002-03-05 09:07:14 -0500</bug_when>
            <thetext>Build 20020305.</thetext>
          </long_desc>
      
      

    </bug>

</bugzilla>