<?xml version="1.0" encoding="UTF-8" standalone="yes" ?>


<bugzilla version="4.2.1"
          urlbase="https://bugs.eclipse.org/bugs/"
          
          maintainer="webmaster@eclipse.org"
>

    <bug>
          <bug_id>10466</bug_id>
          
          <creation_ts>2002-02-28 06:46:00 -0500</creation_ts>
          <short_desc>&quot;Cannot reference a field before it is defined&quot; - compiler bug?</short_desc>
          <delta_ts>2002-03-01 04:34:17 -0500</delta_ts>
          <reporter_accessible>1</reporter_accessible>
          <cclist_accessible>1</cclist_accessible>
          <classification_id>2</classification_id>
          <classification>Eclipse</classification>
          <product>JDT</product>
          <component>Core</component>
          <version>2.0</version>
          <rep_platform>PC</rep_platform>
          <op_sys>Windows 2000</op_sys>
          <bug_status>RESOLVED</bug_status>
          <resolution>FIXED</resolution>
          
          
          <bug_file_loc></bug_file_loc>
          <status_whiteboard></status_whiteboard>
          <keywords></keywords>
          <priority>P1</priority>
          <bug_severity>normal</bug_severity>
          <target_milestone>2.0 M4</target_milestone>
          
          
          <everconfirmed>1</everconfirmed>
          <reporter name="Philippe Mulet">philippe_mulet</reporter>
          <assigned_to name="Philippe Mulet">philippe_mulet</assigned_to>
          <cc>preuss</cc>
          
          <votes>0</votes>

      

      

      

          <long_desc isprivate="0">
            <commentid>29037</commentid>
            <who name="Philippe Mulet">philippe_mulet</who>
            <bug_when>2002-02-28 06:46:27 -0500</bug_when>
            <thetext>For the following code

public abstract class BooleanValueNode {

  public final static BooleanValueNode FALSE_NODE = new BooleanValueNode() {
    public BooleanValueNode not() { return TRUE_NODE; } // line 17 in
original code
    public Node and( Node n ) { return FALSE_NODE; }
    public Node or( Node n ) { return n; }
  };

  public final static BooleanValueNode TRUE_NODE = new BooleanValueNode() {
    public BooleanValueNode not() {return FALSE_NODE;}
    public Node and( Node n ) {return n;}
    public Node or( Node n ) {return TRUE_NODE;}
  };

  private BooleanValueNode() {
  }
  public abstract BooleanValueNode not();
  public abstract Node and( Node n );
  public abstract Node or( Node n );
}

I get the following compile time error:

Report for 1 markers:
Marker 1:
  Resource: [...]/BooleanValueNode.java, Line: 17
  Message: Cannot reference a field before it is defined
  Marker type: org.eclipse.jdt.core.problem
  Priority: Normal

I think this is not conforming to the JLS:

http://java.sun.com/docs/books/jls/second_edition/html/classes.doc.html#1898
8

Jikes compiles the class without problems.

I didn&apos;t find a bug report on the eclipse website. Should I post one?

Regards, Ilja</thetext>
          </long_desc>
          <long_desc isprivate="0">
            <commentid>29038</commentid>
            <who name="Philippe Mulet">philippe_mulet</who>
            <bug_when>2002-02-28 06:47:25 -0500</bug_when>
            <thetext>Reproduced on build 20020226.

Indeed this is a bug, we should not complain when the forward reference is 
nested inside an innerclass.</thetext>
          </long_desc>
          <long_desc isprivate="0">
            <commentid>29047</commentid>
            <who name="Philippe Mulet">philippe_mulet</who>
            <bug_when>2002-02-28 07:35:48 -0500</bug_when>
            <thetext>The check for not complaining inside innerclasses did only work for instance 
fields.

Fixed</thetext>
          </long_desc>
      
      

    </bug>

</bugzilla>