<?xml version="1.0" encoding="UTF-8" standalone="yes" ?>


<bugzilla version="4.2.1"
          urlbase="https://bugs.eclipse.org/bugs/"
          
          maintainer="webmaster@eclipse.org"
>

    <bug>
          <bug_id>10445</bug_id>
          
          <creation_ts>2002-02-27 17:08:00 -0500</creation_ts>
          <short_desc>PDE Plugin creation fails - bad classpath?</short_desc>
          <delta_ts>2002-02-27 17:12:52 -0500</delta_ts>
          <reporter_accessible>1</reporter_accessible>
          <cclist_accessible>1</cclist_accessible>
          <classification_id>2</classification_id>
          <classification>Eclipse</classification>
          <product>PDE</product>
          <component>UI</component>
          <version>2.0</version>
          <rep_platform>PC</rep_platform>
          <op_sys>Windows 2000</op_sys>
          <bug_status>RESOLVED</bug_status>
          <resolution>WORKSFORME</resolution>
          
          
          <bug_file_loc></bug_file_loc>
          <status_whiteboard></status_whiteboard>
          <keywords></keywords>
          <priority>P3</priority>
          <bug_severity>major</bug_severity>
          <target_milestone>---</target_milestone>
          
          
          <everconfirmed>1</everconfirmed>
          <reporter name="Pat McCarthy">patmc</reporter>
          <assigned_to name="Dejan Glozic">dejan</assigned_to>
          
          
          <votes>0</votes>

      

      

      

          <long_desc isprivate="0">
            <commentid>28912</commentid>
            <who name="Pat McCarthy">patmc</who>
            <bug_when>2002-02-27 17:08:13 -0500</bug_when>
            <thetext>Using 2/14 build - brand new unzip - empty workspace.
Create a new project using PDE wizard - test.one.
Generate Plugin.xml using wizard - all toggles selected.
Results in a bad plugin implementation (6 errors out of the box):
Report for 6 markers:
Marker 1:
  Resource: /test.one/src/test/one/OnePlugin.java, Line: 3
  Message: The import org.eclipse cannot be resolved
  Marker type: org.eclipse.jdt.core.problem
  Priority: Normal

Marker 2:
  Resource: /test.one/src/test/one/OnePlugin.java, Line: 4
  Message: The import org.eclipse cannot be resolved
  Marker type: org.eclipse.jdt.core.problem
  Priority: Normal

Marker 3:
  Resource: /test.one/src/test/one/OnePlugin.java, Line: 5
  Message: The import org.eclipse cannot be resolved
  Marker type: org.eclipse.jdt.core.problem
  Priority: Normal

Marker 4:
  Resource: /test.one/src/test/one/OnePlugin.java, Line: 11
  Message: AbstractUIPlugin cannot be resolved or is not a valid superclass
  Marker type: org.eclipse.jdt.core.problem
  Priority: Normal

Marker 5:
  Resource: /test.one/src/test/one/OnePlugin.java, Line: 20
  Message: IPluginDescriptor cannot be resolved (or is not a valid type) for 
the argument descriptor of the method OnePlugin
  Marker type: org.eclipse.jdt.core.problem
  Priority: Normal

Marker 6:
  Resource: /test.one/src/test/one/OnePlugin.java, Line: 40
  Message: IWorkspace cannot be resolved (or is not a valid return type) for 
the method getWorkspace
  Marker type: org.eclipse.jdt.core.problem
  Priority: Normal

When I try and add an extension - using the schema based process - there are 
none in the list to choose from at all!!!</thetext>
          </long_desc>
          <long_desc isprivate="0">
            <commentid>28914</commentid>
            <who name="Pat McCarthy">patmc</who>
            <bug_when>2002-02-27 17:09:31 -0500</bug_when>
            <thetext>changing severity - seems like the full PDE is broke (But no entries regarding 
this on the newsgroup. 

Also - the calculate build classpath seems to not work either (may all be the 
same thing).
</thetext>
          </long_desc>
          <long_desc isprivate="0">
            <commentid>28918</commentid>
            <who name="Dejan Glozic">dejan</who>
            <bug_when>2002-02-27 17:12:52 -0500</bug_when>
            <thetext>Before creating new plug-ins in a fresh workspace, you need to choose your 
method of selfhosting. You can either import required plug-ins into the 
workspace as binary projects (using &apos;Import-&gt;External Plug-ins and Fragments&apos;) 
or enable external plug-ins in the preferences. External plug-ins are disabled 
by default. This is a change from 1.0 where external plug-ins were enabled by 
default.</thetext>
          </long_desc>
      
      

    </bug>

</bugzilla>