<?xml version="1.0" encoding="UTF-8" standalone="yes" ?>


<bugzilla version="4.2.1"
          urlbase="https://bugs.eclipse.org/bugs/"
          
          maintainer="webmaster@eclipse.org"
>

    <bug>
          <bug_id>10138</bug_id>
          
          <creation_ts>2002-02-23 13:23:00 -0500</creation_ts>
          <short_desc>Matching brackets annoyance</short_desc>
          <delta_ts>2002-03-16 08:00:58 -0500</delta_ts>
          <reporter_accessible>1</reporter_accessible>
          <cclist_accessible>1</cclist_accessible>
          <classification_id>2</classification_id>
          <classification>Eclipse</classification>
          <product>JDT</product>
          <component>UI</component>
          <version>2.0</version>
          <rep_platform>PC</rep_platform>
          <op_sys>Linux</op_sys>
          <bug_status>RESOLVED</bug_status>
          <resolution>WONTFIX</resolution>
          
          
          <bug_file_loc></bug_file_loc>
          <status_whiteboard></status_whiteboard>
          <keywords></keywords>
          <priority>P3</priority>
          <bug_severity>normal</bug_severity>
          <target_milestone>---</target_milestone>
          
          
          <everconfirmed>1</everconfirmed>
          <reporter name="Stein M. Eliassen">dulci</reporter>
          <assigned_to name="Erich Gamma">erich_gamma</assigned_to>
          <cc>jesper</cc>
          
          <votes>0</votes>

      

      

      

          <long_desc isprivate="0">
            <commentid>27741</commentid>
            <who name="Stein M. Eliassen">dulci</who>
            <bug_when>2002-02-23 13:23:35 -0500</bug_when>
            <thetext>The matching brackets highligthing is annoying at the moment because I quite
often get confused if the carret is at the left or right of the bracket when the
carret is next to the highlighted bracket.

I think it would be much better if the highlighting could be done with bold 
brackets or something to configure from the preferance-dialog.</thetext>
          </long_desc>
          <long_desc isprivate="0">
            <commentid>31605</commentid>
            <who name="Erich Gamma">erich_gamma</who>
            <bug_when>2002-03-11 09:08:08 -0500</bug_when>
            <thetext>we tried bold brackets but unfortunately this shifts the text around and 
wasn&apos;t acceptable.

you can turn off the bracket highlighting in the preferences.

</thetext>
          </long_desc>
          <long_desc isprivate="0">
            <commentid>33284</commentid>
            <who name="Jesper Juul">jesper</who>
            <bug_when>2002-03-16 08:00:58 -0500</bug_when>
            <thetext>How about optionally underlining all the code that falls within the brackets? 
That would communicate much stronger, especially with brackets spanning 
multiple lines.</thetext>
          </long_desc>
      
      

    </bug>

</bugzilla>