<?xml version="1.0" encoding="UTF-8" standalone="yes" ?>


<bugzilla version="4.2.1"
          urlbase="https://bugs.eclipse.org/bugs/"
          
          maintainer="webmaster@eclipse.org"
>

    <bug>
          <bug_id>10152</bug_id>
          
          <creation_ts>2002-02-25 06:51:00 -0500</creation_ts>
          <short_desc>Computing hierarchy of IResource is slow</short_desc>
          <delta_ts>2002-02-25 11:01:47 -0500</delta_ts>
          <reporter_accessible>1</reporter_accessible>
          <cclist_accessible>1</cclist_accessible>
          <classification_id>2</classification_id>
          <classification>Eclipse</classification>
          <product>JDT</product>
          <component>Core</component>
          <version>2.0</version>
          <rep_platform>PC</rep_platform>
          <op_sys>Windows 2000</op_sys>
          <bug_status>RESOLVED</bug_status>
          <resolution>FIXED</resolution>
          
          
          <bug_file_loc></bug_file_loc>
          <status_whiteboard></status_whiteboard>
          <keywords></keywords>
          <priority>P3</priority>
          <bug_severity>normal</bug_severity>
          <target_milestone>2.0 M4</target_milestone>
          
          
          <everconfirmed>1</everconfirmed>
          <reporter name="Jerome Lanneluc">jerome_lanneluc</reporter>
          <assigned_to name="Philippe Mulet">philippe_mulet</assigned_to>
          
          
          <votes>0</votes>

      

      

      

          <long_desc isprivate="0">
            <commentid>27772</commentid>
            <who name="Jerome Lanneluc">jerome_lanneluc</who>
            <bug_when>2002-02-25 06:51:06 -0500</bug_when>
            <thetext>Build 20020214

Computing the hierarchy of IResource can take more than 30s.
75% of the time is spent getting the potential subtypes from the indexes.</thetext>
          </long_desc>
          <long_desc isprivate="0">
            <commentid>27809</commentid>
            <who name="Jerome Lanneluc">jerome_lanneluc</who>
            <bug_when>2002-02-25 11:01:47 -0500</bug_when>
            <thetext>The recursive call to the SuperTypeReferencePattern to find possible subtypes 
was the bottleneck. It was querying all indexes in the workspace for each 
subtype.

Querying all potential subtypes at once (and caching the result) reduced the 
time spent getting the potential subtypes to less than a second.</thetext>
          </long_desc>
      
      

    </bug>

</bugzilla>