<?xml version="1.0" encoding="UTF-8" standalone="yes" ?>


<bugzilla version="4.2.1"
          urlbase="https://bugs.eclipse.org/bugs/"
          
          maintainer="webmaster@eclipse.org"
>

    <bug>
          <bug_id>10375</bug_id>
          
          <creation_ts>2002-02-27 00:35:00 -0500</creation_ts>
          <short_desc>Command miner pattern extension mechanism</short_desc>
          <delta_ts>2009-01-12 09:20:18 -0500</delta_ts>
          <reporter_accessible>1</reporter_accessible>
          <cclist_accessible>1</cclist_accessible>
          <classification_id>4</classification_id>
          <classification>Tools</classification>
          <product>CDT</product>
          <component>cdt-other</component>
          <version>2.0</version>
          <rep_platform>All</rep_platform>
          <op_sys>All</op_sys>
          <bug_status>RESOLVED</bug_status>
          <resolution>WONTFIX</resolution>
          
          
          <bug_file_loc></bug_file_loc>
          <status_whiteboard></status_whiteboard>
          <keywords></keywords>
          <priority>P2</priority>
          <bug_severity>enhancement</bug_severity>
          <target_milestone>Future</target_milestone>
          
          
          <everconfirmed>1</everconfirmed>
          <reporter name="Brian Thomson">thomson</reporter>
          <assigned_to name="Jeff Turnham">turnham</assigned_to>
          
          
          <votes>0</votes>

      

      

      

          <long_desc isprivate="0">
            <commentid>28440</commentid>
            <who name="Brian Thomson">thomson</who>
            <bug_when>2002-02-27 00:35:04 -0500</bug_when>
            <thetext>The current method of using a single patterns.dat file to specify command line
parsing patterns doesn&apos;t permit independent plugins to contribute them. The
command miner should search for multiple patterns.dat files
and aggregate their contents.</thetext>
          </long_desc>
          <long_desc isprivate="0">
            <commentid>41599</commentid>
            <who name="Jeff Turnham">turnham</who>
            <bug_when>2002-04-11 15:36:56 -0400</bug_when>
            <thetext>This feature will likely be deferred to some post R2 release.  As soon as we 
get the &quot;Next Release&quot; target milestone created, I&apos;ll update this bug&apos;s tm.
</thetext>
          </long_desc>
          <long_desc isprivate="0">
            <commentid>169028</commentid>
            <who name="Sebastien Marineau">sebastien</who>
            <bug_when>2003-06-25 06:53:20 -0400</bug_when>
            <thetext>This applies to old CDT, closing as part of cleanup.</thetext>
          </long_desc>
      
      

    </bug>

</bugzilla>