<?xml version="1.0" encoding="UTF-8" standalone="yes" ?>


<bugzilla version="4.2.1"
          urlbase="https://bugs.eclipse.org/bugs/"
          
          maintainer="webmaster@eclipse.org"
>

    <bug>
          <bug_id>10130</bug_id>
          
          <creation_ts>2002-02-22 19:39:00 -0500</creation_ts>
          <short_desc>Launch Configurations &quot;navigation tree&quot; should start expanded</short_desc>
          <delta_ts>2002-03-12 12:06:46 -0500</delta_ts>
          <reporter_accessible>1</reporter_accessible>
          <cclist_accessible>1</cclist_accessible>
          <classification_id>2</classification_id>
          <classification>Eclipse</classification>
          <product>JDT</product>
          <component>Debug</component>
          <version>2.0</version>
          <rep_platform>PC</rep_platform>
          <op_sys>Windows 2000</op_sys>
          <bug_status>VERIFIED</bug_status>
          <resolution>FIXED</resolution>
          
          
          <bug_file_loc></bug_file_loc>
          <status_whiteboard></status_whiteboard>
          <keywords></keywords>
          <priority>P3</priority>
          <bug_severity>normal</bug_severity>
          <target_milestone>2.0 M5</target_milestone>
          
          
          <everconfirmed>1</everconfirmed>
          <reporter name="David Corbin">dcorbin</reporter>
          <assigned_to name="Darin Wright">darin.eclipse</assigned_to>
          
          
          <votes>0</votes>

      

      

      

          <long_desc isprivate="0">
            <commentid>27724</commentid>
            <who name="David Corbin">dcorbin</who>
            <bug_when>2002-02-22 19:39:23 -0500</bug_when>
            <thetext>I don&apos;t imagine that this tree will grow really large, and it would save a step
when reusing it, to start with this tree expanded.  At least the last
configuration run should be visible.</thetext>
          </long_desc>
          <long_desc isprivate="0">
            <commentid>28783</commentid>
            <who name="Adam Kiezun">akiezun</who>
            <bug_when>2002-02-27 13:12:39 -0500</bug_when>
            <thetext>moving to debug</thetext>
          </long_desc>
          <long_desc isprivate="0">
            <commentid>32118</commentid>
            <who name="Darin Wright">darin.eclipse</who>
            <bug_when>2002-03-12 12:04:59 -0500</bug_when>
            <thetext>Fixed</thetext>
          </long_desc>
          <long_desc isprivate="0">
            <commentid>32119</commentid>
            <who name="Darin Wright">darin.eclipse</who>
            <bug_when>2002-03-12 12:06:46 -0500</bug_when>
            <thetext>Verified.</thetext>
          </long_desc>
      
      

    </bug>

</bugzilla>