<?xml version="1.0" encoding="UTF-8" standalone="yes" ?>


<bugzilla version="4.2.1"
          urlbase="https://bugs.eclipse.org/bugs/"
          
          maintainer="webmaster@eclipse.org"
>

    <bug>
          <bug_id>10635</bug_id>
          
          <creation_ts>2002-03-03 09:24:00 -0500</creation_ts>
          <short_desc>Override methods not showing missing methods</short_desc>
          <delta_ts>2002-03-08 09:55:16 -0500</delta_ts>
          <reporter_accessible>1</reporter_accessible>
          <cclist_accessible>1</cclist_accessible>
          <classification_id>2</classification_id>
          <classification>Eclipse</classification>
          <product>JDT</product>
          <component>Core</component>
          <version>2.0</version>
          <rep_platform>PC</rep_platform>
          <op_sys>Windows 2000</op_sys>
          <bug_status>RESOLVED</bug_status>
          <resolution>FIXED</resolution>
          
          
          <bug_file_loc></bug_file_loc>
          <status_whiteboard></status_whiteboard>
          <keywords></keywords>
          <priority>P2</priority>
          <bug_severity>normal</bug_severity>
          <target_milestone>2.0 M4</target_milestone>
          
          
          <everconfirmed>1</everconfirmed>
          <reporter name="Michael Fraenkel">fraenkel</reporter>
          <assigned_to name="Jerome Lanneluc">jerome_lanneluc</assigned_to>
          
          
          <votes>0</votes>

      

      

      

          <long_desc isprivate="0">
            <commentid>29610</commentid>
            <who name="Michael Fraenkel">fraenkel</who>
            <bug_when>2002-03-03 09:24:14 -0500</bug_when>
            <thetext>I have a class which implements a nested interface of another class.
public class A {
  public static interface C {
    void foo();
  }
}

public class B implements A.C {
}

I see in my task list errors saying that I need to provide an implementation.
However, when I click on Override methods in the Outline view, this method is
not listed.

Note: This is a simplification of my problem, I am not sure if this will 
actually cause the problem.</thetext>
          </long_desc>
          <long_desc isprivate="0">
            <commentid>31001</commentid>
            <who name="Martin Aeschlimann">martin_aeschlimann</who>
            <bug_when>2002-03-07 12:19:54 -0500</bug_when>
            <thetext>Problem in JDT core:
Super hierarchy of be does not contain any superinterfaces.
(To observer set a breakpoint in StubUtil.evalUnimplementedMethods:
  IType[] superInterfaces= hierarchy.getAllSuperInterfaces(type);
)</thetext>
          </long_desc>
          <long_desc isprivate="0">
            <commentid>31288</commentid>
            <who name="Jerome Lanneluc">jerome_lanneluc</who>
            <bug_when>2002-03-08 09:55:16 -0500</bug_when>
            <thetext>When finding the handle corresponding to an interface binding, we used the last 
segment of the compound name (which is &apos;A$C&apos;) instead of the source name.
Fixed.</thetext>
          </long_desc>
      
      

    </bug>

</bugzilla>