<?xml version="1.0" encoding="UTF-8" standalone="yes" ?>


<bugzilla version="4.2.1"
          urlbase="https://bugs.eclipse.org/bugs/"
          
          maintainer="webmaster@eclipse.org"
>

    <bug>
          <bug_id>10346</bug_id>
          
          <creation_ts>2002-02-26 23:36:00 -0500</creation_ts>
          <short_desc>Variable types</short_desc>
          <delta_ts>2002-04-30 12:12:23 -0400</delta_ts>
          <reporter_accessible>1</reporter_accessible>
          <cclist_accessible>1</cclist_accessible>
          <classification_id>4</classification_id>
          <classification>Tools</classification>
          <product>CDT</product>
          <component>cdt-debug</component>
          <version>2.0</version>
          <rep_platform>All</rep_platform>
          <op_sys>All</op_sys>
          <bug_status>RESOLVED</bug_status>
          <resolution>DUPLICATE</resolution>
          <dup_id>7662</dup_id>
          
          <bug_file_loc></bug_file_loc>
          <status_whiteboard></status_whiteboard>
          <keywords></keywords>
          <priority>P4</priority>
          <bug_severity>enhancement</bug_severity>
          <target_milestone>---</target_milestone>
          
          
          <everconfirmed>1</everconfirmed>
          <reporter name="Brian Thomson">thomson</reporter>
          <assigned_to name="Samantha Chan">chanskw</assigned_to>
          
          
          <votes>0</votes>

      

      

      

          <long_desc isprivate="0">
            <commentid>28411</commentid>
            <who name="Brian Thomson">thomson</who>
            <bug_when>2002-02-26 23:36:05 -0500</bug_when>
            <thetext>Variable types.  Enable the capability to show variable types for the monitors
in Variables View and Monitors View.</thetext>
          </long_desc>
          <long_desc isprivate="0">
            <commentid>28996</commentid>
            <who name="Samantha Chan">chanskw</who>
            <bug_when>2002-02-27 23:22:54 -0500</bug_when>
            <thetext>depends on gdb enhancements</thetext>
          </long_desc>
          <long_desc isprivate="0">
            <commentid>47938</commentid>
            <who name="Samantha Chan">chanskw</who>
            <bug_when>2002-04-30 12:12:23 -0400</bug_when>
            <thetext>

*** This bug has been marked as a duplicate of 7662 ***</thetext>
          </long_desc>
      
      

    </bug>

</bugzilla>