<?xml version="1.0" encoding="UTF-8" standalone="yes" ?>


<bugzilla version="4.2.1"
          urlbase="https://bugs.eclipse.org/bugs/"
          
          maintainer="webmaster@eclipse.org"
>

    <bug>
          <bug_id>10271</bug_id>
          
          <creation_ts>2002-02-26 11:58:00 -0500</creation_ts>
          <short_desc>PDE &apos;Overwrite&apos; dialog confusing</short_desc>
          <delta_ts>2002-03-27 19:45:49 -0500</delta_ts>
          <reporter_accessible>1</reporter_accessible>
          <cclist_accessible>1</cclist_accessible>
          <classification_id>2</classification_id>
          <classification>Eclipse</classification>
          <product>PDE</product>
          <component>UI</component>
          <version>2.0</version>
          <rep_platform>PC</rep_platform>
          <op_sys>Windows NT</op_sys>
          <bug_status>RESOLVED</bug_status>
          <resolution>FIXED</resolution>
          
          
          <bug_file_loc></bug_file_loc>
          <status_whiteboard></status_whiteboard>
          <keywords></keywords>
          <priority>P3</priority>
          <bug_severity>normal</bug_severity>
          <target_milestone>---</target_milestone>
          
          
          <everconfirmed>1</everconfirmed>
          <reporter name="Peter Burka">peter_burka</reporter>
          <assigned_to name="Dejan Glozic">dejan</assigned_to>
          <cc>Michael_Valenta</cc>
          
          <votes>0</votes>

      

      

      

          <long_desc isprivate="0">
            <commentid>28105</commentid>
            <who name="Peter Burka">peter_burka</who>
            <bug_when>2002-02-26 11:58:30 -0500</bug_when>
            <thetext>When I tried to import a plugin project which already existed, the PDE UI 
prompted me:

-----------------
Project &quot;org.eclipse.ant.core&quot; already exists.  Is it OK to replace it?

[x] Do not ask again during this import (Yes to all/No to all)
-----------------

This dialog is quite confusing.

Why not just have &apos;Yes to all&apos; and &apos;No to all&apos; buttons?  The fact that you have 
to explain what buttons this checkbox maps to suggests that buttons might, in 
fact, be the more logical UI elements.

(20020214 build)</thetext>
          </long_desc>
          <long_desc isprivate="0">
            <commentid>35407</commentid>
            <who name="Dejan Glozic">dejan</who>
            <bug_when>2002-03-21 21:35:39 -0500</bug_when>
            <thetext>*** Bug 12040 has been marked as a duplicate of this bug. ***</thetext>
          </long_desc>
          <long_desc isprivate="0">
            <commentid>36944</commentid>
            <who name="Dejan Glozic">dejan</who>
            <bug_when>2002-03-27 19:45:49 -0500</bug_when>
            <thetext>The dialog has been modified to show standard &apos;Yes/Yes to All/No/Cancel&apos; array 
of buttons. This is an established convention and should be user here as well.</thetext>
          </long_desc>
      
      

    </bug>

</bugzilla>