<?xml version="1.0" encoding="UTF-8" standalone="yes" ?>


<bugzilla version="4.2.1"
          urlbase="https://bugs.eclipse.org/bugs/"
          
          maintainer="webmaster@eclipse.org"
>

    <bug>
          <bug_id>10086</bug_id>
          
          <creation_ts>2002-02-21 18:50:00 -0500</creation_ts>
          <short_desc>vcm_meta file should be ignorable, screwing up versioning</short_desc>
          <delta_ts>2002-05-07 22:12:06 -0400</delta_ts>
          <reporter_accessible>1</reporter_accessible>
          <cclist_accessible>1</cclist_accessible>
          <classification_id>2</classification_id>
          <classification>Eclipse</classification>
          <product>Platform</product>
          <component>Team</component>
          <version>1.0</version>
          <rep_platform>PC</rep_platform>
          <op_sys>Windows 2000</op_sys>
          <bug_status>RESOLVED</bug_status>
          <resolution>INVALID</resolution>
          
          
          <bug_file_loc></bug_file_loc>
          <status_whiteboard></status_whiteboard>
          <keywords></keywords>
          <priority>P3</priority>
          <bug_severity>normal</bug_severity>
          <target_milestone>---</target_milestone>
          
          
          <everconfirmed>1</everconfirmed>
          <reporter name="Duncan Idaho">txusul</reporter>
          <assigned_to name="Kevin McGuire">Kevin_McGuire</assigned_to>
          
          
          <votes>0</votes>

      

      

      

          <long_desc isprivate="0">
            <commentid>27631</commentid>
            <who name="Duncan Idaho">txusul</who>
            <bug_when>2002-02-21 18:50:50 -0500</bug_when>
            <thetext>i am running cvsnt as a service on w2k/professional, and could not version from 
eclipse&apos;s cvs client. 

I should be able to set up .vcm_meta as an ignorable file for my Eclipse to CVS 
client. (*.class as an ignorable pattern, works just fine.)

But since .vcm_meta wasn&apos;t imported into the CVS project (since I was releasing 
into CVS from foo/src and not from project foo), I was deadlocked with respect 
to versioning from Eclipse.

Moreover, since .vcm_meta is an Eclipse specific pragmatic (mini-YUK! at least 
we&apos;re not using those ~ files ala JBuilder IDEs), I should think that it should 
be ignorable by default.....

My workaround was to drop the entire project source tree from Eclipse and 
delete the CVS tree from underneath my CVS server, and then start over. This 
time I did not use foo/src to hold my .java files inside Eclipse, I took 
the &quot;use project directory&quot; option instead. But that was only part of it...

then I used jCVS to import everything (including the .vcm_meta file) into my 
CVS project, and THEN I could do versioning and see the versioning of my CVS 
project from my Eclipse-to-CVS client (aka the Repository view etc.) 

I specifically tried dropping from Eclipse into CVS, but that .vcm_meta file 
did not go out. I only saw it go out when I used the jCVS client, and not the 
Eclipse client to drop my tree from Eclipse&apos;s workspace into the CVS 
repository....</thetext>
          </long_desc>
          <long_desc isprivate="0">
            <commentid>27646</commentid>
            <who name="James Moody">James_Moody</who>
            <bug_when>2002-02-22 03:38:56 -0500</bug_when>
            <thetext>Individual resources can be ignored by adding them to a .cvsignore file in the 
same directory, in exactly the same as with the command line client. If you 
don&apos;t want to release .vcm_meta, this is the solution for you.</thetext>
          </long_desc>
          <long_desc isprivate="0">
            <commentid>27667</commentid>
            <who name="Michael Valenta">Michael_Valenta</who>
            <bug_when>2002-02-22 11:52:21 -0500</bug_when>
            <thetext>Are you using the old VCM or the new team Team 2.0 CVS (If you&apos;re not sure then 
you are probably using VCM)?</thetext>
          </long_desc>
          <long_desc isprivate="0">
            <commentid>29345</commentid>
            <who name="Duncan Idaho">txusul</who>
            <bug_when>2002-02-28 17:38:25 -0500</bug_when>
            <thetext>I goofed on the version of eclipse that I am running.
It&apos;s version 2.0 (prerelease build 20011206) 
and I&apos;m confirming that the plugins for vcm are all showing version 1.0.0
(i.e. org.eclipse.vcm.* all showing rev 1.0.0)
FYI - D</thetext>
          </long_desc>
          <long_desc isprivate="0">
            <commentid>50955</commentid>
            <who name="Michael Valenta">Michael_Valenta</who>
            <bug_when>2002-05-07 22:12:06 -0400</bug_when>
            <thetext>This bug is against the old VCM codebase and no longer applies. Team 2.0 
supports ignoring the .project file.</thetext>
          </long_desc>
      
      

    </bug>

</bugzilla>