<?xml version="1.0" encoding="UTF-8" standalone="yes" ?>


<bugzilla version="4.2.1"
          urlbase="https://bugs.eclipse.org/bugs/"
          
          maintainer="webmaster@eclipse.org"
>

    <bug>
          <bug_id>10142</bug_id>
          
          <creation_ts>2002-02-24 11:24:00 -0500</creation_ts>
          <short_desc>[View Mgmt] No mechanism to determine when a view is showing</short_desc>
          <delta_ts>2003-04-11 12:24:59 -0400</delta_ts>
          <reporter_accessible>1</reporter_accessible>
          <cclist_accessible>1</cclist_accessible>
          <classification_id>2</classification_id>
          <classification>Eclipse</classification>
          <product>Platform</product>
          <component>UI</component>
          <version>2.0</version>
          <rep_platform>All</rep_platform>
          <op_sys>Windows All</op_sys>
          <bug_status>RESOLVED</bug_status>
          <resolution>FIXED</resolution>
          
          
          <bug_file_loc></bug_file_loc>
          <status_whiteboard></status_whiteboard>
          <keywords></keywords>
          <priority>P3</priority>
          <bug_severity>enhancement</bug_severity>
          <target_milestone>---</target_milestone>
          
          
          <everconfirmed>1</everconfirmed>
          <reporter name="Thomas Fletcher">thomasf</reporter>
          <assigned_to name="Platform-UI-Inbox">Platform-UI-Inbox</assigned_to>
          <cc>thomasf</cc>
          
          <votes>0</votes>

      

      

      

          <long_desc isprivate="0">
            <commentid>27752</commentid>
            <who name="Thomas Fletcher">thomasf</who>
            <bug_when>2002-02-24 11:24:53 -0500</bug_when>
            <thetext>I have a compute heavy application (System analysis and information)
which provides a number of different views.  If those views are not
visible to the user (ie not the frontmost pane of a tabbed set of views)
then I would like a way to determine this so as to avoid doing any
more work than I need to.

Currently there doesn&apos;t seem to be any way to get at this information.
The closest you can come is:

ViewPart-&gt;getViewSite()-&gt;getPage()-&gt;addPartListener()

which will tell you about activation/deactivation but from that you can&apos;t
determine anything about visibility (so you have the when to check, but
not the what to check).

This is an important criteria in helping to reduce the amount of work
which is being processed/demanded and consequently makeing for a more
responsive application.

Thomas</thetext>
          </long_desc>
          <long_desc isprivate="0">
            <commentid>89045</commentid>
            <who name="Kevin Haaland">Kevin_Haaland</who>
            <bug_when>2002-09-03 12:33:58 -0400</bug_when>
            <thetext>This would be a usefull enhancement. </thetext>
          </long_desc>
          <long_desc isprivate="0">
            <commentid>154944</commentid>
            <who name="Eduardo Pereira">eduardo_pereira</who>
            <bug_when>2003-04-11 12:24:59 -0400</bug_when>
            <thetext>Fixed in 2.1. 
See IPartListener2 and IWorkbenchPage.isPartVisible(...)</thetext>
          </long_desc>
      
      

    </bug>

</bugzilla>