<?xml version="1.0" encoding="UTF-8" standalone="yes" ?>


<bugzilla version="4.2.1"
          urlbase="https://bugs.eclipse.org/bugs/"
          
          maintainer="webmaster@eclipse.org"
>

    <bug>
          <bug_id>10077</bug_id>
          
          <creation_ts>2002-02-21 13:54:00 -0500</creation_ts>
          <short_desc>Add a &quot;used by&quot; relationship.</short_desc>
          <delta_ts>2009-01-09 14:09:06 -0500</delta_ts>
          <reporter_accessible>1</reporter_accessible>
          <cclist_accessible>1</cclist_accessible>
          <classification_id>4</classification_id>
          <classification>Tools</classification>
          <product>CDT</product>
          <component>cdt-other</component>
          <version>2.0</version>
          <rep_platform>PC</rep_platform>
          <op_sys>Linux</op_sys>
          <bug_status>CLOSED</bug_status>
          <resolution>FIXED</resolution>
          
          
          <bug_file_loc></bug_file_loc>
          <status_whiteboard></status_whiteboard>
          <keywords></keywords>
          <priority>P2</priority>
          <bug_severity>enhancement</bug_severity>
          <target_milestone>2.0 - Release</target_milestone>
          
          
          <everconfirmed>1</everconfirmed>
          <reporter name="Jeff Turnham">turnham</reporter>
          <assigned_to name="Jeff Turnham">turnham</assigned_to>
          <cc>dmcknigh</cc>
          
          <votes>0</votes>

      

      

      

          <long_desc isprivate="0">
            <commentid>27605</commentid>
            <who name="Jeff Turnham">turnham</who>
            <bug_when>2002-02-21 13:54:11 -0500</bug_when>
            <thetext>The fact that the Uses relationship is 2-way really makes some views confusing 
and circular.  We(I) should create a &quot;Used By&quot; relationship in a addition to 
the &quot;Used By&quot; relationship in the same way that we have &quot;includes&quot; 
and &quot;included by&quot;.</thetext>
          </long_desc>
          <long_desc isprivate="0">
            <commentid>27606</commentid>
            <who name="Jeff Turnham">turnham</who>
            <bug_when>2002-02-21 13:55:32 -0500</bug_when>
            <thetext>Typo...I meant that we should have a Uses and Used By relationship</thetext>
          </long_desc>
          <long_desc isprivate="0">
            <commentid>61797</commentid>
            <who name="Jeff Turnham">turnham</who>
            <bug_when>2002-05-28 13:25:09 -0400</bug_when>
            <thetext>There is no longer a used by relationship but rather a &quot;References&quot; 
relationship...This will show up in the next parser</thetext>
          </long_desc>
          <long_desc isprivate="0">
            <commentid>61798</commentid>
            <who name="Jeff Turnham">turnham</who>
            <bug_when>2002-05-28 13:25:18 -0400</bug_when>
            <thetext>Closing</thetext>
          </long_desc>
      
      

    </bug>

</bugzilla>