<?xml version="1.0" encoding="UTF-8" standalone="yes" ?>


<bugzilla version="4.2.1"
          urlbase="https://bugs.eclipse.org/bugs/"
          
          maintainer="webmaster@eclipse.org"
>

    <bug>
          <bug_id>10204</bug_id>
          
          <creation_ts>2002-02-25 15:38:00 -0500</creation_ts>
          <short_desc>References to internal classes in Workbench Messages</short_desc>
          <delta_ts>2005-05-10 14:56:26 -0400</delta_ts>
          <reporter_accessible>1</reporter_accessible>
          <cclist_accessible>1</cclist_accessible>
          <classification_id>2</classification_id>
          <classification>Eclipse</classification>
          <product>Platform</product>
          <component>UI</component>
          <version>2.0</version>
          <rep_platform>PC</rep_platform>
          <op_sys>Windows 2000</op_sys>
          <bug_status>CLOSED</bug_status>
          <resolution>FIXED</resolution>
          
          
          <bug_file_loc></bug_file_loc>
          <status_whiteboard></status_whiteboard>
          <keywords></keywords>
          <priority>P3</priority>
          <bug_severity>normal</bug_severity>
          <target_milestone>---</target_milestone>
          
          
          <everconfirmed>1</everconfirmed>
          <reporter name="Tod Creasey">Tod_Creasey</reporter>
          <assigned_to name="Tod Creasey">Tod_Creasey</assigned_to>
          <cc>nick_edgar</cc>
          
          <votes>0</votes>

      

      

      

          <long_desc isprivate="0">
            <commentid>27897</commentid>
            <who name="Tod Creasey">Tod_Creasey</who>
            <bug_when>2002-02-25 15:38:13 -0500</bug_when>
            <thetext>There are the following references to WorkbenchMessages (which is internal) in 
Standard Components

CHECK_MOVE_MESSAGE - org.eclipse.ui.views.navigator.NavigatorDragAdapter
CHECK_MOVE_TITLE - org.eclipse.ui.views.navigator.NavigatorDragAdapter
setupSelectionsBasedOnSelectedTypes() - 
org.eclipse.ui.wizards.datatransfer.WizardFileSystemResourceImportPage1</thetext>
          </long_desc>
          <long_desc isprivate="0">
            <commentid>28017</commentid>
            <who name="Tod Creasey">Tod_Creasey</who>
            <bug_when>2002-02-26 09:23:04 -0500</bug_when>
            <thetext>Fixed the reference in setupSelectionsBasedOnSelectedTypes() - 
org.eclipse.ui.wizards.datatransfer.WizardFileSystemResourceImportPage1 in 
build 20020226</thetext>
          </long_desc>
          <long_desc isprivate="0">
            <commentid>36358</commentid>
            <who name="Nick Edgar">nick_edgar</who>
            <bug_when>2002-03-25 22:55:49 -0500</bug_when>
            <thetext>Please fix up ResourceNavigator.
It should also not refer to ReadOnlyStateChecker.</thetext>
          </long_desc>
          <long_desc isprivate="0">
            <commentid>38754</commentid>
            <who name="Tod Creasey">Tod_Creasey</who>
            <bug_when>2002-04-04 14:38:04 -0500</bug_when>
            <thetext>Messages moved to ResourceNavigatorMessages. ReadOnlyStateChecker is required 
by the drag adapted - perhaps we should consider moving it to somewhere non 
internal like org.eclipse.ui.</thetext>
          </long_desc>
          <long_desc isprivate="0">
            <commentid>38770</commentid>
            <who name="Nick Edgar">nick_edgar</who>
            <bug_when>2002-04-04 15:14:51 -0500</bug_when>
            <thetext>This seems to be a generally useful class, whose API is already in decent shape.
Please promote to API in org.eclipse.ui.actions (not org.eclipse.ui).
</thetext>
          </long_desc>
          <long_desc isprivate="0">
            <commentid>38784</commentid>
            <who name="Tod Creasey">Tod_Creasey</who>
            <bug_when>2002-04-04 15:56:23 -0500</bug_when>
            <thetext>Moved ReadOnlyStateChecker to org.eclipse.ui.actions</thetext>
          </long_desc>
          <long_desc isprivate="0">
            <commentid>448375</commentid>
            <who name="Tod Creasey">Tod_Creasey</who>
            <bug_when>2005-05-10 14:56:26 -0400</bug_when>
            <thetext>Marking closed</thetext>
          </long_desc>
      
      

    </bug>

</bugzilla>