<?xml version="1.0" encoding="UTF-8" standalone="yes" ?>


<bugzilla version="4.2.1"
          urlbase="https://bugs.eclipse.org/bugs/"
          
          maintainer="webmaster@eclipse.org"
>

    <bug>
          <bug_id>10165</bug_id>
          
          <creation_ts>2002-02-25 10:37:00 -0500</creation_ts>
          <short_desc>Code Assist - Correct proposal disappear</short_desc>
          <delta_ts>2002-05-03 05:43:12 -0400</delta_ts>
          <reporter_accessible>1</reporter_accessible>
          <cclist_accessible>1</cclist_accessible>
          <classification_id>2</classification_id>
          <classification>Eclipse</classification>
          <product>JDT</product>
          <component>UI</component>
          <version>2.0</version>
          <rep_platform>PC</rep_platform>
          <op_sys>Windows 2000</op_sys>
          <bug_status>RESOLVED</bug_status>
          <resolution>FIXED</resolution>
          
          
          <bug_file_loc></bug_file_loc>
          <status_whiteboard></status_whiteboard>
          <keywords></keywords>
          <priority>P2</priority>
          <bug_severity>normal</bug_severity>
          <target_milestone>2.0 M6</target_milestone>
          
          
          <everconfirmed>1</everconfirmed>
          <reporter name="David Audel">david_audel</reporter>
          <assigned_to name="Kai-Uwe Maetzel">kai-uwe_maetzel</assigned_to>
          <cc>daniel_megert</cc>
    
    <cc>dirk_baeumer</cc>
    
    <cc>James_Moody</cc>
    
    <cc>john_arthorne</cc>
    
    <cc>m.moebius</cc>
          
          <votes>0</votes>

      

      

      

          <long_desc isprivate="0">
            <commentid>27795</commentid>
            <who name="David Audel">david_audel</who>
            <bug_when>2002-02-25 10:37:49 -0500</bug_when>
            <thetext>1) create the following class
public class X {
   Fil&lt;cursor&gt;
}
2) do ctrl+space in cursor location
3) type &apos;e&apos;
the proposal of class java.io.File disappear.</thetext>
          </long_desc>
          <long_desc isprivate="0">
            <commentid>30866</commentid>
            <who name="David Audel">david_audel</who>
            <bug_when>2002-03-07 08:56:04 -0500</bug_when>
            <thetext>*** Bug 10684 has been marked as a duplicate of this bug. ***</thetext>
          </long_desc>
          <long_desc isprivate="0">
            <commentid>33323</commentid>
            <who name="Kai-Uwe Maetzel">kai-uwe_maetzel</who>
            <bug_when>2002-03-17 10:13:07 -0500</bug_when>
            <thetext>Cannot reproduce on 20020314. Do you have additional information?</thetext>
          </long_desc>
          <long_desc isprivate="0">
            <commentid>33356</commentid>
            <who name="David Audel">david_audel</who>
            <bug_when>2002-03-18 03:35:31 -0500</bug_when>
            <thetext>I cannot reproduce on 20020314 with this test case, but i can with another :

public class X {
   Objec&lt;cursor&gt;
}
</thetext>
          </long_desc>
          <long_desc isprivate="0">
            <commentid>47573</commentid>
            <who name="Martin Aeschlimann">martin_aeschlimann</who>
            <bug_when>2002-04-29 16:43:16 -0400</bug_when>
            <thetext>*** Bug 14824 has been marked as a duplicate of this bug. ***</thetext>
          </long_desc>
          <long_desc isprivate="0">
            <commentid>48271</commentid>
            <who name="Martin Aeschlimann">martin_aeschlimann</who>
            <bug_when>2002-05-01 08:15:58 -0400</bug_when>
            <thetext>*** Bug 8291 has been marked as a duplicate of this bug. ***</thetext>
          </long_desc>
          <long_desc isprivate="0">
            <commentid>48273</commentid>
            <who name="Martin Aeschlimann">martin_aeschlimann</who>
            <bug_when>2002-05-01 08:17:04 -0400</bug_when>
            <thetext>*** Bug 12675 has been marked as a duplicate of this bug. ***</thetext>
          </long_desc>
          <long_desc isprivate="0">
            <commentid>48275</commentid>
            <who name="Martin Aeschlimann">martin_aeschlimann</who>
            <bug_when>2002-05-01 08:17:27 -0400</bug_when>
            <thetext>*** Bug 8682 has been marked as a duplicate of this bug. ***</thetext>
          </long_desc>
          <long_desc isprivate="0">
            <commentid>49448</commentid>
            <who name="Kai-Uwe Maetzel">kai-uwe_maetzel</who>
            <bug_when>2002-05-03 05:43:12 -0400</bug_when>
            <thetext>Build 20020507.</thetext>
          </long_desc>
      
      

    </bug>

</bugzilla>