<?xml version="1.0" encoding="UTF-8" standalone="yes" ?>


<bugzilla version="4.2.1"
          urlbase="https://bugs.eclipse.org/bugs/"
          
          maintainer="webmaster@eclipse.org"
>

    <bug>
          <bug_id>10303</bug_id>
          
          <creation_ts>2002-02-26 15:16:00 -0500</creation_ts>
          <short_desc>Autoconf: Problem executing multiple commands on Windows separated by semi-colon through cygwin</short_desc>
          <delta_ts>2009-01-09 14:10:21 -0500</delta_ts>
          <reporter_accessible>1</reporter_accessible>
          <cclist_accessible>1</cclist_accessible>
          <classification_id>4</classification_id>
          <classification>Tools</classification>
          <product>CDT</product>
          <component>cdt-other</component>
          <version>1.0</version>
          <rep_platform>PC</rep_platform>
          <op_sys>Windows 2000</op_sys>
          <bug_status>RESOLVED</bug_status>
          <resolution>FIXED</resolution>
          
          
          <bug_file_loc></bug_file_loc>
          <status_whiteboard></status_whiteboard>
          <keywords></keywords>
          <priority>P3</priority>
          <bug_severity>normal</bug_severity>
          <target_milestone>---</target_milestone>
          
          
          <everconfirmed>1</everconfirmed>
          <reporter name="Yasser Elmankabady">eyasser</reporter>
          <assigned_to name="Yasser Elmankabady">eyasser</assigned_to>
          
          
          <votes>0</votes>

      

      

      

          <long_desc isprivate="0">
            <commentid>28304</commentid>
            <who name="Yasser Elmankabady">eyasser</who>
            <bug_when>2002-02-26 15:16:44 -0500</bug_when>
            <thetext>The problem caused by the windows cmd when it sees multiple commands seperated 
by semi-colon, it treats what follows as one command.</thetext>
          </long_desc>
          <long_desc isprivate="0">
            <commentid>28305</commentid>
            <who name="Yasser Elmankabady">eyasser</who>
            <bug_when>2002-02-26 15:17:21 -0500</bug_when>
            <thetext>Changed the semi-colon &quot;;&quot; to &quot;&amp;&amp;&quot;</thetext>
          </long_desc>
      
      

    </bug>

</bugzilla>