<?xml version="1.0" encoding="UTF-8" standalone="yes" ?>


<bugzilla version="4.2.1"
          urlbase="https://bugs.eclipse.org/bugs/"
          
          maintainer="webmaster@eclipse.org"
>

    <bug>
          <bug_id>10388</bug_id>
          
          <creation_ts>2002-02-27 10:13:00 -0500</creation_ts>
          <short_desc>Should show message when class file has no source</short_desc>
          <delta_ts>2002-05-08 11:26:50 -0400</delta_ts>
          <reporter_accessible>1</reporter_accessible>
          <cclist_accessible>1</cclist_accessible>
          <classification_id>2</classification_id>
          <classification>Eclipse</classification>
          <product>JDT</product>
          <component>UI</component>
          <version>2.0</version>
          <rep_platform>PC</rep_platform>
          <op_sys>Windows 2000</op_sys>
          <bug_status>RESOLVED</bug_status>
          <resolution>DUPLICATE</resolution>
          <dup_id>13581</dup_id>
          
          <bug_file_loc></bug_file_loc>
          <status_whiteboard></status_whiteboard>
          <keywords></keywords>
          <priority>P2</priority>
          <bug_severity>normal</bug_severity>
          <target_milestone>2.0 M6</target_milestone>
          
          
          <everconfirmed>1</everconfirmed>
          <reporter name="Darin Wright">darin.eclipse</reporter>
          <assigned_to name="Claude Knaus">Claude_Knaus</assigned_to>
          
          
          <votes>0</votes>

      

      

      

          <long_desc isprivate="0">
            <commentid>28638</commentid>
            <who name="Darin Wright">darin.eclipse</who>
            <bug_when>2002-02-27 10:13:05 -0500</bug_when>
            <thetext>When a class file is opened in an editor, which has no source, a message should 
be displayed in the editor rather than leaving it blank. For example &quot;No source 
available.&quot; or &quot;Source not available.&quot;.</thetext>
          </long_desc>
          <long_desc isprivate="0">
            <commentid>30048</commentid>
            <who name="Erich Gamma">erich_gamma</who>
            <bug_when>2002-03-04 18:56:53 -0500</bug_when>
            <thetext>we can distinguish the &quot;no source&quot; from the &quot;empty source&quot; case. Here is the 
API spec for IJavaElement.getSource()

* @return the source code, or &lt;code&gt;null&lt;/code&gt; if this element has no 
*   associated source code

</thetext>
          </long_desc>
          <long_desc isprivate="0">
            <commentid>51128</commentid>
            <who name="Claude Knaus">Claude_Knaus</who>
            <bug_when>2002-05-08 11:26:50 -0400</bug_when>
            <thetext>

*** This bug has been marked as a duplicate of 13581 ***</thetext>
          </long_desc>
      
      

    </bug>

</bugzilla>