<?xml version="1.0" encoding="UTF-8" standalone="yes" ?>


<bugzilla version="4.2.1"
          urlbase="https://bugs.eclipse.org/bugs/"
          
          maintainer="webmaster@eclipse.org"
>

    <bug>
          <bug_id>10391</bug_id>
          
          <creation_ts>2002-02-27 10:49:00 -0500</creation_ts>
          <short_desc>dev command line argument should not be passed to headless applications</short_desc>
          <delta_ts>2002-02-27 16:38:26 -0500</delta_ts>
          <reporter_accessible>1</reporter_accessible>
          <cclist_accessible>1</cclist_accessible>
          <classification_id>2</classification_id>
          <classification>Eclipse</classification>
          <product>Platform</product>
          <component>Resources</component>
          <version>2.0</version>
          <rep_platform>All</rep_platform>
          <op_sys>All</op_sys>
          <bug_status>RESOLVED</bug_status>
          <resolution>DUPLICATE</resolution>
          <dup_id>10290</dup_id>
          
          <bug_file_loc></bug_file_loc>
          <status_whiteboard></status_whiteboard>
          <keywords></keywords>
          <priority>P3</priority>
          <bug_severity>normal</bug_severity>
          <target_milestone>---</target_milestone>
          
          
          <everconfirmed>1</everconfirmed>
          <reporter name="Jim Amsden">jamsden</reporter>
          <assigned_to name="DJ Houghton">dj_houghton</assigned_to>
          
          
          <votes>0</votes>

      

      

      

          <long_desc isprivate="0">
            <commentid>28672</commentid>
            <who name="Jim Amsden">jamsden</who>
            <bug_when>2002-02-27 10:49:40 -0500</bug_when>
            <thetext>Thought I entered this, but can&apos;t find it with query to give update info.

InternalBootLoader.processCommandLine continues twice when processing -dev 
switch with and without path arguments. This causes it to miss saving the index 
in configArgs so it isn&apos;t removed at the end of the method. The continues 
should be removed.

Sorry if this is a dup.</thetext>
          </long_desc>
          <long_desc isprivate="0">
            <commentid>28889</commentid>
            <who name="John Arthorne">john_arthorne</who>
            <bug_when>2002-02-27 16:38:26 -0500</bug_when>
            <thetext>

*** This bug has been marked as a duplicate of 10290 ***</thetext>
          </long_desc>
      
      

    </bug>

</bugzilla>