<?xml version="1.0" encoding="UTF-8" standalone="yes" ?>


<bugzilla version="4.2.1"
          urlbase="https://bugs.eclipse.org/bugs/"
          
          maintainer="webmaster@eclipse.org"
>

    <bug>
          <bug_id>10119</bug_id>
          
          <creation_ts>2002-02-22 15:20:00 -0500</creation_ts>
          <short_desc>NL: Rollup 2 WSWD Italian problems</short_desc>
          <delta_ts>2002-11-18 17:04:48 -0500</delta_ts>
          <reporter_accessible>1</reporter_accessible>
          <cclist_accessible>1</cclist_accessible>
          <classification_id>2</classification_id>
          <classification>Eclipse</classification>
          <product>Platform</product>
          <component>Releng</component>
          <version>2.0</version>
          <rep_platform>PC</rep_platform>
          <op_sys>Windows 2000</op_sys>
          <bug_status>CLOSED</bug_status>
          <resolution>FIXED</resolution>
          
          
          <bug_file_loc></bug_file_loc>
          <status_whiteboard></status_whiteboard>
          <keywords></keywords>
          <priority>P3</priority>
          <bug_severity>normal</bug_severity>
          <target_milestone>---</target_milestone>
          
          
          <everconfirmed>1</everconfirmed>
          <reporter name="Tod Creasey">Tod_Creasey</reporter>
          <assigned_to name="Cam-Thu Le">camle</assigned_to>
          <cc>Kevin_Haaland</cc>
          
          <votes>0</votes>

      

      

      

          <long_desc isprivate="0">
            <commentid>27706</commentid>
            <who name="Tod Creasey">Tod_Creasey</who>
            <bug_when>2002-02-22 15:20:44 -0500</bug_when>
            <thetext>Barra Spaziatrice is the transaltion for Space but the Code Assist action is 
translated as Spazio

Find Type is is using Shift instead of Maiusc</thetext>
          </long_desc>
          <long_desc isprivate="0">
            <commentid>82979</commentid>
            <who name="Tod Creasey">Tod_Creasey</who>
            <bug_when>2002-07-29 14:38:24 -0400</bug_when>
            <thetext>Verified correct in R2.0 translations</thetext>
          </long_desc>
          <long_desc isprivate="0">
            <commentid>106271</commentid>
            <who name="Cam-Thu Le">camle</who>
            <bug_when>2002-11-18 17:04:48 -0500</bug_when>
            <thetext>Problem closed.</thetext>
          </long_desc>
      
      

    </bug>

</bugzilla>