<?xml version="1.0" encoding="UTF-8" standalone="yes" ?>


<bugzilla version="4.2.1"
          urlbase="https://bugs.eclipse.org/bugs/"
          
          maintainer="webmaster@eclipse.org"
>

    <bug>
          <bug_id>10279</bug_id>
          
          <creation_ts>2002-02-26 12:44:00 -0500</creation_ts>
          <short_desc>Problems with progress monitoring in CVSTeamProvider</short_desc>
          <delta_ts>2002-03-05 12:02:19 -0500</delta_ts>
          <reporter_accessible>1</reporter_accessible>
          <cclist_accessible>1</cclist_accessible>
          <classification_id>2</classification_id>
          <classification>Eclipse</classification>
          <product>Platform</product>
          <component>Team</component>
          <version>1.0</version>
          <rep_platform>PC</rep_platform>
          <op_sys>Linux</op_sys>
          <bug_status>RESOLVED</bug_status>
          <resolution>FIXED</resolution>
          
          
          <bug_file_loc></bug_file_loc>
          <status_whiteboard></status_whiteboard>
          <keywords></keywords>
          <priority>P5</priority>
          <bug_severity>normal</bug_severity>
          <target_milestone>2.0 M4</target_milestone>
          
          
          <everconfirmed>1</everconfirmed>
          <reporter name="James Moody">James_Moody</reporter>
          <assigned_to name="Kevin McGuire">Kevin_McGuire</assigned_to>
          
          
          <votes>0</votes>

      

      

      

          <long_desc isprivate="0">
            <commentid>28142</commentid>
            <who name="James Moody">James_Moody</who>
            <bug_when>2002-02-26 12:44:09 -0500</bug_when>
            <thetext>delete(), get() and getRemoteSyncTree() have incorrect progress monitoring.</thetext>
          </long_desc>
          <long_desc isprivate="0">
            <commentid>29959</commentid>
            <who name="Michael Valenta">Michael_Valenta</who>
            <bug_when>2002-03-04 15:23:39 -0500</bug_when>
            <thetext>The RemoteFoldeTreeBuilder also appears to need improvement in this area</thetext>
          </long_desc>
          <long_desc isprivate="0">
            <commentid>30138</commentid>
            <who name="Michael Valenta">Michael_Valenta</who>
            <bug_when>2002-03-05 09:21:45 -0500</bug_when>
            <thetext>getRemoteSyncTree() and RemoteFoldeTreeBuilder  have been improved</thetext>
          </long_desc>
          <long_desc isprivate="0">
            <commentid>30271</commentid>
            <who name="Michael Valenta">Michael_Valenta</who>
            <bug_when>2002-03-05 12:02:19 -0500</bug_when>
            <thetext>Fixed</thetext>
          </long_desc>
      
      

    </bug>

</bugzilla>