<?xml version="1.0" encoding="UTF-8" standalone="yes" ?>


<bugzilla version="4.2.1"
          urlbase="https://bugs.eclipse.org/bugs/"
          
          maintainer="webmaster@eclipse.org"
>

    <bug>
          <bug_id>10350</bug_id>
          
          <creation_ts>2002-02-26 23:39:00 -0500</creation_ts>
          <short_desc>Mixed view</short_desc>
          <delta_ts>2003-06-26 20:13:25 -0400</delta_ts>
          <reporter_accessible>1</reporter_accessible>
          <cclist_accessible>1</cclist_accessible>
          <classification_id>4</classification_id>
          <classification>Tools</classification>
          <product>CDT</product>
          <component>cdt-debug</component>
          <version>2.0</version>
          <rep_platform>All</rep_platform>
          <op_sys>All</op_sys>
          <bug_status>CLOSED</bug_status>
          <resolution>FIXED</resolution>
          
          
          <bug_file_loc></bug_file_loc>
          <status_whiteboard></status_whiteboard>
          <keywords></keywords>
          <priority>P2</priority>
          <bug_severity>enhancement</bug_severity>
          <target_milestone>2.0 - Release</target_milestone>
          
          
          <everconfirmed>1</everconfirmed>
          <reporter name="Brian Thomson">thomson</reporter>
          <assigned_to name="Samantha Chan">chanskw</assigned_to>
          
          
          <votes>0</votes>

      

      

      

          <long_desc isprivate="0">
            <commentid>28415</commentid>
            <who name="Brian Thomson">thomson</who>
            <bug_when>2002-02-26 23:39:35 -0500</bug_when>
            <thetext>Mixed view.  Mixed view is a special view that intermixes a file&apos;s source code
with its respective assembler instructions.  Each executable line in a source
file is followed by its own set of assembler instructions.</thetext>
          </long_desc>
          <long_desc isprivate="0">
            <commentid>34606</commentid>
            <who name="Samantha Chan">chanskw</who>
            <bug_when>2002-03-20 13:27:42 -0500</bug_when>
            <thetext>Fixed.</thetext>
          </long_desc>
          <long_desc isprivate="0">
            <commentid>169494</commentid>
            <who name="Sebastien Marineau">sebastien</who>
            <bug_when>2003-06-26 20:13:25 -0400</bug_when>
            <thetext>Move to 2.0 release (cleanup).</thetext>
          </long_desc>
      
      

    </bug>

</bugzilla>