<?xml version="1.0" encoding="UTF-8" standalone="yes" ?>


<bugzilla version="4.2.1"
          urlbase="https://bugs.eclipse.org/bugs/"
          
          maintainer="webmaster@eclipse.org"
>

    <bug>
          <bug_id>10270</bug_id>
          
          <creation_ts>2002-02-26 11:58:00 -0500</creation_ts>
          <short_desc>ESC should not discard input in template edit mode</short_desc>
          <delta_ts>2002-03-20 10:15:35 -0500</delta_ts>
          <reporter_accessible>1</reporter_accessible>
          <cclist_accessible>1</cclist_accessible>
          <classification_id>2</classification_id>
          <classification>Eclipse</classification>
          <product>JDT</product>
          <component>UI</component>
          <version>2.0</version>
          <rep_platform>PC</rep_platform>
          <op_sys>Windows 2000</op_sys>
          <bug_status>RESOLVED</bug_status>
          <resolution>FIXED</resolution>
          
          
          <bug_file_loc></bug_file_loc>
          <status_whiteboard></status_whiteboard>
          <keywords></keywords>
          <priority>P3</priority>
          <bug_severity>normal</bug_severity>
          <target_milestone>2.0 M4</target_milestone>
          
          
          <everconfirmed>1</everconfirmed>
          <reporter name="Andre Weinand">andre_weinand</reporter>
          <assigned_to name="Claude Knaus">Claude_Knaus</assigned_to>
          
          
          <votes>0</votes>

      

      

      

          <long_desc isprivate="0">
            <commentid>28104</commentid>
            <who name="Andre Weinand">andre_weinand</who>
            <bug_when>2002-02-26 11:58:26 -0500</bug_when>
            <thetext>When in template editing mode (red underline) typing ESC should not discard my 
input.
Reasoning: sometimes I pick an entry from code assist without being aware that 
it is a template. If I just continue (blind) typing the arguments, I don&apos;t 
immediately notice that I&apos;m in &apos;edit template arguments&apos; mode. Sometimes later 
if I happen to see the red underline I want to leave the mode by pressing the 
ESC key. This discards all my input.</thetext>
          </long_desc>
          <long_desc isprivate="0">
            <commentid>28752</commentid>
            <who name="Adam Kiezun">akiezun</who>
            <bug_when>2002-02-27 12:18:17 -0500</bug_when>
            <thetext>

*** This bug has been marked as a duplicate of 8088 ***</thetext>
          </long_desc>
          <long_desc isprivate="0">
            <commentid>29700</commentid>
            <who name="Claude Knaus">Claude_Knaus</who>
            <bug_when>2002-03-04 03:41:00 -0500</bug_when>
            <thetext>it&apos;s not the same bug.</thetext>
          </long_desc>
          <long_desc isprivate="0">
            <commentid>31646</commentid>
            <who name="Claude Knaus">Claude_Knaus</who>
            <bug_when>2002-03-11 10:12:56 -0500</bug_when>
            <thetext>fixed &gt;= 20020311</thetext>
          </long_desc>
          <long_desc isprivate="0">
            <commentid>34373</commentid>
            <who name="Martin Aeschlimann">martin_aeschlimann</who>
            <bug_when>2002-03-20 09:50:05 -0500</bug_when>
            <thetext>Behaviour is not as expected. Now, the template remains but the changes inside 
the template disapear. &gt;20020319. Reopening. JRT.</thetext>
          </long_desc>
          <long_desc isprivate="0">
            <commentid>34401</commentid>
            <who name="Claude Knaus">Claude_Knaus</who>
            <bug_when>2002-03-20 10:15:35 -0500</bug_when>
            <thetext>It&apos;s fixed in the workspace. Will be in next build after 20020319-I.</thetext>
          </long_desc>
      
      

    </bug>

</bugzilla>