<?xml version="1.0" encoding="UTF-8" standalone="yes" ?>


<bugzilla version="4.2.1"
          urlbase="https://bugs.eclipse.org/bugs/"
          
          maintainer="webmaster@eclipse.org"
>

    <bug>
          <bug_id>10367</bug_id>
          
          <creation_ts>2002-02-26 23:53:00 -0500</creation_ts>
          <short_desc>Writing tools using parse database</short_desc>
          <delta_ts>2003-06-25 06:56:19 -0400</delta_ts>
          <reporter_accessible>1</reporter_accessible>
          <cclist_accessible>1</cclist_accessible>
          <classification_id>4</classification_id>
          <classification>Tools</classification>
          <product>CDT</product>
          <component>cdt-doc</component>
          <version>2.0</version>
          <rep_platform>All</rep_platform>
          <op_sys>All</op_sys>
          <bug_status>RESOLVED</bug_status>
          <resolution>WONTFIX</resolution>
          
          
          <bug_file_loc></bug_file_loc>
          <status_whiteboard></status_whiteboard>
          <keywords></keywords>
          <priority>P2</priority>
          <bug_severity>enhancement</bug_severity>
          <target_milestone>Future</target_milestone>
          
          
          <everconfirmed>1</everconfirmed>
          <reporter name="Brian Thomson">thomson</reporter>
          <assigned_to name="Jeff Turnham">turnham</assigned_to>
          
          
          <votes>0</votes>

      

      

      

          <long_desc isprivate="0">
            <commentid>28432</commentid>
            <who name="Brian Thomson">thomson</who>
            <bug_when>2002-02-26 23:53:22 -0500</bug_when>
            <thetext>Writing tools using parse database.  The results of a parse action are stored in
the datastore.  The user has access to this wealth of information.  This
tutorial will explain the necessary steps required to access this information.</thetext>
          </long_desc>
          <long_desc isprivate="0">
            <commentid>169035</commentid>
            <who name="Sebastien Marineau">sebastien</who>
            <bug_when>2003-06-25 06:56:19 -0400</bug_when>
            <thetext>This applies to old CDT, closing as part of cleanup.</thetext>
          </long_desc>
      
      

    </bug>

</bugzilla>