<?xml version="1.0" encoding="UTF-8" standalone="yes" ?>


<bugzilla version="4.2.1"
          urlbase="https://bugs.eclipse.org/bugs/"
          
          maintainer="webmaster@eclipse.org"
>

    <bug>
          <bug_id>10188</bug_id>
          
          <creation_ts>2002-02-25 12:17:00 -0500</creation_ts>
          <short_desc>Welcome page has wrong text and NPE</short_desc>
          <delta_ts>2002-07-23 14:57:49 -0400</delta_ts>
          <reporter_accessible>1</reporter_accessible>
          <cclist_accessible>1</cclist_accessible>
          <classification_id>2</classification_id>
          <classification>Eclipse</classification>
          <product>Platform</product>
          <component>Releng</component>
          <version>2.0</version>
          <rep_platform>PC</rep_platform>
          <op_sys>Windows 2000</op_sys>
          <bug_status>RESOLVED</bug_status>
          <resolution>FIXED</resolution>
          
          
          <bug_file_loc></bug_file_loc>
          <status_whiteboard></status_whiteboard>
          <keywords></keywords>
          <priority>P3</priority>
          <bug_severity>normal</bug_severity>
          <target_milestone>---</target_milestone>
          
          
          <everconfirmed>1</everconfirmed>
          <reporter name="Randy Giffen">Randy_Giffen</reporter>
          <assigned_to name="Dean Roberts">dean_roberts</assigned_to>
          
          
          <votes>0</votes>

      

      

      

          <long_desc isprivate="0">
            <commentid>27850</commentid>
            <who name="Randy Giffen">Randy_Giffen</who>
            <bug_when>2002-02-25 12:17:55 -0500</bug_when>
            <thetext>Using the new team support, the welcome page is broken.
The text for Join a CVS Team needs to be redone and 
both links are broken (produce NPEs)</thetext>
          </long_desc>
          <long_desc isprivate="0">
            <commentid>81462</commentid>
            <who name="Dean Roberts">dean_roberts</who>
            <bug_when>2002-07-23 14:57:49 -0400</bug_when>
            <thetext>No longer an issue</thetext>
          </long_desc>
      
      

    </bug>

</bugzilla>