<?xml version="1.0" encoding="UTF-8" standalone="yes" ?>


<bugzilla version="4.2.1"
          urlbase="https://bugs.eclipse.org/bugs/"
          
          maintainer="webmaster@eclipse.org"
>

    <bug>
          <bug_id>10611</bug_id>
          
          <creation_ts>2002-03-01 15:04:00 -0500</creation_ts>
          <short_desc>Adding a simple project causes full build?</short_desc>
          <delta_ts>2002-03-18 11:30:55 -0500</delta_ts>
          <reporter_accessible>1</reporter_accessible>
          <cclist_accessible>1</cclist_accessible>
          <classification_id>2</classification_id>
          <classification>Eclipse</classification>
          <product>Platform</product>
          <component>Resources</component>
          <version>2.0</version>
          <rep_platform>PC</rep_platform>
          <op_sys>Windows 2000</op_sys>
          <bug_status>RESOLVED</bug_status>
          <resolution>DUPLICATE</resolution>
          <dup_id>10688</dup_id>
          
          <bug_file_loc></bug_file_loc>
          <status_whiteboard></status_whiteboard>
          <keywords></keywords>
          <priority>P3</priority>
          <bug_severity>normal</bug_severity>
          <target_milestone>---</target_milestone>
          
          
          <everconfirmed>1</everconfirmed>
          <reporter name="Kevin Haaland">Kevin_Haaland</reporter>
          <assigned_to name="DJ Houghton">dj_houghton</assigned_to>
          
          
          <votes>0</votes>

      

      

      

          <long_desc isprivate="0">
            <commentid>29538</commentid>
            <who name="Kevin Haaland">Kevin_Haaland</who>
            <bug_when>2002-03-01 15:04:39 -0500</bug_when>
            <thetext>Imported UI plugin and it&apos;s dependents as source projects.
Autobuild was on.
Did several searches. 

Created a simple project and observed that a full build was initiated.

Why was the full build necessary?</thetext>
          </long_desc>
          <long_desc isprivate="0">
            <commentid>33490</commentid>
            <who name="John Arthorne">john_arthorne</who>
            <bug_when>2002-03-18 11:30:55 -0500</bug_when>
            <thetext>This is actually just a progress monitor problem.  It&apos;s not doing a full build, 
it just appears that way from the progress.  The pseudo code is:

- for each project p
  - monitor.subtask(&quot;Build project &lt;p&gt;&quot;);
  - if (project p is affected by the change)
    - build p

The monitor.subtask() should be done after we check if the build is really 
necessary.

*** This bug has been marked as a duplicate of 10688 ***</thetext>
          </long_desc>
      
      

    </bug>

</bugzilla>