<?xml version="1.0" encoding="UTF-8" standalone="yes" ?>


<bugzilla version="4.2.1"
          urlbase="https://bugs.eclipse.org/bugs/"
          
          maintainer="webmaster@eclipse.org"
>

    <bug>
          <bug_id>10397</bug_id>
          
          <creation_ts>2002-02-27 11:39:00 -0500</creation_ts>
          <short_desc>default &apos;cast&apos; template uses current class name as ${type}</short_desc>
          <delta_ts>2002-02-27 11:57:22 -0500</delta_ts>
          <reporter_accessible>1</reporter_accessible>
          <cclist_accessible>1</cclist_accessible>
          <classification_id>2</classification_id>
          <classification>Eclipse</classification>
          <product>JDT</product>
          <component>UI</component>
          <version>2.0</version>
          <rep_platform>PC</rep_platform>
          <op_sys>Linux-Motif</op_sys>
          <bug_status>RESOLVED</bug_status>
          <resolution>DUPLICATE</resolution>
          <dup_id>9909</dup_id>
          
          <bug_file_loc></bug_file_loc>
          <status_whiteboard></status_whiteboard>
          <keywords></keywords>
          <priority>P3</priority>
          <bug_severity>enhancement</bug_severity>
          <target_milestone>---</target_milestone>
          
          
          <everconfirmed>1</everconfirmed>
          <reporter name="Philippe Duperron">pduperron</reporter>
          <assigned_to name="Erich Gamma">erich_gamma</assigned_to>
          
          
          <votes>0</votes>

      

      

      

          <long_desc isprivate="0">
            <commentid>28714</commentid>
            <who name="Philippe Duperron">pduperron</who>
            <bug_when>2002-02-27 11:39:56 -0500</bug_when>
            <thetext>The default &apos;cast&apos; template, which is :

 ${type} ${new_name} = (${type}) ${name};

used to expand ${type} to a &quot;dynamic template variable&quot;.

The problem is that now it is expanded to the name of the current class.</thetext>
          </long_desc>
          <long_desc isprivate="0">
            <commentid>28735</commentid>
            <who name="Philippe Duperron">pduperron</who>
            <bug_when>2002-02-27 11:57:22 -0500</bug_when>
            <thetext>I did not search the bug database before adding this one. Sorry.

*** This bug has been marked as a duplicate of 9909 ***</thetext>
          </long_desc>
      
      

    </bug>

</bugzilla>