<?xml version="1.0" encoding="UTF-8" standalone="yes" ?>


<bugzilla version="4.2.1"
          urlbase="https://bugs.eclipse.org/bugs/"
          
          maintainer="webmaster@eclipse.org"
>

    <bug>
          <bug_id>10028</bug_id>
          
          <creation_ts>2002-02-20 18:42:00 -0500</creation_ts>
          <short_desc>codeassist seems to swallow first letter after -&gt;</short_desc>
          <delta_ts>2009-01-09 14:09:47 -0500</delta_ts>
          <reporter_accessible>1</reporter_accessible>
          <cclist_accessible>1</cclist_accessible>
          <classification_id>4</classification_id>
          <classification>Tools</classification>
          <product>CDT</product>
          <component>cdt-other</component>
          <version>1.0</version>
          <rep_platform>PC</rep_platform>
          <op_sys>Windows 98</op_sys>
          <bug_status>CLOSED</bug_status>
          <resolution>FIXED</resolution>
          
          
          <bug_file_loc></bug_file_loc>
          <status_whiteboard></status_whiteboard>
          <keywords></keywords>
          <priority>P3</priority>
          <bug_severity>normal</bug_severity>
          <target_milestone>---</target_milestone>
          
          
          <everconfirmed>1</everconfirmed>
          <reporter name="Robert Weisz">weisz</reporter>
          <assigned_to name="Robert Weisz">weisz</assigned_to>
          
          
          <votes>0</votes>

      

      

      

          <long_desc isprivate="0">
            <commentid>27543</commentid>
            <who name="Robert Weisz">weisz</who>
            <bug_when>2002-02-20 18:42:35 -0500</bug_when>
            <thetext>In case of codeassist of a method i.e. after classA-&gt; pushing Ctrl+Space
and the entry is offered as &quot;methodA()&quot;, the end result after pushing Enter
is &quot;classA-&gt;ethodA()&quot; , i.e. the first letter was swallowed.
It works ok if the query was on &quot;classA.&quot;  Then it shows &quot;classA.methodA()&quot;.</thetext>
          </long_desc>
          <long_desc isprivate="0">
            <commentid>27874</commentid>
            <who name="Jeff Turnham">turnham</who>
            <bug_when>2002-02-25 13:36:27 -0500</bug_when>
            <thetext>I took a look at my &quot;end&quot; of the code-assist stuff, and I am not doing anything 
different for the &apos;-&gt;&apos;..I&apos;m still returning a list of DataElements, so it would 
appear that the problem here is how the text is being inserted.
</thetext>
          </long_desc>
          <long_desc isprivate="0">
            <commentid>28124</commentid>
            <who name="Robert Weisz">weisz</who>
            <bug_when>2002-02-26 12:17:28 -0500</bug_when>
            <thetext>Fix in CppCompletionProcessor.java .</thetext>
          </long_desc>
          <long_desc isprivate="0">
            <commentid>169253</commentid>
            <who name="Sebastien Marineau">sebastien</who>
            <bug_when>2003-06-25 19:14:41 -0400</bug_when>
            <thetext>Move to version 1</thetext>
          </long_desc>
      
      

    </bug>

</bugzilla>