<?xml version="1.0" encoding="UTF-8" standalone="yes" ?>


<bugzilla version="4.2.1"
          urlbase="https://bugs.eclipse.org/bugs/"
          
          maintainer="webmaster@eclipse.org"
>

    <bug>
          <bug_id>10171</bug_id>
          
          <creation_ts>2002-02-25 11:02:00 -0500</creation_ts>
          <short_desc>Externalize strings uses opposite checkbox behaviour than expected</short_desc>
          <delta_ts>2009-08-30 02:36:14 -0400</delta_ts>
          <reporter_accessible>1</reporter_accessible>
          <cclist_accessible>1</cclist_accessible>
          <classification_id>2</classification_id>
          <classification>Eclipse</classification>
          <product>JDT</product>
          <component>UI</component>
          <version>1.0</version>
          <rep_platform>PC</rep_platform>
          <op_sys>Linux</op_sys>
          <bug_status>CLOSED</bug_status>
          <resolution>WONTFIX</resolution>
          
          
          <bug_file_loc></bug_file_loc>
          <status_whiteboard></status_whiteboard>
          <keywords></keywords>
          <priority>P4</priority>
          <bug_severity>normal</bug_severity>
          <target_milestone>---</target_milestone>
          
          
          <everconfirmed>1</everconfirmed>
          <reporter name="James Moody">James_Moody</reporter>
          <assigned_to name="JDT-UI-Inbox">jdt-ui-inbox</assigned_to>
          
          
          <votes>0</votes>

      

      

      

          <long_desc isprivate="0">
            <commentid>27811</commentid>
            <who name="James Moody">James_Moody</who>
            <bug_when>2002-02-25 11:02:07 -0500</bug_when>
            <thetext>2nd page of externalize strings dialog.
In order to enable the lower widget group, you have to UNSELECT the radio box
that says &quot;Use default substitution pattern&quot;. This is very unexpected; instead,
the radio box should be opposite: &quot;Specify substitution pattern&quot;, and it should
enable the lower group when selected instead of when unselected.</thetext>
          </long_desc>
          <long_desc isprivate="0">
            <commentid>38908</commentid>
            <who name="Adam Kiezun">akiezun</who>
            <bug_when>2002-04-05 05:34:15 -0500</bug_when>
            <thetext>after 2.0</thetext>
          </long_desc>
          <long_desc isprivate="0">
            <commentid>153890</commentid>
            <who name="Adam Kiezun">akiezun</who>
            <bug_when>2003-04-08 13:51:55 -0400</bug_when>
            <thetext>workbench does the same in the new project wizard
please reopen if it really bugs you</thetext>
          </long_desc>
          <long_desc isprivate="0">
            <commentid>1585896</commentid>
            <who name="Eclipse Webmaster">webmaster</who>
            <bug_when>2009-08-30 02:36:14 -0400</bug_when>
            <thetext>As of now &apos;LATER&apos; and &apos;REMIND&apos; resolutions are no longer supported.
Please reopen this bug if it is still valid for you.</thetext>
          </long_desc>
      
      

    </bug>

</bugzilla>