<?xml version="1.0" encoding="UTF-8" standalone="yes" ?>


<bugzilla version="4.2.1"
          urlbase="https://bugs.eclipse.org/bugs/"
          
          maintainer="webmaster@eclipse.org"
>

    <bug>
          <bug_id>10036</bug_id>
          
          <creation_ts>2002-02-21 04:38:00 -0500</creation_ts>
          <short_desc>Update Line/Column in Java editor when in auto repeat mode</short_desc>
          <delta_ts>2009-08-30 02:20:29 -0400</delta_ts>
          <reporter_accessible>1</reporter_accessible>
          <cclist_accessible>1</cclist_accessible>
          <classification_id>2</classification_id>
          <classification>Eclipse</classification>
          <product>JDT</product>
          <component>UI</component>
          <version>2.0</version>
          <rep_platform>PC</rep_platform>
          <op_sys>Windows 2000</op_sys>
          <bug_status>RESOLVED</bug_status>
          <resolution>WONTFIX</resolution>
          
          
          <bug_file_loc></bug_file_loc>
          <status_whiteboard></status_whiteboard>
          <keywords></keywords>
          <priority>P3</priority>
          <bug_severity>minor</bug_severity>
          <target_milestone>---</target_milestone>
          
          
          <everconfirmed>1</everconfirmed>
          <reporter name="Leon J. Breedt">ljb</reporter>
          <assigned_to name="JDT-UI-Inbox">jdt-ui-inbox</assigned_to>
          
          
          <votes>0</votes>

      

      

      

          <long_desc isprivate="0">
            <commentid>27556</commentid>
            <who name="Leon J. Breedt">ljb</who>
            <bug_when>2002-02-21 04:38:24 -0500</bug_when>
            <thetext>Build: 20020214

The values of Line/Column in status bar of Java editor only update after key is 
released. So if one is using PgUp/PgDn to scroll through a large file you have 
to release the keys if you want valid Line/Column values, ditto with using the
arrow keys.</thetext>
          </long_desc>
          <long_desc isprivate="0">
            <commentid>39289</commentid>
            <who name="Kai-Uwe Maetzel">kai-uwe_maetzel</who>
            <bug_when>2002-04-08 05:21:50 -0400</bug_when>
            <thetext>Won&apos;t change soon. Want to avoid looking up the action bound to a key stroke in 
order to precompute the resulting line number on key down. Keeping for later 
investigation.</thetext>
          </long_desc>
          <long_desc isprivate="0">
            <commentid>1584416</commentid>
            <who name="Denis Roy">denis.roy</who>
            <bug_when>2009-08-30 02:20:29 -0400</bug_when>
            <thetext>As of now &apos;LATER&apos; and &apos;REMIND&apos; resolutions are no longer supported.
Please reopen this bug if it is still valid for you.</thetext>
          </long_desc>
      
      

    </bug>

</bugzilla>