<?xml version="1.0" encoding="UTF-8" standalone="yes" ?>


<bugzilla version="4.2.1"
          urlbase="https://bugs.eclipse.org/bugs/"
          
          maintainer="webmaster@eclipse.org"
>

    <bug>
          <bug_id>10320</bug_id>
          
          <creation_ts>2002-02-26 21:15:00 -0500</creation_ts>
          <short_desc>Error in extract method</short_desc>
          <delta_ts>2002-02-27 05:49:59 -0500</delta_ts>
          <reporter_accessible>1</reporter_accessible>
          <cclist_accessible>1</cclist_accessible>
          <classification_id>2</classification_id>
          <classification>Eclipse</classification>
          <product>JDT</product>
          <component>Core</component>
          <version>2.0</version>
          <rep_platform>PC</rep_platform>
          <op_sys>Windows 2000</op_sys>
          <bug_status>RESOLVED</bug_status>
          <resolution>WORKSFORME</resolution>
          
          
          <bug_file_loc></bug_file_loc>
          <status_whiteboard></status_whiteboard>
          <keywords></keywords>
          <priority>P3</priority>
          <bug_severity>normal</bug_severity>
          <target_milestone>2.0 M4</target_milestone>
          
          
          <everconfirmed>1</everconfirmed>
          <reporter name="Theodore W. Leung">twl</reporter>
          <assigned_to name="Philippe Mulet">philippe_mulet</assigned_to>
          
          
          <votes>0</votes>

      

      

      

          <long_desc isprivate="0">
            <commentid>28383</commentid>
            <who name="Theodore W. Leung">twl</who>
            <bug_when>2002-02-26 21:15:23 -0500</bug_when>
            <thetext>If I try to extract one of the system.out.printlns in EclipseBug#a

I get the error: 
&quot;The following problem prevents performing the operation.

Compilation error at line 27. com.sun.net cannot be resolved or is not a type.&quot;

The class compiles and runs just fine. JSSE is in the classpath





import java.security.Security;

/**
 * @version 	1.0
 * @author
 */
public class EclipseBug {

	/**
	 * Constructor for EclipseBug.
	 */
	public EclipseBug() {
		super();
	}
	static {
		// enable ssl
		System.setProperty(
			&quot;java.protocol.handler.pkgs&quot;,
			&quot;com.sun.net.ssl.internal.www.protocol&quot;);
		// register JSSE provider for SSL
		Security.addProvider(new com.sun.net.ssl.internal.ssl.Provider
());

	}

	public void a() {
		System.out.println(&quot;foo&quot;);
		System.out.println(&quot;bar&quot;);
	}
}</thetext>
          </long_desc>
          <long_desc isprivate="0">
            <commentid>28384</commentid>
            <who name="Theodore W. Leung">twl</who>
            <bug_when>2002-02-26 21:16:29 -0500</bug_when>
            <thetext>Sorry, I&apos;m on the 20020214 stable build.</thetext>
          </long_desc>
          <long_desc isprivate="0">
            <commentid>28456</commentid>
            <who name="Philippe Mulet">philippe_mulet</who>
            <bug_when>2002-02-27 05:25:58 -0500</bug_when>
            <thetext>I cannot reproduce with your test case, having jsse on the build path I can 
perform the extraction without any problem.

Can you provide better steps to reproduce ?</thetext>
          </long_desc>
          <long_desc isprivate="0">
            <commentid>28479</commentid>
            <who name="Philippe Mulet">philippe_mulet</who>
            <bug_when>2002-02-27 05:49:52 -0500</bug_when>
            <thetext>Closing, please reopen if able to provide reproduceable steps.</thetext>
          </long_desc>
      
      

    </bug>

</bugzilla>