<?xml version="1.0" encoding="UTF-8" standalone="yes" ?>


<bugzilla version="4.2.1"
          urlbase="https://bugs.eclipse.org/bugs/"
          
          maintainer="webmaster@eclipse.org"
>

    <bug>
          <bug_id>10305</bug_id>
          
          <creation_ts>2002-02-26 15:40:00 -0500</creation_ts>
          <short_desc>Editor preference page controls need a border style</short_desc>
          <delta_ts>2002-06-13 11:32:55 -0400</delta_ts>
          <reporter_accessible>1</reporter_accessible>
          <cclist_accessible>1</cclist_accessible>
          <classification_id>2</classification_id>
          <classification>Eclipse</classification>
          <product>JDT</product>
          <component>UI</component>
          <version>2.0</version>
          <rep_platform>PC</rep_platform>
          <op_sys>Windows 2000</op_sys>
          <bug_status>VERIFIED</bug_status>
          <resolution>FIXED</resolution>
          
          
          <bug_file_loc></bug_file_loc>
          <status_whiteboard></status_whiteboard>
          <keywords></keywords>
          <priority>P3</priority>
          <bug_severity>normal</bug_severity>
          <target_milestone>2.0 F1</target_milestone>
          
          
          <everconfirmed>1</everconfirmed>
          <reporter name="Dejan Glozic">dejan</reporter>
          <assigned_to name="Kai-Uwe Maetzel">kai-uwe_maetzel</assigned_to>
          
          
          <votes>0</votes>

      

      

      

          <long_desc isprivate="0">
            <commentid>28342</commentid>
            <who name="Dejan Glozic">dejan</who>
            <bug_when>2002-02-26 15:40:21 -0500</bug_when>
            <thetext>&apos;Foreground&apos; list and &apos;Preview&apos; text widgets need to be created with a 
SWT.BORDER style since they look funny when in a dialog.</thetext>
          </long_desc>
          <long_desc isprivate="0">
            <commentid>68888</commentid>
            <who name="Kai-Uwe Maetzel">kai-uwe_maetzel</who>
            <bug_when>2002-06-05 13:59:33 -0400</bug_when>
            <thetext>Build F1.</thetext>
          </long_desc>
          <long_desc isprivate="0">
            <commentid>73578</commentid>
            <who name="Dirk Baeumer">dirk_baeumer</who>
            <bug_when>2002-06-13 11:32:55 -0400</bug_when>
            <thetext>Verified on F3</thetext>
          </long_desc>
      
      

    </bug>

</bugzilla>