<?xml version="1.0" encoding="UTF-8" standalone="yes" ?>


<bugzilla version="4.2.1"
          urlbase="https://bugs.eclipse.org/bugs/"
          
          maintainer="webmaster@eclipse.org"
>

    <bug>
          <bug_id>10469</bug_id>
          
          <creation_ts>2002-02-28 08:44:00 -0500</creation_ts>
          <short_desc>Extension page does not upate correctly</short_desc>
          <delta_ts>2002-03-09 11:43:26 -0500</delta_ts>
          <reporter_accessible>1</reporter_accessible>
          <cclist_accessible>1</cclist_accessible>
          <classification_id>2</classification_id>
          <classification>Eclipse</classification>
          <product>PDE</product>
          <component>UI</component>
          <version>2.0</version>
          <rep_platform>PC</rep_platform>
          <op_sys>Windows 2000</op_sys>
          <bug_status>RESOLVED</bug_status>
          <resolution>FIXED</resolution>
          
          
          <bug_file_loc></bug_file_loc>
          <status_whiteboard></status_whiteboard>
          <keywords></keywords>
          <priority>P3</priority>
          <bug_severity>normal</bug_severity>
          <target_milestone>---</target_milestone>
          
          
          <everconfirmed>1</everconfirmed>
          <reporter name="Matt Lavin">lavinm</reporter>
          <assigned_to name="Dejan Glozic">dejan</assigned_to>
          
          
          <votes>0</votes>

      

      

      

          <long_desc isprivate="0">
            <commentid>29056</commentid>
            <who name="Matt Lavin">lavinm</who>
            <bug_when>2002-02-28 08:44:35 -0500</bug_when>
            <thetext>When the &quot;Show full extension hierachy&quot; item is checked the tree view below 
does not update when new children are added.

Steps to reproduce:
1.  Use the New-&gt;Other-&gt;Plugin Development-&gt;Plugin Project wizard to create a 
blank plugin
2.  Open the plugin.xml editor and switch to the Extensions page
3.  Check the &quot;Show full extension hierachy&quot; item
4.  Create a new extension though the New-&gt;Generic Wizards-&gt;Schema-based 
Extension
5.  Choose Pop-up Menus and click ok to the warning about not including the 
Workbench UI plugin first
6.  Create a new objectContribution under the popup menu
7.  Create a new action below the objectContribution.
8.  Notice that the tree on the left did not show the child being added under 
the object contribution
9.  If you uncheck and recheck the &quot;Show full extensions hierachy&quot; item then 
the child will appear in the tree.</thetext>
          </long_desc>
          <long_desc isprivate="0">
            <commentid>31485</commentid>
            <who name="Dejan Glozic">dejan</who>
            <bug_when>2002-03-09 11:43:26 -0500</bug_when>
            <thetext>Fixed.</thetext>
          </long_desc>
      
      

    </bug>

</bugzilla>