<?xml version="1.0" encoding="UTF-8" standalone="yes" ?>


<bugzilla version="4.2.1"
          urlbase="https://bugs.eclipse.org/bugs/"
          
          maintainer="webmaster@eclipse.org"
>

    <bug>
          <bug_id>10542</bug_id>
          
          <creation_ts>2002-02-28 17:33:00 -0500</creation_ts>
          <short_desc>Bad method Javadoc generated by New Class Wizard (missing a *)</short_desc>
          <delta_ts>2002-03-18 09:18:07 -0500</delta_ts>
          <reporter_accessible>1</reporter_accessible>
          <cclist_accessible>1</cclist_accessible>
          <classification_id>2</classification_id>
          <classification>Eclipse</classification>
          <product>JDT</product>
          <component>UI</component>
          <version>2.0</version>
          <rep_platform>PC</rep_platform>
          <op_sys>Windows 2000</op_sys>
          <bug_status>RESOLVED</bug_status>
          <resolution>FIXED</resolution>
          
          
          <bug_file_loc></bug_file_loc>
          <status_whiteboard></status_whiteboard>
          <keywords></keywords>
          <priority>P3</priority>
          <bug_severity>normal</bug_severity>
          <target_milestone>---</target_milestone>
          
          
          <everconfirmed>1</everconfirmed>
          <reporter name="Pat McCarthy">patmc</reporter>
          <assigned_to name="Martin Aeschlimann">martin_aeschlimann</assigned_to>
          
          
          <votes>0</votes>

      

      

      

          <long_desc isprivate="0">
            <commentid>29343</commentid>
            <who name="Pat McCarthy">patmc</who>
            <bug_when>2002-02-28 17:33:36 -0500</bug_when>
            <thetext>2.14 build.
Noticed when I tried to delete the method selected in the outline view.  Javadoc 
left in editor.
Shaded area does not include the Javadoc above the method - so only the method 
source was deleted.
Javadoc generated by New Class Wizard looks like:
/*
 * @see IWorkbenchWizard#init(IWorkbench, IStructuredSelection)
 */
public void init(IWorkbench workbench, IStructuredSelection selection) {
}

Needs to be:
/**
...
When I add the second * the Javadoc turns blue and is shaded as part of the 
method (when I reslect the method in the Outline view.</thetext>
          </long_desc>
          <long_desc isprivate="0">
            <commentid>30815</commentid>
            <who name="Erich Gamma">erich_gamma</who>
            <bug_when>2002-03-07 05:48:17 -0500</bug_when>
            <thetext>When overridding a method you often want to leverage that JavaDoc automatically 
down copies the doc from the base method. For this reason you want to create an 
ordinary comment and not a javadoc comment.

This behaviuor is configurable in Prefernces&gt;Java&gt;Code Generation.

We should change the default setting for &quot;create non-Javadoc comments for 
overridden methods &quot; to be off.

</thetext>
          </long_desc>
          <long_desc isprivate="0">
            <commentid>33391</commentid>
            <who name="Martin Aeschlimann">martin_aeschlimann</who>
            <bug_when>2002-03-18 09:18:07 -0500</bug_when>
            <thetext>fixed in 20020312</thetext>
          </long_desc>
      
      

    </bug>

</bugzilla>