<?xml version="1.0" encoding="UTF-8" standalone="yes" ?>


<bugzilla version="4.2.1"
          urlbase="https://bugs.eclipse.org/bugs/"
          
          maintainer="webmaster@eclipse.org"
>

    <bug>
          <bug_id>10405</bug_id>
          
          <creation_ts>2002-02-27 12:34:00 -0500</creation_ts>
          <short_desc>Import Plugins &amp; Fragments wizard UI glitch</short_desc>
          <delta_ts>2002-03-03 19:11:43 -0500</delta_ts>
          <reporter_accessible>1</reporter_accessible>
          <cclist_accessible>1</cclist_accessible>
          <classification_id>2</classification_id>
          <classification>Eclipse</classification>
          <product>PDE</product>
          <component>UI</component>
          <version>1.0</version>
          <rep_platform>PC</rep_platform>
          <op_sys>Windows 2000</op_sys>
          <bug_status>RESOLVED</bug_status>
          <resolution>FIXED</resolution>
          
          
          <bug_file_loc></bug_file_loc>
          <status_whiteboard></status_whiteboard>
          <keywords></keywords>
          <priority>P3</priority>
          <bug_severity>normal</bug_severity>
          <target_milestone>---</target_milestone>
          
          
          <everconfirmed>1</everconfirmed>
          <reporter name="Jeff Brown">jeff_brown</reporter>
          <assigned_to name="Dejan Glozic">dejan</assigned_to>
          
          
          <votes>0</votes>

      

      

      

          <long_desc isprivate="0">
            <commentid>28768</commentid>
            <who name="Jeff Brown">jeff_brown</who>
            <bug_when>2002-02-27 12:34:50 -0500</bug_when>
            <thetext>Select Import-&gt;External Plug-ins &amp; Fragments.
Enable &quot;extract source archives...&quot;.
Notice that &quot;copy plug-in contents...&quot; is disabled.
Next.
Select some plugins then click Finish.

Select Import-&gt;External Plug-ins &amp; Fragments.
Notice that &quot;extract source archives...&quot; is still checked.  Good.
However, &quot;copy plug-in contents...&quot; is not disabled.  Bad.</thetext>
          </long_desc>
          <long_desc isprivate="0">
            <commentid>29665</commentid>
            <who name="Dejan Glozic">dejan</who>
            <bug_when>2002-03-03 19:11:43 -0500</bug_when>
            <thetext>Fixed.</thetext>
          </long_desc>
      
      

    </bug>

</bugzilla>