<?xml version="1.0" encoding="UTF-8" standalone="yes" ?>


<bugzilla version="4.2.1"
          urlbase="https://bugs.eclipse.org/bugs/"
          
          maintainer="webmaster@eclipse.org"
>

    <bug>
          <bug_id>10167</bug_id>
          
          <creation_ts>2002-02-25 10:51:00 -0500</creation_ts>
          <short_desc>Typo in build jar dialog</short_desc>
          <delta_ts>2002-03-12 16:21:00 -0500</delta_ts>
          <reporter_accessible>1</reporter_accessible>
          <cclist_accessible>1</cclist_accessible>
          <classification_id>2</classification_id>
          <classification>Eclipse</classification>
          <product>PDE</product>
          <component>UI</component>
          <version>1.0</version>
          <rep_platform>PC</rep_platform>
          <op_sys>Linux</op_sys>
          <bug_status>RESOLVED</bug_status>
          <resolution>WONTFIX</resolution>
          
          
          <bug_file_loc></bug_file_loc>
          <status_whiteboard></status_whiteboard>
          <keywords></keywords>
          <priority>P3</priority>
          <bug_severity>normal</bug_severity>
          <target_milestone>---</target_milestone>
          
          
          <everconfirmed>1</everconfirmed>
          <reporter name="James Moody">James_Moody</reporter>
          <assigned_to name="Dejan Glozic">dejan</assigned_to>
          
          
          <votes>0</votes>

      

      

      

          <long_desc isprivate="0">
            <commentid>27802</commentid>
            <who name="James Moody">James_Moody</who>
            <bug_when>2002-02-25 10:51:14 -0500</bug_when>
            <thetext>&quot;Specify how build Eclipse plug-in libraries&quot; -&gt; &quot;Specify how to build ...&quot;
Also, the title for the dialog page is &quot;Plug-in Build&quot; which sounds awkward; it
should be &quot;Build Plug-in&quot;.</thetext>
          </long_desc>
          <long_desc isprivate="0">
            <commentid>32218</commentid>
            <who name="Dejan Glozic">dejan</who>
            <bug_when>2002-03-12 16:21:00 -0500</bug_when>
            <thetext>This dialog has been phased out.</thetext>
          </long_desc>
      
      

    </bug>

</bugzilla>