<?xml version="1.0" encoding="UTF-8" standalone="yes" ?>


<bugzilla version="4.2.1"
          urlbase="https://bugs.eclipse.org/bugs/"
          
          maintainer="webmaster@eclipse.org"
>

    <bug>
          <bug_id>10202</bug_id>
          
          <creation_ts>2002-02-25 15:33:00 -0500</creation_ts>
          <short_desc>Have to reselect terminated debug target to enable &apos;Remove all Terminated&apos; action</short_desc>
          <delta_ts>2002-02-25 15:46:04 -0500</delta_ts>
          <reporter_accessible>1</reporter_accessible>
          <cclist_accessible>1</cclist_accessible>
          <classification_id>2</classification_id>
          <classification>Eclipse</classification>
          <product>JDT</product>
          <component>Debug</component>
          <version>2.0</version>
          <rep_platform>Other</rep_platform>
          <op_sys>other</op_sys>
          <bug_status>RESOLVED</bug_status>
          <resolution>DUPLICATE</resolution>
          <dup_id>10198</dup_id>
          
          <bug_file_loc></bug_file_loc>
          <status_whiteboard></status_whiteboard>
          <keywords></keywords>
          <priority>P1</priority>
          <bug_severity>normal</bug_severity>
          <target_milestone>2.0 M4</target_milestone>
          
          
          <everconfirmed>1</everconfirmed>
          <reporter name="Joe Szurszewski">eclipse</reporter>
          <assigned_to name="Darin Wright">darin.eclipse</assigned_to>
          
          
          <votes>0</votes>

      

      

      

          <long_desc isprivate="0">
            <commentid>27894</commentid>
            <who name="Joe Szurszewski">eclipse</who>
            <bug_when>2002-02-25 15:33:31 -0500</bug_when>
            <thetext>20020212++

Relaunch something from the history list.
When the launch terminates, notice 
that even though the debug target is
selected, the Remove All Terminated toolbar action is not 
enabled.
If the mouse cursor is used to reselect the debug target, now the action 
is enabled.</thetext>
          </long_desc>
          <long_desc isprivate="0">
            <commentid>27902</commentid>
            <who name="Darin Swanson">Darin_Swanson</who>
            <bug_when>2002-02-25 15:46:04 -0500</bug_when>
            <thetext>

*** This bug has been marked as a duplicate of 10198 ***</thetext>
          </long_desc>
      
      

    </bug>

</bugzilla>