<?xml version="1.0" encoding="UTF-8" standalone="yes" ?>


<bugzilla version="4.2.1"
          urlbase="https://bugs.eclipse.org/bugs/"
          
          maintainer="webmaster@eclipse.org"
>

    <bug>
          <bug_id>10289</bug_id>
          
          <creation_ts>2002-02-26 13:38:00 -0500</creation_ts>
          <short_desc>Version copied to stream doesn&apos;t show up</short_desc>
          <delta_ts>2002-03-20 17:00:33 -0500</delta_ts>
          <reporter_accessible>1</reporter_accessible>
          <cclist_accessible>1</cclist_accessible>
          <classification_id>2</classification_id>
          <classification>Eclipse</classification>
          <product>Platform</product>
          <component>Team</component>
          <version>1.0</version>
          <rep_platform>PC</rep_platform>
          <op_sys>Windows 2000</op_sys>
          <bug_status>RESOLVED</bug_status>
          <resolution>WONTFIX</resolution>
          
          
          <bug_file_loc></bug_file_loc>
          <status_whiteboard></status_whiteboard>
          <keywords></keywords>
          <priority>P2</priority>
          <bug_severity>major</bug_severity>
          <target_milestone>2.0 M4</target_milestone>
          
          
          <everconfirmed>1</everconfirmed>
          <reporter name="OTI Support">support</reporter>
          <assigned_to name="Kevin McGuire">Kevin_McGuire</assigned_to>
          
          
          <votes>0</votes>

      

      

      

          <long_desc isprivate="0">
            <commentid>28176</commentid>
            <who name="OTI Support">support</who>
            <bug_when>2002-02-26 13:38:41 -0500</bug_when>
            <thetext>1. Connect to a CVS server that has project versions in it.
2. In the Team perspective, create a new stream called notTheHeadStream.
3. Select notTheHeadStream and choose Copy Version to Stream... from the context 
menu.
4. A dialog with project names comes up. Select some project names.
   note two things:
      a. versions aren&apos;t displayed
      b. selecting the projects updates the &quot;n versions selected&quot; label.
5. Click &quot;OK&quot;. You get the &quot;Adding Versions&quot; progress dialog.
6. Expand notTheHeadStream. There aren&apos;t any projects there.</thetext>
          </long_desc>
          <long_desc isprivate="0">
            <commentid>28177</commentid>
            <who name="OTI Support">support</who>
            <bug_when>2002-02-26 13:40:22 -0500</bug_when>
            <thetext>Customer reports this also happens in 2.0.</thetext>
          </long_desc>
          <long_desc isprivate="0">
            <commentid>28728</commentid>
            <who name="Kevin McGuire">Kevin_McGuire</who>
            <bug_when>2002-02-27 11:52:45 -0500</bug_when>
            <thetext>This workflow will be very different when new Team 2.0 support released (should 
be in M4 build), so PR will become invalid.

Closing PR.

If this is required as a fix for a 1.0 rollup please notify.</thetext>
          </long_desc>
          <long_desc isprivate="0">
            <commentid>34802</commentid>
            <who name="Kevin McGuire">Kevin_McGuire</who>
            <bug_when>2002-03-20 16:57:46 -0500</bug_when>
            <thetext>fixed in M4</thetext>
          </long_desc>
          <long_desc isprivate="0">
            <commentid>34812</commentid>
            <who name="Kevin McGuire">Kevin_McGuire</who>
            <bug_when>2002-03-20 17:00:33 -0500</bug_when>
            <thetext>(disregard &quot;fixed in m4&quot; comment, should&apos;ve said &quot;closed&quot;)</thetext>
          </long_desc>
      
      

    </bug>

</bugzilla>