<?xml version="1.0" encoding="UTF-8" standalone="yes" ?>


<bugzilla version="4.2.1"
          urlbase="https://bugs.eclipse.org/bugs/"
          
          maintainer="webmaster@eclipse.org"
>

    <bug>
          <bug_id>10055</bug_id>
          
          <creation_ts>2002-02-21 09:04:00 -0500</creation_ts>
          <short_desc>Specific namelookup scenario for a variable inside a function not working</short_desc>
          <delta_ts>2009-01-09 14:09:03 -0500</delta_ts>
          <reporter_accessible>1</reporter_accessible>
          <cclist_accessible>1</cclist_accessible>
          <classification_id>4</classification_id>
          <classification>Tools</classification>
          <product>CDT</product>
          <component>cdt-other</component>
          <version>1.0</version>
          <rep_platform>Other</rep_platform>
          <op_sys>other</op_sys>
          <bug_status>CLOSED</bug_status>
          <resolution>FIXED</resolution>
          
          
          <bug_file_loc></bug_file_loc>
          <status_whiteboard></status_whiteboard>
          <keywords></keywords>
          <priority>P3</priority>
          <bug_severity>normal</bug_severity>
          <target_milestone>1.0 - Release</target_milestone>
          
          
          <everconfirmed>1</everconfirmed>
          <reporter name="Jeff Turnham">turnham</reporter>
          <assigned_to name="Jeff Turnham">turnham</assigned_to>
          <cc>dmcknigh</cc>
          
          <votes>0</votes>

      

      

      

          <long_desc isprivate="0">
            <commentid>27579</commentid>
            <who name="Jeff Turnham">turnham</who>
            <bug_when>2002-02-21 09:04:04 -0500</bug_when>
            <thetext>class A{}
int b()
{
 A c;
}

With the above code, the type of &quot;c&quot; is not &quot;class A&quot;.  Somehow the namelookup 
for &quot;A&quot; is failing in this case.</thetext>
          </long_desc>
          <long_desc isprivate="0">
            <commentid>29691</commentid>
            <who name="Jeff Turnham">turnham</who>
            <bug_when>2002-03-04 02:41:29 -0500</bug_when>
            <thetext>*** Bug 10653 has been marked as a duplicate of this bug. ***</thetext>
          </long_desc>
          <long_desc isprivate="0">
            <commentid>32822</commentid>
            <who name="Jeff Turnham">turnham</who>
            <bug_when>2002-03-14 14:31:45 -0500</bug_when>
            <thetext>Fixed as of March 14, 2002</thetext>
          </long_desc>
          <long_desc isprivate="0">
            <commentid>32823</commentid>
            <who name="Jeff Turnham">turnham</who>
            <bug_when>2002-03-14 14:32:05 -0500</bug_when>
            <thetext>Closed</thetext>
          </long_desc>
      
      

    </bug>

</bugzilla>