<?xml version="1.0" encoding="UTF-8" standalone="yes" ?>


<bugzilla version="4.2.1"
          urlbase="https://bugs.eclipse.org/bugs/"
          
          maintainer="webmaster@eclipse.org"
>

    <bug>
          <bug_id>10418</bug_id>
          
          <creation_ts>2002-02-27 14:19:00 -0500</creation_ts>
          <short_desc>Renaming remote project makes it impossible to access properties page and re-open project after restart</short_desc>
          <delta_ts>2009-01-09 14:08:13 -0500</delta_ts>
          <reporter_accessible>1</reporter_accessible>
          <cclist_accessible>1</cclist_accessible>
          <classification_id>4</classification_id>
          <classification>Tools</classification>
          <product>CDT</product>
          <component>cdt-other</component>
          <version>1.0</version>
          <rep_platform>PC</rep_platform>
          <op_sys>Linux</op_sys>
          <bug_status>CLOSED</bug_status>
          <resolution>DUPLICATE</resolution>
          <dup_id>10396</dup_id>
          
          <bug_file_loc></bug_file_loc>
          <status_whiteboard></status_whiteboard>
          <keywords></keywords>
          <priority>P2</priority>
          <bug_severity>major</bug_severity>
          <target_milestone>---</target_milestone>
          
          
          <everconfirmed>1</everconfirmed>
          <reporter name="Samantha Chan">chanskw</reporter>
          <assigned_to name="David McKnight">dmcknigh</assigned_to>
          
          
          <votes>0</votes>

      

      

      

          <long_desc isprivate="0">
            <commentid>28823</commentid>
            <who name="Samantha Chan">chanskw</who>
            <bug_when>2002-02-27 14:19:06 -0500</bug_when>
            <thetext>I created a project, external to Eclipse at the following directory:
/home/chanskw/testcases/payroll2.

Then I created a remote project and pointed this remote project to payroll2.
I named the project as remote_payroll.  I opened the project and renamed it to 
remote_payroll2 in C/C++ Project view.  Then, I RMC and tried to access 
remote_payroll2&apos;s project properties page.  Nothing happened.  In the console 
where I got Eclipse started, I got the following error:  project is null.

If I restart Eclipse and try to open the project again, I can never re-open the 
project.  I will get the following error:
Could not find /home/chanskw/testcases/payroll2 on bcsearle.</thetext>
          </long_desc>
          <long_desc isprivate="0">
            <commentid>28868</commentid>
            <who name="David McKnight">dmcknigh</who>
            <bug_when>2002-02-27 15:53:44 -0500</bug_when>
            <thetext>Right now, there are too many issues with supporting project renaming in 
Eclipse.  We do support renaming of resource contained in projects, but not the 
projects themselves.  I introduced a regression that allowed users to rename 
projects, which let you get into this situation.  The regression is now fixed 
(in 10396), so you can&apos;t rename projects from the C/C++ Projects view now.

*** This bug has been marked as a duplicate of 10396 ***</thetext>
          </long_desc>
          <long_desc isprivate="0">
            <commentid>185097</commentid>
            <who name="Sebastien Marineau">sebastien</who>
            <bug_when>2003-09-10 08:58:55 -0400</bug_when>
            <thetext>Closing</thetext>
          </long_desc>
      
      

    </bug>

</bugzilla>