<?xml version="1.0" encoding="UTF-8" standalone="yes" ?>


<bugzilla version="4.2.1"
          urlbase="https://bugs.eclipse.org/bugs/"
          
          maintainer="webmaster@eclipse.org"
>

    <bug>
          <bug_id>10527</bug_id>
          
          <creation_ts>2002-02-28 16:41:00 -0500</creation_ts>
          <short_desc>Switching editors using editor switcher unzooms</short_desc>
          <delta_ts>2002-04-08 16:03:06 -0400</delta_ts>
          <reporter_accessible>1</reporter_accessible>
          <cclist_accessible>1</cclist_accessible>
          <classification_id>2</classification_id>
          <classification>Eclipse</classification>
          <product>Platform</product>
          <component>UI</component>
          <version>2.0</version>
          <rep_platform>PC</rep_platform>
          <op_sys>Windows 2000</op_sys>
          <bug_status>RESOLVED</bug_status>
          <resolution>FIXED</resolution>
          
          
          <bug_file_loc></bug_file_loc>
          <status_whiteboard></status_whiteboard>
          <keywords>usability</keywords>
          <priority>P3</priority>
          <bug_severity>normal</bug_severity>
          <target_milestone>---</target_milestone>
          
          
          <everconfirmed>1</everconfirmed>
          <reporter name="Nick Edgar">nick_edgar</reporter>
          <assigned_to name="Ryan Cooper">ryan_cooper</assigned_to>
          <cc>simon_arsenault</cc>
          
          <votes>0</votes>

      

      

      

          <long_desc isprivate="0">
            <commentid>29306</commentid>
            <who name="Nick Edgar">nick_edgar</who>
            <bug_when>2002-02-28 16:41:11 -0500</bug_when>
            <thetext>Build 20020226

If you switch editors using the editor switcher while the editor area is 
zoomed, it unzooms.
Simply clicking on another editor tab does not unzoom.

It should not unzoom when using the editor switcher.</thetext>
          </long_desc>
          <long_desc isprivate="0">
            <commentid>29310</commentid>
            <who name="Nick Edgar">nick_edgar</who>
            <bug_when>2002-02-28 16:45:24 -0500</bug_when>
            <thetext>It should also not unzoom when switching editors programmatically by other 
means.
For example:
- selecting an item in the outline when it&apos;s a fast view
- selecting a search result when it&apos;s a fast view
- selecting a file from File / Open Recent 
</thetext>
          </long_desc>
          <long_desc isprivate="0">
            <commentid>30539</commentid>
            <who name="Tod Creasey">Tod_Creasey</who>
            <bug_when>2002-03-06 10:32:14 -0500</bug_when>
            <thetext>Usability not accessibility issue.</thetext>
          </long_desc>
          <long_desc isprivate="0">
            <commentid>36504</commentid>
            <who name="Ryan Cooper">ryan_cooper</who>
            <bug_when>2002-03-26 12:48:10 -0500</bug_when>
            <thetext>Should also not unzoom when:
- opening a fast view</thetext>
          </long_desc>
          <long_desc isprivate="0">
            <commentid>39634</commentid>
            <who name="Simon Arsenault">simon_arsenault</who>
            <bug_when>2002-04-08 16:03:06 -0400</bug_when>
            <thetext>Code changes released. In build &gt; 2002-04-07</thetext>
          </long_desc>
      
      

    </bug>

</bugzilla>