<?xml version="1.0" encoding="UTF-8" standalone="yes" ?>


<bugzilla version="4.2.1"
          urlbase="https://bugs.eclipse.org/bugs/"
          
          maintainer="webmaster@eclipse.org"
>

    <bug>
          <bug_id>10278</bug_id>
          
          <creation_ts>2002-02-26 12:40:00 -0500</creation_ts>
          <short_desc>Usability - would like to see source without importing it</short_desc>
          <delta_ts>2002-02-26 12:52:16 -0500</delta_ts>
          <reporter_accessible>1</reporter_accessible>
          <cclist_accessible>1</cclist_accessible>
          <classification_id>2</classification_id>
          <classification>Eclipse</classification>
          <product>PDE</product>
          <component>UI</component>
          <version>2.0</version>
          <rep_platform>PC</rep_platform>
          <op_sys>other</op_sys>
          <bug_status>RESOLVED</bug_status>
          <resolution>WORKSFORME</resolution>
          
          
          <bug_file_loc></bug_file_loc>
          <status_whiteboard></status_whiteboard>
          <keywords></keywords>
          <priority>P3</priority>
          <bug_severity>normal</bug_severity>
          <target_milestone>---</target_milestone>
          
          
          <everconfirmed>1</everconfirmed>
          <reporter name="Peter Burka">peter_burka</reporter>
          <assigned_to name="Dejan Glozic">dejan</assigned_to>
          
          
          <votes>0</votes>

      

      

      

          <long_desc isprivate="0">
            <commentid>28139</commentid>
            <who name="Peter Burka">peter_burka</who>
            <bug_when>2002-02-26 12:40:50 -0500</bug_when>
            <thetext>Currently (as I understand it) you have two options when you import a plugin 
using PDE.

You can ignore the source altogether, or you can import the source into your 
workspace.

The former isn&apos;t very useful to me, since it means that I can&apos;t see how the 
plugin is implemented.

The latter is good, but it uses up a lot of disk space and introduces more 
dependencies for the incremental compiler to solve.

The main reason that I import plugins into Eclipse is not to modify them, but 
to read them.  I want to be able to search them, view the source, etc.

It would be nice if the PDE import wizard catered to this by allowing me to 
import the plugins without copying the source, but added the class jars as 
Libraries in the plugin projects.  This way I could still search and view the 
source code, but I wouldn&apos;t have to pay for it.

(Tested against 20020214 build)</thetext>
          </long_desc>
          <long_desc isprivate="0">
            <commentid>28148</commentid>
            <who name="Dejan Glozic">dejan</who>
            <bug_when>2002-02-26 12:52:16 -0500</bug_when>
            <thetext>There are two ways of handling external plug-ins (those you do not work on) in 
PDE:

1) Arms-length development. In this scenario, you add plug-ins you want to work 
on from the repository, then go into Preferences-&gt;PDE-&gt;Target Platform and 
press &apos;Not In Workspace&apos;. This will enable external plug-ins and PDE will &apos;see&apos; 
them. When you compute build path of your workspace projects, PDE will resolve 
plug-in references to external JARs (using ECLIPSE_HOME variable so that your 
classpath settings are portable). External JARs have source aattachements so 
that you can look up source of Java classes without importing them (similarly 
to browsing JDK classes). This is how self-hosting worked in 1.0.

2) Binary project development. In this scenario, you leave all external plug-
ins disabled (the default), add plug-ins from the repository, then import 
external plug-ins as binary projects into your workspace (an equivalent of &apos;Not 
In Workspace&apos; button would be pressing &apos;Existing Projects&apos; then &apos;Invert 
Selection&apos; buttons). If you do not import source, you can still browse it 
because project JARs are added to the classpath with source attachements.

The addition of 2) was to facilitate large team development. Since classpaths 
are shared in the repository, there was a need to have one classpath that works 
for all regardless of whether you are working on the projects or just require 
them. In case of binary projects, dependencies are experessed using project 
references regardless of whether those projects are binary or added from 
repository. In contrast, external projects in 1) add external JAR entires in 
the classpath.

Bottom line: what you want exists already, it boils down to whether you share 
your projects with other people and whether they mind having external JAR 
entries in the classpaths of those projects.</thetext>
          </long_desc>
      
      

    </bug>

</bugzilla>