<?xml version="1.0" encoding="UTF-8" standalone="yes" ?>


<bugzilla version="4.2.1"
          urlbase="https://bugs.eclipse.org/bugs/"
          
          maintainer="webmaster@eclipse.org"
>

    <bug>
          <bug_id>10285</bug_id>
          
          <creation_ts>2002-02-26 13:13:00 -0500</creation_ts>
          <short_desc>parent of remote project is sometimes null</short_desc>
          <delta_ts>2002-02-28 16:39:29 -0500</delta_ts>
          <reporter_accessible>1</reporter_accessible>
          <cclist_accessible>1</cclist_accessible>
          <classification_id>4</classification_id>
          <classification>Tools</classification>
          <product>CDT</product>
          <component>cdt-core</component>
          <version>1.0</version>
          <rep_platform>PC</rep_platform>
          <op_sys>Windows NT</op_sys>
          <bug_status>RESOLVED</bug_status>
          <resolution>INVALID</resolution>
          
          
          <bug_file_loc></bug_file_loc>
          <status_whiteboard></status_whiteboard>
          <keywords></keywords>
          <priority>P3</priority>
          <bug_severity>normal</bug_severity>
          <target_milestone>---</target_milestone>
          
          
          <everconfirmed>1</everconfirmed>
          <reporter name="David McKnight">dmcknigh</reporter>
          <assigned_to name="David McKnight">dmcknigh</assigned_to>
          
          
          <votes>0</votes>

      

      

      

          <long_desc isprivate="0">
            <commentid>28163</commentid>
            <who name="David McKnight">dmcknigh</who>
            <bug_when>2002-02-26 13:13:52 -0500</bug_when>
            <thetext>The parent of a remote project is sometimes null.  It should not be null, but 
sometimes it is.  This could be a communication layer problem.</thetext>
          </long_desc>
          <long_desc isprivate="0">
            <commentid>29305</commentid>
            <who name="David McKnight">dmcknigh</who>
            <bug_when>2002-02-28 16:39:29 -0500</bug_when>
            <thetext>It turns out that this is related to renaming a remote project (which we 
currently don&apos;t support).</thetext>
          </long_desc>
      
      

    </bug>

</bugzilla>