<?xml version="1.0" encoding="UTF-8" standalone="yes" ?>


<bugzilla version="4.2.1"
          urlbase="https://bugs.eclipse.org/bugs/"
          
          maintainer="webmaster@eclipse.org"
>

    <bug>
          <bug_id>10593</bug_id>
          
          <creation_ts>2002-03-01 11:43:00 -0500</creation_ts>
          <short_desc>Jar export should add &quot;.jar&quot; suffix if not specified</short_desc>
          <delta_ts>2002-03-20 10:17:25 -0500</delta_ts>
          <reporter_accessible>1</reporter_accessible>
          <cclist_accessible>1</cclist_accessible>
          <classification_id>2</classification_id>
          <classification>Eclipse</classification>
          <product>JDT</product>
          <component>UI</component>
          <version>2.0</version>
          <rep_platform>PC</rep_platform>
          <op_sys>Windows 2000</op_sys>
          <bug_status>VERIFIED</bug_status>
          <resolution>FIXED</resolution>
          
          
          <bug_file_loc></bug_file_loc>
          <status_whiteboard></status_whiteboard>
          <keywords></keywords>
          <priority>P2</priority>
          <bug_severity>normal</bug_severity>
          <target_milestone>---</target_milestone>
          
          
          <everconfirmed>1</everconfirmed>
          <reporter name="Nick Edgar">nick_edgar</reporter>
          <assigned_to name="Dani Megert">daniel_megert</assigned_to>
          
          
          <votes>0</votes>

      

      

      

          <long_desc isprivate="0">
            <commentid>29488</commentid>
            <who name="Nick Edgar">nick_edgar</who>
            <bug_when>2002-03-01 11:43:55 -0500</bug_when>
            <thetext>Build 20020228

- select some files
- export them using the jar export
- enter &quot;test&quot; as the jar name
- it creates a jar file called &quot;test&quot;

It  should use &quot;test.jar&quot;.</thetext>
          </long_desc>
          <long_desc isprivate="0">
            <commentid>31978</commentid>
            <who name="Dani Megert">daniel_megert</who>
            <bug_when>2002-03-12 09:29:23 -0500</bug_when>
            <thetext>Fixed</thetext>
          </long_desc>
          <long_desc isprivate="0">
            <commentid>34405</commentid>
            <who name="Martin Aeschlimann">martin_aeschlimann</who>
            <bug_when>2002-03-20 10:17:25 -0500</bug_when>
            <thetext>Verified. &gt;20020319. JRT.</thetext>
          </long_desc>
      
      

    </bug>

</bugzilla>