<?xml version="1.0" encoding="UTF-8" standalone="yes" ?>


<bugzilla version="4.2.1"
          urlbase="https://bugs.eclipse.org/bugs/"
          
          maintainer="webmaster@eclipse.org"
>

    <bug>
          <bug_id>10457</bug_id>
          
          <creation_ts>2002-02-27 22:15:00 -0500</creation_ts>
          <short_desc>Code assist failed with cursor before string start</short_desc>
          <delta_ts>2002-05-09 15:45:10 -0400</delta_ts>
          <reporter_accessible>1</reporter_accessible>
          <cclist_accessible>1</cclist_accessible>
          <classification_id>2</classification_id>
          <classification>Eclipse</classification>
          <product>JDT</product>
          <component>UI</component>
          <version>2.0</version>
          <rep_platform>PC</rep_platform>
          <op_sys>Windows 2000</op_sys>
          <bug_status>RESOLVED</bug_status>
          <resolution>DUPLICATE</resolution>
          <dup_id>6465</dup_id>
          
          <bug_file_loc></bug_file_loc>
          <status_whiteboard></status_whiteboard>
          <keywords></keywords>
          <priority>P2</priority>
          <bug_severity>normal</bug_severity>
          <target_milestone>2.0 M6</target_milestone>
          
          
          <everconfirmed>1</everconfirmed>
          <reporter name="Nick Edgar">nick_edgar</reporter>
          <assigned_to name="Kai-Uwe Maetzel">kai-uwe_maetzel</assigned_to>
          
          
          <votes>0</votes>

      

      

      

          <long_desc isprivate="0">
            <commentid>28973</commentid>
            <who name="Nick Edgar">nick_edgar</who>
            <bug_when>2002-02-27 22:15:40 -0500</bug_when>
            <thetext>Build 20020214

In WorkbenchWindow, I tried doing code assist at &lt;|&gt;

void firePerspectiveActivated(IWorkbenchPage page, IPerspectiveDescriptor 
perspective) {
	System.out.println(&quot;window.firePerspectiveActivated(&quot; + page.getLabel
() + &quot;, &quot; + perspective.get&lt;|&gt;&quot;)&quot;);

It failed with a beep.  If I insert a space and try again at the same 
position, it works.</thetext>
          </long_desc>
          <long_desc isprivate="0">
            <commentid>29043</commentid>
            <who name="David Audel">david_audel</who>
            <bug_when>2002-02-28 07:15:42 -0500</bug_when>
            <thetext>There is no completion processor at this location because 
IDocument#getContentType(location) return a java string content type instead of 
the default content type.

Move to JDTUI.</thetext>
          </long_desc>
          <long_desc isprivate="0">
            <commentid>41694</commentid>
            <who name="Erich Gamma">erich_gamma</who>
            <bug_when>2002-04-11 18:18:01 -0400</bug_when>
            <thetext>not a stop ship for M5 - changed prios</thetext>
          </long_desc>
          <long_desc isprivate="0">
            <commentid>51749</commentid>
            <who name="Erich Gamma">erich_gamma</who>
            <bug_when>2002-05-09 15:45:10 -0400</bug_when>
            <thetext>

*** This bug has been marked as a duplicate of 6465 ***</thetext>
          </long_desc>
      
      

    </bug>

</bugzilla>