<?xml version="1.0" encoding="UTF-8" standalone="yes" ?>


<bugzilla version="4.2.1"
          urlbase="https://bugs.eclipse.org/bugs/"
          
          maintainer="webmaster@eclipse.org"
>

    <bug>
          <bug_id>10425</bug_id>
          
          <creation_ts>2002-02-27 15:07:00 -0500</creation_ts>
          <short_desc>&apos;Hide Static&apos; and &apos;Hide Final&apos; hides too much</short_desc>
          <delta_ts>2003-03-20 22:15:03 -0500</delta_ts>
          <reporter_accessible>1</reporter_accessible>
          <cclist_accessible>1</cclist_accessible>
          <classification_id>2</classification_id>
          <classification>Eclipse</classification>
          <product>JDT</product>
          <component>Debug</component>
          <version>2.0</version>
          <rep_platform>PC</rep_platform>
          <op_sys>Windows NT</op_sys>
          <bug_status>VERIFIED</bug_status>
          <resolution>FIXED</resolution>
          
          
          <bug_file_loc></bug_file_loc>
          <status_whiteboard></status_whiteboard>
          <keywords></keywords>
          <priority>P3</priority>
          <bug_severity>enhancement</bug_severity>
          <target_milestone>2.1</target_milestone>
          
          
          <everconfirmed>1</everconfirmed>
          <reporter name="Peter Burka">peter_burka</reporter>
          <assigned_to name="Darin Wright">darin.eclipse</assigned_to>
          
          
          <votes>0</votes>

      

      

      

          <long_desc isprivate="0">
            <commentid>28849</commentid>
            <who name="Peter Burka">peter_burka</who>
            <bug_when>2002-02-27 15:07:45 -0500</bug_when>
            <thetext>The Debug &apos;Variables&apos; view provides buttons to hide static fields and to hide 
final fields.

I find myself toggling these on and off fairly frequently, because they don&apos;t 
provide the filtering which I really want.  (I want the &apos;show me what I want to 
see&apos; button!)

The problem is that what I really want to filter are fields which are BOTH 
static and final (i.e. the intersection), not fields which are static or final 
(i.e. the union).  The fields that I&apos;m not interested in are all of the numeric 
and String constants that grow on any sizable class.  But I am interested in 
instance final fields, since these are unique in each instance of the class and 
have useful information most of the time (e.g. any auto-gened fields in an 
inner class are final -- I want to see these to see what the enclosing instance 
is).

I&apos;m not really sure what the &apos;right&apos; answer is, but the current filtering does 
not have ideal behaviour.  I think that what I really want is an option to hide 
fields with CONSTANT_VALUE attributes -- these are guaranteed to be 
uninteresting as they are immutable, compile time constants.  Whether or not 
this can be easily determined by the debugger is another question.

(20020215 stable build)</thetext>
          </long_desc>
          <long_desc isprivate="0">
            <commentid>28854</commentid>
            <who name="Darin Wright">darin.eclipse</who>
            <bug_when>2002-02-27 15:13:19 -0500</bug_when>
            <thetext>Point taken. Deferred currently.</thetext>
          </long_desc>
          <long_desc isprivate="0">
            <commentid>149317</commentid>
            <who name="Darin Wright">darin.eclipse</who>
            <bug_when>2003-03-20 22:13:53 -0500</bug_when>
            <thetext>This has been fixed in 2.1</thetext>
          </long_desc>
          <long_desc isprivate="0">
            <commentid>149318</commentid>
            <who name="Darin Wright">darin.eclipse</who>
            <bug_when>2003-03-20 22:14:52 -0500</bug_when>
            <thetext>We now have &quot;Show Constants&quot; and &quot;Show Statics&quot;. Final fields will show up all 
the time. The static/final intersetion is handled by &quot;Show Constants&quot;.</thetext>
          </long_desc>
          <long_desc isprivate="0">
            <commentid>149319</commentid>
            <who name="Darin Wright">darin.eclipse</who>
            <bug_when>2003-03-20 22:15:03 -0500</bug_when>
            <thetext>Verified.</thetext>
          </long_desc>
      
      

    </bug>

</bugzilla>