<?xml version="1.0" encoding="UTF-8" standalone="yes" ?>


<bugzilla version="4.2.1"
          urlbase="https://bugs.eclipse.org/bugs/"
          
          maintainer="webmaster@eclipse.org"
>

    <bug>
          <bug_id>10304</bug_id>
          
          <creation_ts>2002-02-26 15:25:00 -0500</creation_ts>
          <short_desc>Autoconf: Problem executing the touch command on cygwin</short_desc>
          <delta_ts>2009-01-09 14:10:23 -0500</delta_ts>
          <reporter_accessible>1</reporter_accessible>
          <cclist_accessible>1</cclist_accessible>
          <classification_id>4</classification_id>
          <classification>Tools</classification>
          <product>CDT</product>
          <component>cdt-other</component>
          <version>1.0</version>
          <rep_platform>PC</rep_platform>
          <op_sys>Windows 2000</op_sys>
          <bug_status>RESOLVED</bug_status>
          <resolution>FIXED</resolution>
          
          
          <bug_file_loc></bug_file_loc>
          <status_whiteboard></status_whiteboard>
          <keywords></keywords>
          <priority>P3</priority>
          <bug_severity>normal</bug_severity>
          <target_milestone>---</target_milestone>
          
          
          <everconfirmed>1</everconfirmed>
          <reporter name="Yasser Elmankabady">eyasser</reporter>
          <assigned_to name="Yasser Elmankabady">eyasser</assigned_to>
          
          
          <votes>0</votes>

      

      

      

          <long_desc isprivate="0">
            <commentid>28317</commentid>
            <who name="Yasser Elmankabady">eyasser</who>
            <bug_when>2002-02-26 15:25:30 -0500</bug_when>
            <thetext>A Problem when executing Autoconf-&gt; Generate configure action. The command 
tries to execute &quot;sh -c touch -m configure&quot;, but the command is not accepted by 
cygwin.</thetext>
          </long_desc>
          <long_desc isprivate="0">
            <commentid>28319</commentid>
            <who name="Yasser Elmankabady">eyasser</who>
            <bug_when>2002-02-26 15:26:16 -0500</bug_when>
            <thetext>Changed the command to be &quot;sh -c &apos;touch -m configure&apos;&quot;</thetext>
          </long_desc>
      
      

    </bug>

</bugzilla>