<?xml version="1.0" encoding="UTF-8" standalone="yes" ?>


<bugzilla version="4.2.1"
          urlbase="https://bugs.eclipse.org/bugs/"
          
          maintainer="webmaster@eclipse.org"
>

    <bug>
          <bug_id>10608</bug_id>
          
          <creation_ts>2002-03-01 14:51:00 -0500</creation_ts>
          <short_desc>Checkout does not overwrite existing directory</short_desc>
          <delta_ts>2002-05-23 21:20:52 -0400</delta_ts>
          <reporter_accessible>1</reporter_accessible>
          <cclist_accessible>1</cclist_accessible>
          <classification_id>2</classification_id>
          <classification>Eclipse</classification>
          <product>Platform</product>
          <component>Team</component>
          <version>2.0</version>
          <rep_platform>PC</rep_platform>
          <op_sys>Windows 2000</op_sys>
          <bug_status>RESOLVED</bug_status>
          <resolution>FIXED</resolution>
          
          
          <bug_file_loc></bug_file_loc>
          <status_whiteboard></status_whiteboard>
          <keywords></keywords>
          <priority>P5</priority>
          <bug_severity>normal</bug_severity>
          <target_milestone>2.0 M6</target_milestone>
          
          
          <everconfirmed>1</everconfirmed>
          <reporter name="Michael Valenta">Michael_Valenta</reporter>
          <assigned_to name="Kevin McGuire">Kevin_McGuire</assigned_to>
          
          
          <votes>0</votes>

      

      

      

          <long_desc isprivate="0">
            <commentid>29531</commentid>
            <who name="Michael Valenta">Michael_Valenta</who>
            <bug_when>2002-03-01 14:51:15 -0500</bug_when>
            <thetext>If a checkout from the repositorie view is done over an existing diretory that 
is not a project, the contents of the directory are not scrubbed.</thetext>
          </long_desc>
          <long_desc isprivate="0">
            <commentid>30749</commentid>
            <who name="Kevin McGuire">Kevin_McGuire</who>
            <bug_when>2002-03-06 22:37:27 -0500</bug_when>
            <thetext>Isn&apos;t that an error anyway?  It would mean the project wasn&apos;t managed but a 
subfolder was.</thetext>
          </long_desc>
          <long_desc isprivate="0">
            <commentid>30874</commentid>
            <who name="Michael Valenta">Michael_Valenta</who>
            <bug_when>2002-03-07 09:29:39 -0500</bug_when>
            <thetext>To clearify, if there is a directory that exists at the location that is the 
target for a checkout and this directory is not know to Eclipse, this directory 
is not scrubbed.</thetext>
          </long_desc>
          <long_desc isprivate="0">
            <commentid>50956</commentid>
            <who name="Michael Valenta">Michael_Valenta</who>
            <bug_when>2002-05-07 22:13:43 -0400</bug_when>
            <thetext>This was fixed a while ago</thetext>
          </long_desc>
      
      

    </bug>

</bugzilla>