<?xml version="1.0" encoding="UTF-8" standalone="yes" ?>


<bugzilla version="4.2.1"
          urlbase="https://bugs.eclipse.org/bugs/"
          
          maintainer="webmaster@eclipse.org"
>

    <bug>
          <bug_id>10461</bug_id>
          
          <creation_ts>2002-02-28 02:43:00 -0500</creation_ts>
          <short_desc>Please make Property Dialog resizable</short_desc>
          <delta_ts>2002-05-14 17:04:10 -0400</delta_ts>
          <reporter_accessible>1</reporter_accessible>
          <cclist_accessible>1</cclist_accessible>
          <classification_id>2</classification_id>
          <classification>Eclipse</classification>
          <product>Platform</product>
          <component>UI</component>
          <version>2.0</version>
          <rep_platform>All</rep_platform>
          <op_sys>All</op_sys>
          <bug_status>RESOLVED</bug_status>
          <resolution>FIXED</resolution>
          
          
          <bug_file_loc></bug_file_loc>
          <status_whiteboard></status_whiteboard>
          <keywords></keywords>
          <priority>P3</priority>
          <bug_severity>enhancement</bug_severity>
          <target_milestone>---</target_milestone>
          
          
          <everconfirmed>1</everconfirmed>
          <reporter name="Marco">marco.litto</reporter>
          <assigned_to name="Randy Giffen">Randy_Giffen</assigned_to>
          
          
          <votes>0</votes>

      

      

      

          <long_desc isprivate="0">
            <commentid>29014</commentid>
            <who name="Marco">marco.litto</who>
            <bug_when>2002-02-28 02:43:03 -0500</bug_when>
            <thetext>Hello,

in the Properties Dialog for a Project the Build Path is displayed in a list.
If the pathes are rather long, one has to extensively use the horizontal 
scrollbar.

Is it possible to make the Property Dialog resizable?

Regards

Marco Litto</thetext>
          </long_desc>
          <long_desc isprivate="0">
            <commentid>29044</commentid>
            <who name="DJ Houghton">dj_houghton</who>
            <bug_when>2002-02-28 07:33:10 -0500</bug_when>
            <thetext>Moving to Platform/UI.</thetext>
          </long_desc>
          <long_desc isprivate="0">
            <commentid>53564</commentid>
            <who name="Randy Giffen">Randy_Giffen</who>
            <bug_when>2002-05-14 17:04:10 -0400</bug_when>
            <thetext>It is now resizeable</thetext>
          </long_desc>
      
      

    </bug>

</bugzilla>