<?xml version="1.0" encoding="UTF-8" standalone="yes" ?>


<bugzilla version="4.2.1"
          urlbase="https://bugs.eclipse.org/bugs/"
          
          maintainer="webmaster@eclipse.org"
>

    <bug>
          <bug_id>10024</bug_id>
          
          <creation_ts>2002-02-20 15:39:00 -0500</creation_ts>
          <short_desc>JDTCompilerAdapter  ignores -nowarn and deprecation off.</short_desc>
          <delta_ts>2002-02-22 12:26:10 -0500</delta_ts>
          <reporter_accessible>1</reporter_accessible>
          <cclist_accessible>1</cclist_accessible>
          <classification_id>2</classification_id>
          <classification>Eclipse</classification>
          <product>Platform</product>
          <component>Resources</component>
          <version>2.0</version>
          <rep_platform>PC</rep_platform>
          <op_sys>Windows 2000</op_sys>
          <bug_status>RESOLVED</bug_status>
          <resolution>DUPLICATE</resolution>
          <dup_id>10047</dup_id>
          
          <bug_file_loc></bug_file_loc>
          <status_whiteboard></status_whiteboard>
          <keywords></keywords>
          <priority>P3</priority>
          <bug_severity>normal</bug_severity>
          <target_milestone>---</target_milestone>
          
          
          <everconfirmed>1</everconfirmed>
          <reporter name="John Landers">jcl</reporter>
          <assigned_to name="DJ Houghton">dj_houghton</assigned_to>
          
          
          <votes>0</votes>

      

      

      

          <long_desc isprivate="0">
            <commentid>27534</commentid>
            <who name="John Landers">jcl</who>
            <bug_when>2002-02-20 15:39:04 -0500</bug_when>
            <thetext>In the source file JDTCompilerAdapter after checking all the options
from ant it then specifically adds in all the warn options.
&quot;-warn:contructorName,packageDefaultMethod,maskedCatchBlocks,deprecation&quot;.

If a nowarn option is passed in from ant javac element these should
not be turned on.
-nowarn in the Eclipse compiler states it is equivalent to -warn:non.

This would make it possible to build with ant without warnings. 
I know about deprecation already in our source code.

thanks,

jcl.</thetext>
          </long_desc>
          <long_desc isprivate="0">
            <commentid>27680</commentid>
            <who name="DJ Houghton">dj_houghton</who>
            <bug_when>2002-02-22 12:26:10 -0500</bug_when>
            <thetext>

*** This bug has been marked as a duplicate of 10047 ***</thetext>
          </long_desc>
      
      

    </bug>

</bugzilla>