<?xml version="1.0" encoding="UTF-8" standalone="yes" ?>


<bugzilla version="4.2.1"
          urlbase="https://bugs.eclipse.org/bugs/"
          
          maintainer="webmaster@eclipse.org"
>

    <bug>
          <bug_id>10253</bug_id>
          
          <creation_ts>2002-02-26 10:07:00 -0500</creation_ts>
          <short_desc>EC: Banners not showing on SuSE 7.3</short_desc>
          <delta_ts>2002-11-12 14:23:16 -0500</delta_ts>
          <reporter_accessible>1</reporter_accessible>
          <cclist_accessible>1</cclist_accessible>
          <classification_id>2</classification_id>
          <classification>Eclipse</classification>
          <product>Platform</product>
          <component>SWT</component>
          <version>2.0</version>
          <rep_platform>PC</rep_platform>
          <op_sys>Linux-Motif</op_sys>
          <bug_status>RESOLVED</bug_status>
          <resolution>WORKSFORME</resolution>
          
          
          <bug_file_loc></bug_file_loc>
          <status_whiteboard></status_whiteboard>
          <keywords></keywords>
          <priority>P3</priority>
          <bug_severity>normal</bug_severity>
          <target_milestone>---</target_milestone>
          
          
          <everconfirmed>1</everconfirmed>
          <reporter name="Grant Gayed">grant_gayed</reporter>
          <assigned_to name="Grant Gayed">grant_gayed</assigned_to>
          <cc>cisco</cc>
    
    <cc>eelissee</cc>
          
          <votes>0</votes>

      

      

      

          <long_desc isprivate="0">
            <commentid>28034</commentid>
            <who name="Grant Gayed">grant_gayed</who>
            <bug_when>2002-02-26 10:07:51 -0500</bug_when>
            <thetext>Eclipse 1.0 Linux/Motif:
When running on SuSE 7.3 the banner text is missing.
For example, if you do File&gt;New&gt;Project, you get a &quot;New Project&quot; window
that is supposed to have the text &quot;Select&quot; on top; is you select a
simple project and click &quot;next&quot;, the text would be &quot;Project&quot; and so on.
This text is missing completely when running on SuSE 7.3 - I see some
dots arranged in neat rectangles instead.
When I tried to change the banner font in
Window&gt;Preferences&gt;Workbench&gt;Fonts&gt;Change,  the field in the &quot;Font&quot;
window that is supposed to show a sample of the font, shows me same
rectangles. Choosing a different font results only in displaying
different kind of rectangles.
This problem is not present when running on SuSE 7.1 or 7.2.
Why it is not working on 7.3?</thetext>
          </long_desc>
          <long_desc isprivate="0">
            <commentid>28035</commentid>
            <who name="Grant Gayed">grant_gayed</who>
            <bug_when>2002-02-26 10:08:40 -0500</bug_when>
            <thetext>I don&apos;t know if anyone here is running on SuSE 7.3.  I&apos;ll look into this...
</thetext>
          </long_desc>
          <long_desc isprivate="0">
            <commentid>85824</commentid>
            <who name="Grant Gayed">grant_gayed</who>
            <bug_when>2002-08-13 15:55:43 -0400</bug_when>
            <thetext>This sounds like a problem with fonts.  Does it still happen with the 2.0 
release?  Default font selection and the font dialog have undergone some 
changes in the meantime.
</thetext>
          </long_desc>
          <long_desc isprivate="0">
            <commentid>103950</commentid>
            <who name="Grant Gayed">grant_gayed</who>
            <bug_when>2002-11-12 14:23:16 -0500</bug_when>
            <thetext>Closing.  If this still happens for you with the M3 2.1 stream build (should be 
available as of tomorrow) then please reopen.
</thetext>
          </long_desc>
      
      

    </bug>

</bugzilla>