<?xml version="1.0" encoding="UTF-8" standalone="yes" ?>


<bugzilla version="4.2.1"
          urlbase="https://bugs.eclipse.org/bugs/"
          
          maintainer="webmaster@eclipse.org"
>

    <bug>
          <bug_id>10548</bug_id>
          
          <creation_ts>2002-02-28 18:06:00 -0500</creation_ts>
          <short_desc>Ever growing root properties file</short_desc>
          <delta_ts>2002-03-06 13:09:11 -0500</delta_ts>
          <reporter_accessible>1</reporter_accessible>
          <cclist_accessible>1</cclist_accessible>
          <classification_id>2</classification_id>
          <classification>Eclipse</classification>
          <product>Platform</product>
          <component>Resources</component>
          <version>2.0</version>
          <rep_platform>PC</rep_platform>
          <op_sys>Windows 2000</op_sys>
          <bug_status>RESOLVED</bug_status>
          <resolution>FIXED</resolution>
          
          
          <bug_file_loc></bug_file_loc>
          <status_whiteboard></status_whiteboard>
          <keywords></keywords>
          <priority>P3</priority>
          <bug_severity>normal</bug_severity>
          <target_milestone>2.0 M4</target_milestone>
          
          
          <everconfirmed>1</everconfirmed>
          <reporter name="John Arthorne">john_arthorne</reporter>
          <assigned_to name="DJ Houghton">dj_houghton</assigned_to>
          
          
          <votes>0</votes>

      

      

      

          <long_desc isprivate="0">
            <commentid>29357</commentid>
            <who name="John Arthorne">john_arthorne</who>
            <bug_when>2002-02-28 18:06:14 -0500</bug_when>
            <thetext>build 20020214

The properties file for the workspace root seems to always be growing.  One user 
reported that this file was 14MB after three months of use!!  In my current 
workspace it is about 250KB, and it&apos;s just repeated definitions of the java 
classpath variables.</thetext>
          </long_desc>
          <long_desc isprivate="0">
            <commentid>30615</commentid>
            <who name="John Arthorne">john_arthorne</who>
            <bug_when>2002-03-06 13:09:11 -0500</bug_when>
            <thetext>I&apos;ve found the bug.  The problem and solution are discussed in the context of 
the local history in bug 3068.  The error is in PropertyStore.basicUpdate.

Old code:

ObjectID oldID = cursor.getValueAsObjectID();
ObjectID newValueId = store.createObject(value);
cursor.updateValue(newValueId);

New code:

ObjectID oldID = cursor.getValueAsObjectID();
store.removeObject(oldID);
ObjectID newValueId = store.createObject(value);
cursor.updateValue(newValueId);

In the old code, we weren&apos;t deleting the object, just the cursor.

Fixed by me and double-checked by Rodrigo.  Closing.</thetext>
          </long_desc>
      
      

    </bug>

</bugzilla>