<?xml version="1.0" encoding="UTF-8" standalone="yes" ?>


<bugzilla version="4.2.1"
          urlbase="https://bugs.eclipse.org/bugs/"
          
          maintainer="webmaster@eclipse.org"
>

    <bug>
          <bug_id>10159</bug_id>
          
          <creation_ts>2002-02-25 09:21:00 -0500</creation_ts>
          <short_desc>[CVS Core EXTSSH] SSH Error messages lost</short_desc>
          <delta_ts>2002-09-25 19:38:44 -0400</delta_ts>
          <reporter_accessible>1</reporter_accessible>
          <cclist_accessible>1</cclist_accessible>
          <classification_id>2</classification_id>
          <classification>Eclipse</classification>
          <product>Platform</product>
          <component>Team</component>
          <version>2.0</version>
          <rep_platform>PC</rep_platform>
          <op_sys>Windows 2000</op_sys>
          <bug_status>RESOLVED</bug_status>
          <resolution>DUPLICATE</resolution>
          <dup_id>11633</dup_id>
          
          <bug_file_loc></bug_file_loc>
          <status_whiteboard></status_whiteboard>
          <keywords></keywords>
          <priority>P3</priority>
          <bug_severity>normal</bug_severity>
          <target_milestone>2.1</target_milestone>
          
          
          <everconfirmed>1</everconfirmed>
          <reporter name="Michael Valenta">Michael_Valenta</reporter>
          <assigned_to name="Platform-VCM-Inbox">platform-vcm-inbox</assigned_to>
          <cc>jean-michel_lemieux</cc>
    
    <cc>ljb</cc>
          
          <votes>0</votes>

      

      

      

          <long_desc isprivate="0">
            <commentid>27784</commentid>
            <who name="Michael Valenta">Michael_Valenta</who>
            <bug_when>2002-02-25 09:21:27 -0500</bug_when>
            <thetext>When connecting using ext and ssh (or extssh in some cases), errors do not 
occur until after something is sent over the connection (although, it is 
possible that a response is send but we&apos;re not reading it!!!). Therefore, we 
start parsing the error message as a reponse and the printed message makes no 
sense! (e.g. &quot;Unsupported response Could received from server&quot;).</thetext>
          </long_desc>
          <long_desc isprivate="0">
            <commentid>27949</commentid>
            <who name="Jean-Michel Lemieux">jean-michel_lemieux</who>
            <bug_when>2002-02-25 17:11:52 -0500</bug_when>
            <thetext>Yes, this happens with ext connections. When an error occurs we should read 
the remaining input and add to the exception.</thetext>
          </long_desc>
          <long_desc isprivate="0">
            <commentid>53026</commentid>
            <who name="Michael Valenta">Michael_Valenta</who>
            <bug_when>2002-05-13 15:33:31 -0400</bug_when>
            <thetext>*** Bug 15729 has been marked as a duplicate of this bug. ***</thetext>
          </long_desc>
          <long_desc isprivate="0">
            <commentid>94886</commentid>
            <who name="Michael Valenta">Michael_Valenta</who>
            <bug_when>2002-09-25 19:38:44 -0400</bug_when>
            <thetext>

*** This bug has been marked as a duplicate of 11633 ***</thetext>
          </long_desc>
      
      

    </bug>

</bugzilla>