<?xml version="1.0" encoding="UTF-8" standalone="yes" ?>


<bugzilla version="4.2.1"
          urlbase="https://bugs.eclipse.org/bugs/"
          
          maintainer="webmaster@eclipse.org"
>

    <bug>
          <bug_id>10247</bug_id>
          
          <creation_ts>2002-02-26 08:25:00 -0500</creation_ts>
          <short_desc>Template - code assist ends template editing</short_desc>
          <delta_ts>2002-03-20 09:21:51 -0500</delta_ts>
          <reporter_accessible>1</reporter_accessible>
          <cclist_accessible>1</cclist_accessible>
          <classification_id>2</classification_id>
          <classification>Eclipse</classification>
          <product>JDT</product>
          <component>UI</component>
          <version>2.0</version>
          <rep_platform>PC</rep_platform>
          <op_sys>Windows 2000</op_sys>
          <bug_status>VERIFIED</bug_status>
          <resolution>FIXED</resolution>
          
          
          <bug_file_loc></bug_file_loc>
          <status_whiteboard></status_whiteboard>
          <keywords></keywords>
          <priority>P2</priority>
          <bug_severity>critical</bug_severity>
          <target_milestone>2.0 M5</target_milestone>
          
          
          <everconfirmed>1</everconfirmed>
          <reporter name="Dirk Baeumer">dirk_baeumer</reporter>
          <assigned_to name="Claude Knaus">Claude_Knaus</assigned_to>
          
          
          <votes>0</votes>

      

      

      

          <long_desc isprivate="0">
            <commentid>28011</commentid>
            <who name="Dirk Baeumer">dirk_baeumer</who>
            <bug_when>2002-02-26 08:25:20 -0500</bug_when>
            <thetext>Build &gt; 20020214.1

Create the following class

import java.util.List;

public class T {
	public List getList() {
		return null;
	}
	
	public void foo() {
		T t= null;
		for                     &lt;= code assist
	}
}

- select for - iterate over collection
- press tab
- type t.get &lt;= code assist
- select getList
observe: template editing gets ended.</thetext>
          </long_desc>
          <long_desc isprivate="0">
            <commentid>31237</commentid>
            <who name="Erich Gamma">erich_gamma</who>
            <bug_when>2002-03-08 06:58:05 -0500</bug_when>
            <thetext>I think I remember that this has worked previously. Is this ia regression?</thetext>
          </long_desc>
          <long_desc isprivate="0">
            <commentid>31255</commentid>
            <who name="Claude Knaus">Claude_Knaus</who>
            <bug_when>2002-03-08 08:45:08 -0500</bug_when>
            <thetext>looks like a regression.</thetext>
          </long_desc>
          <long_desc isprivate="0">
            <commentid>33740</commentid>
            <who name="Claude Knaus">Claude_Knaus</who>
            <bug_when>2002-03-19 06:09:55 -0500</bug_when>
            <thetext>fixed &gt; 20020319.
Method completion w/ argument guessing no longer uses linked positions.</thetext>
          </long_desc>
          <long_desc isprivate="0">
            <commentid>34342</commentid>
            <who name="Martin Aeschlimann">martin_aeschlimann</who>
            <bug_when>2002-03-20 09:21:51 -0500</bug_when>
            <thetext>Verified. &gt;20020319. JRT.</thetext>
          </long_desc>
      
      

    </bug>

</bugzilla>