<?xml version="1.0" encoding="UTF-8" standalone="yes" ?>


<bugzilla version="4.2.1"
          urlbase="https://bugs.eclipse.org/bugs/"
          
          maintainer="webmaster@eclipse.org"
>

    <bug>
          <bug_id>10255</bug_id>
          
          <creation_ts>2002-02-26 10:33:00 -0500</creation_ts>
          <short_desc>Single click launching should not be the default</short_desc>
          <delta_ts>2002-02-28 10:44:51 -0500</delta_ts>
          <reporter_accessible>1</reporter_accessible>
          <cclist_accessible>1</cclist_accessible>
          <classification_id>2</classification_id>
          <classification>Eclipse</classification>
          <product>Platform</product>
          <component>Debug</component>
          <version>2.0</version>
          <rep_platform>PC</rep_platform>
          <op_sys>Windows 2000</op_sys>
          <bug_status>VERIFIED</bug_status>
          <resolution>FIXED</resolution>
          
          
          <bug_file_loc></bug_file_loc>
          <status_whiteboard></status_whiteboard>
          <keywords></keywords>
          <priority>P1</priority>
          <bug_severity>normal</bug_severity>
          <target_milestone>2.0 M4</target_milestone>
          
          
          <everconfirmed>1</everconfirmed>
          <reporter name="Erich Gamma">erich_gamma</reporter>
          <assigned_to name="Darin Wright">darin.eclipse</assigned_to>
          
          
          <votes>0</votes>

      

      

      

          <long_desc isprivate="0">
            <commentid>28038</commentid>
            <who name="Erich Gamma">erich_gamma</who>
            <bug_when>2002-02-26 10:33:03 -0500</bug_when>
            <thetext>Single click launching is an advanced feature and it should be turned  off by 
default.

Also, how exactly is it determined when the Launch Configuration dialog shows 
up and when is a launch done directly? It wasn&apos;t intuitive to me as a user.</thetext>
          </long_desc>
          <long_desc isprivate="0">
            <commentid>28332</commentid>
            <who name="Darin Swanson">Darin_Swanson</who>
            <bug_when>2002-02-26 15:31:11 -0500</bug_when>
            <thetext>The default for single click launching has been set to false.</thetext>
          </long_desc>
          <long_desc isprivate="0">
            <commentid>28895</commentid>
            <who name="Darin Wright">darin.eclipse</who>
            <bug_when>2002-02-27 16:50:45 -0500</bug_when>
            <thetext>To be verified.</thetext>
          </long_desc>
          <long_desc isprivate="0">
            <commentid>29103</commentid>
            <who name="Darin Wright">darin.eclipse</who>
            <bug_when>2002-02-28 10:44:51 -0500</bug_when>
            <thetext>Verified.</thetext>
          </long_desc>
      
      

    </bug>

</bugzilla>