<?xml version="1.0" encoding="UTF-8" standalone="yes" ?>


<bugzilla version="4.2.1"
          urlbase="https://bugs.eclipse.org/bugs/"
          
          maintainer="webmaster@eclipse.org"
>

    <bug>
          <bug_id>10299</bug_id>
          
          <creation_ts>2002-02-26 14:41:00 -0500</creation_ts>
          <short_desc>Exception when deleting repository location</short_desc>
          <delta_ts>2002-04-30 09:59:09 -0400</delta_ts>
          <reporter_accessible>1</reporter_accessible>
          <cclist_accessible>1</cclist_accessible>
          <classification_id>2</classification_id>
          <classification>Eclipse</classification>
          <product>Platform</product>
          <component>Resources</component>
          <version>2.0</version>
          <rep_platform>PC</rep_platform>
          <op_sys>Windows 2000</op_sys>
          <bug_status>RESOLVED</bug_status>
          <resolution>FIXED</resolution>
          
          
          <bug_file_loc></bug_file_loc>
          <status_whiteboard></status_whiteboard>
          <keywords></keywords>
          <priority>P3</priority>
          <bug_severity>normal</bug_severity>
          <target_milestone>2.0 M6</target_milestone>
          
          
          <everconfirmed>1</everconfirmed>
          <reporter name="Ian Petersen">Ian_Petersen</reporter>
          <assigned_to name="John Arthorne">john_arthorne</assigned_to>
          
          
          <votes>0</votes>

      

      

      

          <long_desc isprivate="0">
            <commentid>28247</commentid>
            <who name="Ian Petersen">Ian_Petersen</who>
            <bug_when>2002-02-26 14:41:48 -0500</bug_when>
            <thetext>Build: 20020214

Description:
I&apos;m using the new Team 2.0 plugin.

I tried to delete the following repository location and got the stack dump 
that&apos;s included at the bottom.

Connection type: extssh
User name: ipeterse
Password: &lt;I gave the correct one&gt;
Host: ottcvs1
Use Default Port &lt;checked&gt;
Repository path: /home/cvs/desktop

I was able to reproduce it with another username/password for the same 
repository, but I haven&apos;t tried any other repositories.

Stack dump:
Log: Tue Feb 26 14:33:17 EST 2002
4 org.eclipse.core.runtime 5 Unable to write to authorization database: 
d:\eclipse20020214\.metadata\.keyring.
java.io.IOException: Access is denied
	at java.io.Win32FileSystem.createFileExclusively(Native Method)
	at java.io.File.createNewFile(File.java:697)
	at org.eclipse.core.internal.runtime.AuthorizationDatabase.save
(AuthorizationDatabase.java:267)
	at 
org.eclipse.core.internal.runtime.InternalPlatform.flushAuthorizationInfo
(InternalPlatform.java:277)
	at org.eclipse.core.runtime.Platform.flushAuthorizationInfo
(Platform.java:218)
	at 
org.eclipse.team.internal.ccvs.core.connection.CVSRepositoryLocation.flushCache
(CVSRepositoryLocation.java:143)
	at 
org.eclipse.team.internal.ccvs.core.connection.CVSRepositoryLocation.dispose
(CVSRepositoryLocation.java:135)
	at org.eclipse.team.internal.ccvs.core.CVSProvider.disposeRepository
(CVSProvider.java:253)
	at org.eclipse.team.internal.ccvs.ui.actions.RemoveRootAction$1.run
(RemoveRootAction.java:106)
	at org.eclipse.jface.operation.ModalContext$ModalContextThread.run
(ModalContext.java:98)</thetext>
          </long_desc>
          <long_desc isprivate="0">
            <commentid>28363</commentid>
            <who name="James Moody">James_Moody</who>
            <bug_when>2002-02-26 16:31:36 -0500</bug_when>
            <thetext>Looks like a core bug.</thetext>
          </long_desc>
          <long_desc isprivate="0">
            <commentid>41536</commentid>
            <who name="DJ Houghton">dj_houghton</who>
            <bug_when>2002-04-11 14:30:09 -0400</bug_when>
            <thetext>Check the code in AuthorizationDatabase.save(). Had a quick look around and 
that looks like the only place where we might be leaving the file open. (if 
there is a problem saving)</thetext>
          </long_desc>
          <long_desc isprivate="0">
            <commentid>47758</commentid>
            <who name="John Arthorne">john_arthorne</who>
            <bug_when>2002-04-30 09:59:09 -0400</bug_when>
            <thetext>Fixed the probable cause.  AuthorizationDatabase.save did not close the file 
output stream in a finally block, so failures while writing would leave the file 
open.</thetext>
          </long_desc>
      
      

    </bug>

</bugzilla>