<?xml version="1.0" encoding="UTF-8" standalone="yes" ?>


<bugzilla version="4.2.1"
          urlbase="https://bugs.eclipse.org/bugs/"
          
          maintainer="webmaster@eclipse.org"
>

    <bug>
          <bug_id>10590</bug_id>
          
          <creation_ts>2002-03-01 11:30:00 -0500</creation_ts>
          <short_desc>GTK Version  / Tree View blanks...</short_desc>
          <delta_ts>2002-04-17 17:16:11 -0400</delta_ts>
          <reporter_accessible>1</reporter_accessible>
          <cclist_accessible>1</cclist_accessible>
          <classification_id>2</classification_id>
          <classification>Eclipse</classification>
          <product>Platform</product>
          <component>SWT</component>
          <version>2.0</version>
          <rep_platform>PC</rep_platform>
          <op_sys>Linux</op_sys>
          <bug_status>RESOLVED</bug_status>
          <resolution>FIXED</resolution>
          
          
          <bug_file_loc></bug_file_loc>
          <status_whiteboard></status_whiteboard>
          <keywords></keywords>
          <priority>P3</priority>
          <bug_severity>normal</bug_severity>
          <target_milestone>---</target_milestone>
          
          
          <everconfirmed>1</everconfirmed>
          <reporter name="oliver jehle">oj</reporter>
          <assigned_to name="Boris Shingarov">bshingar</assigned_to>
          
          
          <votes>0</votes>

      

      

      

          <long_desc isprivate="0">
            <commentid>29480</commentid>
            <who name="oliver jehle">oj</who>
            <bug_when>2002-03-01 11:30:18 -0500</bug_when>
            <thetext>when you select a item in the tree view for example in java/packages, the whole
list will be white after... i have to switch to another panel and back to see
the entries... 

Versions used:

SuSE 7.3 
ibm jdk 1.3.0
gtk-1.2.10-101</thetext>
          </long_desc>
          <long_desc isprivate="0">
            <commentid>42304</commentid>
            <who name="Ben Drasin">bdrasin</who>
            <bug_when>2002-04-13 15:28:19 -0400</bug_when>
            <thetext>I have this problem as well,

Red Hat Linux 7.2
KDE 2.2-11
Sun JDK 1.4
gtk 1x
</thetext>
          </long_desc>
          <long_desc isprivate="0">
            <commentid>42636</commentid>
            <who name="Boris Shingarov">bshingar</who>
            <bug_when>2002-04-15 13:09:15 -0400</bug_when>
            <thetext>This is fixed in the 2.0 stream.</thetext>
          </long_desc>
          <long_desc isprivate="0">
            <commentid>43867</commentid>
            <who name="Boris Shingarov">bshingar</who>
            <bug_when>2002-04-17 17:16:11 -0400</bug_when>
            <thetext>Verified:  this does not happen in 2.0.</thetext>
          </long_desc>
      
      

    </bug>

</bugzilla>