<?xml version="1.0" encoding="UTF-8" standalone="yes" ?>


<bugzilla version="4.2.1"
          urlbase="https://bugs.eclipse.org/bugs/"
          
          maintainer="webmaster@eclipse.org"
>

    <bug>
          <bug_id>10022</bug_id>
          
          <creation_ts>2002-02-20 12:02:00 -0500</creation_ts>
          <short_desc>Incorrect &quot;Build&quot; popup action enablement</short_desc>
          <delta_ts>2002-04-18 08:46:58 -0400</delta_ts>
          <reporter_accessible>1</reporter_accessible>
          <cclist_accessible>1</cclist_accessible>
          <classification_id>2</classification_id>
          <classification>Eclipse</classification>
          <product>JDT</product>
          <component>UI</component>
          <version>1.0</version>
          <rep_platform>PC</rep_platform>
          <op_sys>Windows NT</op_sys>
          <bug_status>RESOLVED</bug_status>
          <resolution>FIXED</resolution>
          
          
          <bug_file_loc></bug_file_loc>
          <status_whiteboard></status_whiteboard>
          <keywords></keywords>
          <priority>P2</priority>
          <bug_severity>minor</bug_severity>
          <target_milestone>---</target_milestone>
          
          
          <everconfirmed>1</everconfirmed>
          <reporter name="Mazen Faraj">mfaraj</reporter>
          <assigned_to name="Dirk Baeumer">dirk_baeumer</assigned_to>
          <cc>peter_burka</cc>
          
          <votes>0</votes>

      

      

      

          <long_desc isprivate="0">
            <commentid>27523</commentid>
            <who name="Mazen Faraj">mfaraj</who>
            <bug_when>2002-02-20 12:02:36 -0500</bug_when>
            <thetext>If &quot;Build&quot; action in the context sensitive popup menu in the Java perspective 
is always enabled. Even if the user goes to Preferences -&gt; Workbench and 
selects &quot;Perform build automatically on resource modification&quot; the build menu 
option still appears in the Java popup menus.

I believe this is incorrect. No need for a manual build if the build is already 
done, automatically.

Mazen Faraj.</thetext>
          </long_desc>
          <long_desc isprivate="0">
            <commentid>35960</commentid>
            <who name="Erich Gamma">erich_gamma</who>
            <bug_when>2002-03-25 06:03:52 -0500</bug_when>
            <thetext>we are inconsistent with the workbench here. the build action should not be 
contributed when auto build is on. </thetext>
          </long_desc>
          <long_desc isprivate="0">
            <commentid>37478</commentid>
            <who name="Erich Gamma">erich_gamma</who>
            <bug_when>2002-03-30 07:51:31 -0500</bug_when>
            <thetext>*** Bug 12240 has been marked as a duplicate of this bug. ***</thetext>
          </long_desc>
          <long_desc isprivate="0">
            <commentid>44067</commentid>
            <who name="Dirk Baeumer">dirk_baeumer</who>
            <bug_when>2002-04-18 08:46:58 -0400</bug_when>
            <thetext>Fixed in build &gt; I20020416</thetext>
          </long_desc>
      
      

    </bug>

</bugzilla>