<?xml version="1.0" encoding="UTF-8" standalone="yes" ?>


<bugzilla version="4.2.1"
          urlbase="https://bugs.eclipse.org/bugs/"
          
          maintainer="webmaster@eclipse.org"
>

    <bug>
          <bug_id>10252</bug_id>
          
          <creation_ts>2002-02-26 10:07:00 -0500</creation_ts>
          <short_desc>Class StandardVM doubles fields from super class</short_desc>
          <delta_ts>2007-05-18 18:19:33 -0400</delta_ts>
          <reporter_accessible>1</reporter_accessible>
          <cclist_accessible>1</cclist_accessible>
          <classification_id>2</classification_id>
          <classification>Eclipse</classification>
          <product>JDT</product>
          <component>Debug</component>
          <version>2.0</version>
          <rep_platform>PC</rep_platform>
          <op_sys>Windows 2000</op_sys>
          <bug_status>VERIFIED</bug_status>
          <resolution>FIXED</resolution>
          
          
          <bug_file_loc></bug_file_loc>
          <status_whiteboard></status_whiteboard>
          <keywords></keywords>
          <priority>P2</priority>
          <bug_severity>normal</bug_severity>
          <target_milestone>2.0 M4</target_milestone>
          
          <blocked>115765</blocked>
          <everconfirmed>1</everconfirmed>
          <reporter name="Dirk Baeumer">dirk_baeumer</reporter>
          <assigned_to name="Darin Wright">darin.eclipse</assigned_to>
          
          
          <votes>0</votes>

      

      

      

          <long_desc isprivate="0">
            <commentid>28033</commentid>
            <who name="Dirk Baeumer">dirk_baeumer</who>
            <bug_when>2002-02-26 10:07:35 -0500</bug_when>
            <thetext> </thetext>
          </long_desc>
          <long_desc isprivate="0">
            <commentid>28358</commentid>
            <who name="Darin Swanson">Darin_Swanson</who>
            <bug_when>2002-02-26 16:15:35 -0500</bug_when>
            <thetext>Fixed.
Please verify.</thetext>
          </long_desc>
          <long_desc isprivate="0">
            <commentid>28844</commentid>
            <who name="Darin Wright">darin.eclipse</who>
            <bug_when>2002-02-27 15:02:38 -0500</bug_when>
            <thetext>verified.</thetext>
          </long_desc>
      
      

    </bug>

</bugzilla>