<?xml version="1.0" encoding="UTF-8" standalone="yes" ?>


<bugzilla version="4.2.1"
          urlbase="https://bugs.eclipse.org/bugs/"
          
          maintainer="webmaster@eclipse.org"
>

    <bug>
          <bug_id>10174</bug_id>
          
          <creation_ts>2002-02-25 11:33:00 -0500</creation_ts>
          <short_desc>Strange elements in Parsed-files view</short_desc>
          <delta_ts>2009-01-09 14:09:11 -0500</delta_ts>
          <reporter_accessible>1</reporter_accessible>
          <cclist_accessible>1</cclist_accessible>
          <classification_id>4</classification_id>
          <classification>Tools</classification>
          <product>CDT</product>
          <component>cdt-other</component>
          <version>1.0</version>
          <rep_platform>PC</rep_platform>
          <op_sys>Linux</op_sys>
          <bug_status>CLOSED</bug_status>
          <resolution>FIXED</resolution>
          
          
          <bug_file_loc></bug_file_loc>
          <status_whiteboard></status_whiteboard>
          <keywords></keywords>
          <priority>P3</priority>
          <bug_severity>major</bug_severity>
          <target_milestone>1.0 - Release</target_milestone>
          
          
          <everconfirmed>1</everconfirmed>
          <reporter name="Enrique Varillas">enriquev</reporter>
          <assigned_to name="Jeff Turnham">turnham</assigned_to>
          
          
          <votes>0</votes>

      

      

      

          <long_desc isprivate="0">
            <commentid>27825</commentid>
            <who name="Enrique Varillas">enriquev</who>
            <bug_when>2002-02-25 11:33:46 -0500</bug_when>
            <thetext>(This a known bug but it is here so it can be tracked)
After parsing a project, go to the Parse Files view and change the filter to
&quot;All&quot;. You will not only see files but also 2 strange elements:
&quot;Built-in Types&quot; and &quot;Unresolved Types&quot;. Need to hide these two elements.</thetext>
          </long_desc>
          <long_desc isprivate="0">
            <commentid>28167</commentid>
            <who name="David McKnight">dmcknigh</who>
            <bug_when>2002-02-26 13:18:30 -0500</bug_when>
            <thetext>Jeff, my first impression is that this is because these elements are visible 
when they shouldn&apos;t be.  If this is really a UI thing, then give this back to 
me.</thetext>
          </long_desc>
          <long_desc isprivate="0">
            <commentid>28178</commentid>
            <who name="Jeff Turnham">turnham</who>
            <bug_when>2002-02-26 13:42:38 -0500</bug_when>
            <thetext>Yes this is my problem...I will fix this...</thetext>
          </long_desc>
          <long_desc isprivate="0">
            <commentid>36075</commentid>
            <who name="Jeff Turnham">turnham</who>
            <bug_when>2002-03-25 10:40:44 -0500</bug_when>
            <thetext>Dave put a fix for this in.  Basically when the filter was set to &quot;all&quot; the 
depth (what we use to mark some elements invisible) was not being checked.
</thetext>
          </long_desc>
          <long_desc isprivate="0">
            <commentid>36076</commentid>
            <who name="Jeff Turnham">turnham</who>
            <bug_when>2002-03-25 10:40:57 -0500</bug_when>
            <thetext>Closing</thetext>
          </long_desc>
      
      

    </bug>

</bugzilla>