<?xml version="1.0" encoding="UTF-8" standalone="yes" ?>


<bugzilla version="4.2.1"
          urlbase="https://bugs.eclipse.org/bugs/"
          
          maintainer="webmaster@eclipse.org"
>

    <bug>
          <bug_id>10369</bug_id>
          
          <creation_ts>2002-02-26 23:54:00 -0500</creation_ts>
          <short_desc>Tutorial - Datastore plugin writer</short_desc>
          <delta_ts>2003-06-25 06:55:34 -0400</delta_ts>
          <reporter_accessible>1</reporter_accessible>
          <cclist_accessible>1</cclist_accessible>
          <classification_id>4</classification_id>
          <classification>Tools</classification>
          <product>CDT</product>
          <component>cdt-doc</component>
          <version>2.0</version>
          <rep_platform>All</rep_platform>
          <op_sys>All</op_sys>
          <bug_status>RESOLVED</bug_status>
          <resolution>WONTFIX</resolution>
          
          
          <bug_file_loc></bug_file_loc>
          <status_whiteboard></status_whiteboard>
          <keywords></keywords>
          <priority>P3</priority>
          <bug_severity>enhancement</bug_severity>
          <target_milestone>2.0 - Release</target_milestone>
          
          
          <everconfirmed>1</everconfirmed>
          <reporter name="Brian Thomson">thomson</reporter>
          <assigned_to name="David McKnight">dmcknigh</assigned_to>
          
          
          <votes>0</votes>

      

      

      

          <long_desc isprivate="0">
            <commentid>28434</commentid>
            <who name="Brian Thomson">thomson</who>
            <bug_when>2002-02-26 23:54:30 -0500</bug_when>
            <thetext>Tutorial - Datastore plugin writer.  Explain the steps to interface the client
DataStore APIs by writing a sample Eclipse plugin to make use of a sample miner.</thetext>
          </long_desc>
          <long_desc isprivate="0">
            <commentid>169033</commentid>
            <who name="Sebastien Marineau">sebastien</who>
            <bug_when>2003-06-25 06:55:34 -0400</bug_when>
            <thetext>This applies to old CDT, closing as part of cleanup.</thetext>
          </long_desc>
      
      

    </bug>

</bugzilla>