<?xml version="1.0" encoding="UTF-8" standalone="yes" ?>


<bugzilla version="4.2.1"
          urlbase="https://bugs.eclipse.org/bugs/"
          
          maintainer="webmaster@eclipse.org"
>

    <bug>
          <bug_id>10452</bug_id>
          
          <creation_ts>2002-02-27 17:57:00 -0500</creation_ts>
          <short_desc>Target Platform pref page - select all/Not in workspace - bad toggle selection</short_desc>
          <delta_ts>2002-02-27 18:45:39 -0500</delta_ts>
          <reporter_accessible>1</reporter_accessible>
          <cclist_accessible>1</cclist_accessible>
          <classification_id>2</classification_id>
          <classification>Eclipse</classification>
          <product>PDE</product>
          <component>UI</component>
          <version>2.0</version>
          <rep_platform>PC</rep_platform>
          <op_sys>Windows 2000</op_sys>
          <bug_status>RESOLVED</bug_status>
          <resolution>FIXED</resolution>
          
          
          <bug_file_loc></bug_file_loc>
          <status_whiteboard></status_whiteboard>
          <keywords></keywords>
          <priority>P3</priority>
          <bug_severity>minor</bug_severity>
          <target_milestone>---</target_milestone>
          
          
          <everconfirmed>1</everconfirmed>
          <reporter name="Pat McCarthy">patmc</reporter>
          <assigned_to name="Dejan Glozic">dejan</assigned_to>
          
          
          <votes>0</votes>

      

      

      

          <long_desc isprivate="0">
            <commentid>28940</commentid>
            <who name="Pat McCarthy">patmc</who>
            <bug_when>2002-02-27 17:57:21 -0500</bug_when>
            <thetext>If you go to the target platform pref page and hit the buttons in this order:
Reload, Select all, Not in workspace - the text says 48 selected - but no 
toggles are selected in the list of plugins.</thetext>
          </long_desc>
          <long_desc isprivate="0">
            <commentid>28958</commentid>
            <who name="Dejan Glozic">dejan</who>
            <bug_when>2002-02-27 18:45:39 -0500</bug_when>
            <thetext>I have just noticed this problem myself (BTW, you just need to 
do &apos;Reload&apos;, &apos;Not in workspace&apos; sequence). I fixed it in the current code 
stream - will appear in the next build.</thetext>
          </long_desc>
      
      

    </bug>

</bugzilla>