<?xml version="1.0" encoding="UTF-8" standalone="yes" ?>


<bugzilla version="4.2.1"
          urlbase="https://bugs.eclipse.org/bugs/"
          
          maintainer="webmaster@eclipse.org"
>

    <bug>
          <bug_id>10212</bug_id>
          
          <creation_ts>2002-02-25 16:19:00 -0500</creation_ts>
          <short_desc>Runtime Workbench does not load documentation plugins (non java plugins) from the workspace.</short_desc>
          <delta_ts>2002-04-16 16:28:24 -0400</delta_ts>
          <reporter_accessible>1</reporter_accessible>
          <cclist_accessible>1</cclist_accessible>
          <classification_id>2</classification_id>
          <classification>Eclipse</classification>
          <product>PDE</product>
          <component>UI</component>
          <version>2.0</version>
          <rep_platform>PC</rep_platform>
          <op_sys>Windows 2000</op_sys>
          <bug_status>RESOLVED</bug_status>
          <resolution>FIXED</resolution>
          
          
          <bug_file_loc></bug_file_loc>
          <status_whiteboard></status_whiteboard>
          <keywords></keywords>
          <priority>P2</priority>
          <bug_severity>major</bug_severity>
          <target_milestone>---</target_milestone>
          
          
          <everconfirmed>1</everconfirmed>
          <reporter name="Konrad Kolosowski">konradk</reporter>
          <assigned_to name="Dejan Glozic">dejan</assigned_to>
          
          
          <votes>0</votes>

      

      

      

          <long_desc isprivate="0">
            <commentid>27917</commentid>
            <who name="Konrad Kolosowski">konradk</who>
            <bug_when>2002-02-25 16:19:23 -0500</bug_when>
            <thetext>20020214

1. Setup selfhosting (do not import documentation plugins).
2. Load documentation plugins from the repository into your workspace.
3. Launch runtime workbench.  Help bookshelf is empty.  Notice, none of the 
documentation plugin is present in the plugin registry.</thetext>
          </long_desc>
          <long_desc isprivate="0">
            <commentid>28069</commentid>
            <who name="Vlad Klicnik">klicnik</who>
            <bug_when>2002-02-26 11:20:16 -0500</bug_when>
            <thetext>PDE does not recognize the documentation plugins in the workspace. I load the 
doc projects from repo. In the Preferences&gt; Target Platforms if I click 
&quot;Not In Workspace&quot; the doc plugins do not get deselected (which is what I was 
expecting). When I launch (with wizard), I have no way of selecting the doc 
plugins in workspace ... they do not appear on the list. This needs to work (did 
in R1.0) in order to allow hosting of doc development in Eclipse.</thetext>
          </long_desc>
          <long_desc isprivate="0">
            <commentid>28126</commentid>
            <who name="Dejan Glozic">dejan</who>
            <bug_when>2002-02-26 12:23:21 -0500</bug_when>
            <thetext>In 1.0, PDE was only working with external plug-ins. External plug-ins are 
coming from the core runtime and it parses every plugin.xml or fragment.xml 
found in the plugin path.

In 2.0, we use workspace plug-ins a lot (either from repository or binary). In 
both cases, PDE creates a plug-in model object for each &apos;interesting&apos; project 
and works with them. The criteria for the &apos;interesting&apos; project is:

1) Project has a Java nature
2) Project contains plugin.xml or fragment.xml at the root

Documentation projects do not fulfull condition 1), hence PDE does not 
recognize them. In 1.0, PDE used to be even more restrictive, adding a 
condition 3) that project has to have a PDE nature. This was relaxed in 2.0.

I am reluctant to change the rule 1) because it is a good way of filtering all 
kinds of projects and only look at those that are most likely to be plug-in 
projects.

We have two options to solve this problem:

1) Make documentation projects PDE or Java projects
2) Relax PDE rules so that it creates a model object for any project, no matter 
what nature, that contains a manifest file at its root.

Solution 2) is somewhat risky because the current PDE design assumes Java 
capabilities of plug-in projects. A numer of checks would have to be made to 
Java-related processing for plug-in projects without Java nature.
</thetext>
          </long_desc>
          <long_desc isprivate="0">
            <commentid>43239</commentid>
            <who name="Dejan Glozic">dejan</who>
            <bug_when>2002-04-16 16:28:24 -0400</bug_when>
            <thetext>PDE now supports non-Java plug-ins. It recognizes them and allows you to make 
dependencies and launch, but Java features (update classpath etc.) are not 
available.</thetext>
          </long_desc>
      
      

    </bug>

</bugzilla>