<?xml version="1.0" encoding="UTF-8" standalone="yes" ?>


<bugzilla version="4.2.1"
          urlbase="https://bugs.eclipse.org/bugs/"
          
          maintainer="webmaster@eclipse.org"
>

    <bug>
          <bug_id>10156</bug_id>
          
          <creation_ts>2002-02-25 09:11:00 -0500</creation_ts>
          <short_desc>CVSROOT/Emptydir shold not appear in Sharing dialog</short_desc>
          <delta_ts>2002-08-13 09:13:01 -0400</delta_ts>
          <reporter_accessible>1</reporter_accessible>
          <cclist_accessible>1</cclist_accessible>
          <classification_id>2</classification_id>
          <classification>Eclipse</classification>
          <product>Platform</product>
          <component>Team</component>
          <version>2.0</version>
          <rep_platform>PC</rep_platform>
          <op_sys>Windows 2000</op_sys>
          <bug_status>RESOLVED</bug_status>
          <resolution>DUPLICATE</resolution>
          <dup_id>22337</dup_id>
          
          <bug_file_loc></bug_file_loc>
          <status_whiteboard></status_whiteboard>
          <keywords></keywords>
          <priority>P3</priority>
          <bug_severity>minor</bug_severity>
          <target_milestone>---</target_milestone>
          
          
          <everconfirmed>1</everconfirmed>
          <reporter name="Michael Valenta">Michael_Valenta</reporter>
          <assigned_to name="Kevin McGuire">Kevin_McGuire</assigned_to>
          
          
          <votes>0</votes>

      

      

      

          <long_desc isprivate="0">
            <commentid>27778</commentid>
            <who name="Michael Valenta">Michael_Valenta</who>
            <bug_when>2002-02-25 09:11:08 -0500</bug_when>
            <thetext>From newsgroup:

another thing:
when i click on Team-&gt;Share
 the &quot;Connect Project to Repository&quot; dialogue says

&quot;module:    CVSROOT/Emptydir&quot;

which is sort of strange, since the name of my moduel is, say &quot;proj1&quot;  and
it is defined in the CVS modules file. althought there is no &quot;real&quot; path
with the name &quot;proj1&quot; in the CVS repository, since it is a &quot;virtual&quot;
module, consiting of several other &quot;real&quot; CVS modules.

bodo

&quot;CVSROOT/Emptydir&quot; is how CVS identifies a local directory that has no 
corresponding remote directory but contains sub-directories that are also 
shared with the CVS repository. The sharing operation still succeeds and you 
can still work with the module. The sharing dialog should display a more 
appropriate description</thetext>
          </long_desc>
          <long_desc isprivate="0">
            <commentid>41895</commentid>
            <who name="Kevin McGuire">Kevin_McGuire</who>
            <bug_when>2002-04-12 10:28:25 -0400</bug_when>
            <thetext>redesigned, no longer occurs</thetext>
          </long_desc>
          <long_desc isprivate="0">
            <commentid>41906</commentid>
            <who name="Michael Valenta">Michael_Valenta</who>
            <bug_when>2002-04-12 10:41:04 -0400</bug_when>
            <thetext>This still can occur if you&apos;ve checked out a module defines in the modules 
file. </thetext>
          </long_desc>
          <long_desc isprivate="0">
            <commentid>43777</commentid>
            <who name="Kevin McGuire">Kevin_McGuire</who>
            <bug_when>2002-04-17 15:48:03 -0400</bug_when>
            <thetext>post 2.0</thetext>
          </long_desc>
          <long_desc isprivate="0">
            <commentid>85687</commentid>
            <who name="Michael Valenta">Michael_Valenta</who>
            <bug_when>2002-08-13 09:12:48 -0400</bug_when>
            <thetext>Reopening to mark as duplicate</thetext>
          </long_desc>
          <long_desc isprivate="0">
            <commentid>85688</commentid>
            <who name="Michael Valenta">Michael_Valenta</who>
            <bug_when>2002-08-13 09:13:01 -0400</bug_when>
            <thetext>

*** This bug has been marked as a duplicate of 22337 ***</thetext>
          </long_desc>
      
      

    </bug>

</bugzilla>