<?xml version="1.0" encoding="UTF-8" standalone="yes" ?>


<bugzilla version="4.2.1"
          urlbase="https://bugs.eclipse.org/bugs/"
          
          maintainer="webmaster@eclipse.org"
>

    <bug>
          <bug_id>10385</bug_id>
          
          <creation_ts>2002-02-27 09:24:00 -0500</creation_ts>
          <short_desc>&apos;open&apos; does nothing on .html from jar</short_desc>
          <delta_ts>2002-07-23 08:43:41 -0400</delta_ts>
          <reporter_accessible>1</reporter_accessible>
          <cclist_accessible>1</cclist_accessible>
          <classification_id>2</classification_id>
          <classification>Eclipse</classification>
          <product>JDT</product>
          <component>UI</component>
          <version>2.0</version>
          <rep_platform>PC</rep_platform>
          <op_sys>Windows 2000</op_sys>
          <bug_status>RESOLVED</bug_status>
          <resolution>DUPLICATE</resolution>
          <dup_id>19056</dup_id>
          
          <bug_file_loc></bug_file_loc>
          <status_whiteboard></status_whiteboard>
          <keywords></keywords>
          <priority>P3</priority>
          <bug_severity>normal</bug_severity>
          <target_milestone>---</target_milestone>
          
          
          <everconfirmed>1</everconfirmed>
          <reporter name="Adam Kiezun">akiezun</reporter>
          <assigned_to name="Erich Gamma">erich_gamma</assigned_to>
          
          
          <votes>0</votes>

      

      

      

          <long_desc isprivate="0">
            <commentid>28593</commentid>
            <who name="Adam Kiezun">akiezun</who>
            <bug_when>2002-02-27 09:24:11 -0500</bug_when>
            <thetext>try opening a .html file from a jar - nothing happens</thetext>
          </long_desc>
          <long_desc isprivate="0">
            <commentid>30143</commentid>
            <who name="Erich Gamma">erich_gamma</who>
            <bug_when>2002-03-05 09:26:53 -0500</bug_when>
            <thetext>there is no editor that can handle HTML contents INSIDE a JAR. Fixing this 
requires additional workbench support. Not for 2.0.</thetext>
          </long_desc>
          <long_desc isprivate="0">
            <commentid>81216</commentid>
            <who name="Dirk Baeumer">dirk_baeumer</who>
            <bug_when>2002-07-23 08:43:27 -0400</bug_when>
            <thetext>Reopening</thetext>
          </long_desc>
          <long_desc isprivate="0">
            <commentid>81217</commentid>
            <who name="Dirk Baeumer">dirk_baeumer</who>
            <bug_when>2002-07-23 08:43:41 -0400</bug_when>
            <thetext>

*** This bug has been marked as a duplicate of 19056 ***</thetext>
          </long_desc>
      
      

    </bug>

</bugzilla>