<?xml version="1.0" encoding="UTF-8" standalone="yes" ?>


<bugzilla version="4.2.1"
          urlbase="https://bugs.eclipse.org/bugs/"
          
          maintainer="webmaster@eclipse.org"
>

    <bug>
          <bug_id>106</bug_id>
          
          <creation_ts>2001-10-10 21:36:00 -0400</creation_ts>
          <short_desc>Layout odd with &quot;Ignore resources&quot; pref page (1GEM2TO)</short_desc>
          <delta_ts>2002-05-02 14:47:45 -0400</delta_ts>
          <reporter_accessible>1</reporter_accessible>
          <cclist_accessible>1</cclist_accessible>
          <classification_id>2</classification_id>
          <classification>Eclipse</classification>
          <product>Platform</product>
          <component>Team</component>
          <version>2.0</version>
          <rep_platform>All</rep_platform>
          <op_sys>All</op_sys>
          <bug_status>RESOLVED</bug_status>
          <resolution>INVALID</resolution>
          
          
          <bug_file_loc></bug_file_loc>
          <status_whiteboard></status_whiteboard>
          <keywords></keywords>
          <priority>P5</priority>
          <bug_severity>normal</bug_severity>
          <target_milestone>---</target_milestone>
          
          
          <everconfirmed>1</everconfirmed>
          <reporter name="Kevin McGuire">Kevin_McGuire</reporter>
          <assigned_to name="James Moody">James_Moody</assigned_to>
          
          
          <votes>0</votes>

      

      

      

          <long_desc isprivate="0">
            <commentid>112</commentid>
            <who name="Kevin McGuire">Kevin_McGuire</who>
            <bug_when>2001-10-10 21:36:32 -0400</bug_when>
            <thetext>The &quot;ingore resources&quot; page has the list box far down in the dialog.

NOTES:

JEM (5/31/01 7:14:41 PM)
	Hmm, it was fine when I wrote it.

JEM (6/1/01 10:41:28 AM)
	Fixed

JEM (6/4/01 9:53:51 AM)
	Did this fix not get in? Still looks odd.</thetext>
          </long_desc>
          <long_desc isprivate="0">
            <commentid>6419</commentid>
            <who name="DJ Houghton">dj_houghton</who>
            <bug_when>2001-10-23 23:43:07 -0400</bug_when>
            <thetext>PRODUCT VERSION:

116

</thetext>
          </long_desc>
          <long_desc isprivate="0">
            <commentid>45799</commentid>
            <who name="Kevin McGuire">Kevin_McGuire</who>
            <bug_when>2002-04-23 16:00:31 -0400</bug_when>
            <thetext>looks ok on win
</thetext>
          </long_desc>
          <long_desc isprivate="0">
            <commentid>49242</commentid>
            <who name="James Moody">James_Moody</who>
            <bug_when>2002-05-02 14:47:45 -0400</bug_when>
            <thetext>Closing.</thetext>
          </long_desc>
      
      

    </bug>

</bugzilla>