<?xml version="1.0" encoding="UTF-8" standalone="yes" ?>


<bugzilla version="4.2.1"
          urlbase="https://bugs.eclipse.org/bugs/"
          
          maintainer="webmaster@eclipse.org"
>

    <bug>
          <bug_id>10620</bug_id>
          
          <creation_ts>2002-03-01 16:45:00 -0500</creation_ts>
          <short_desc>Inconsistent menu treatement of new (unadded) resources</short_desc>
          <delta_ts>2002-03-01 17:01:51 -0500</delta_ts>
          <reporter_accessible>1</reporter_accessible>
          <cclist_accessible>1</cclist_accessible>
          <classification_id>2</classification_id>
          <classification>Eclipse</classification>
          <product>Platform</product>
          <component>Team</component>
          <version>2.0</version>
          <rep_platform>PC</rep_platform>
          <op_sys>All</op_sys>
          <bug_status>RESOLVED</bug_status>
          <resolution>INVALID</resolution>
          
          
          <bug_file_loc></bug_file_loc>
          <status_whiteboard></status_whiteboard>
          <keywords></keywords>
          <priority>P3</priority>
          <bug_severity>normal</bug_severity>
          <target_milestone>2.0 M4</target_milestone>
          
          
          <everconfirmed>1</everconfirmed>
          <reporter name="Kevin McGuire">Kevin_McGuire</reporter>
          <assigned_to name="James Moody">James_Moody</assigned_to>
          
          
          <votes>0</votes>

      

      

      

          <long_desc isprivate="0">
            <commentid>29568</commentid>
            <who name="Kevin McGuire">Kevin_McGuire</who>
            <bug_when>2002-03-01 16:45:13 -0500</bug_when>
            <thetext>If you create a new resource in a managed project, but don&apos;t add the resource, 
you can still Show in Resource History.

I guess this is handy if you deleted the resource previously and have just 
recreated it.

However, you can&apos;t &quot;Compare with Revision&quot; or &quot;Replace with Revision&quot;.</thetext>
          </long_desc>
          <long_desc isprivate="0">
            <commentid>29572</commentid>
            <who name="James Moody">James_Moody</who>
            <bug_when>2002-03-01 17:01:51 -0500</bug_when>
            <thetext>Duplicate bug, we should have more consistent enablement of actions depending on
whether the resources are (a) unadded, (b) added but not committed and (c)
committed.</thetext>
          </long_desc>
      
      

    </bug>

</bugzilla>