<?xml version="1.0" encoding="UTF-8" standalone="yes" ?>


<bugzilla version="4.2.1"
          urlbase="https://bugs.eclipse.org/bugs/"
          
          maintainer="webmaster@eclipse.org"
>

    <bug>
          <bug_id>10555</bug_id>
          
          <creation_ts>2002-02-28 19:45:00 -0500</creation_ts>
          <short_desc>Refactor: Extract Method gets brackets ({) wrong</short_desc>
          <delta_ts>2002-07-23 08:57:19 -0400</delta_ts>
          <reporter_accessible>1</reporter_accessible>
          <cclist_accessible>1</cclist_accessible>
          <classification_id>2</classification_id>
          <classification>Eclipse</classification>
          <product>JDT</product>
          <component>UI</component>
          <version>2.0</version>
          <rep_platform>PC</rep_platform>
          <op_sys>Windows 2000</op_sys>
          <bug_status>RESOLVED</bug_status>
          <resolution>WORKSFORME</resolution>
          
          
          <bug_file_loc></bug_file_loc>
          <status_whiteboard></status_whiteboard>
          <keywords></keywords>
          <priority>P3</priority>
          <bug_severity>normal</bug_severity>
          <target_milestone>---</target_milestone>
          <dependson>9443</dependson>
          
          <everconfirmed>1</everconfirmed>
          <reporter name="David Corbin">dcorbin</reporter>
          <assigned_to name="Erich Gamma">erich_gamma</assigned_to>
          
          
          <votes>0</votes>

      

      

      

          <long_desc isprivate="0">
            <commentid>29370</commentid>
            <who name="David Corbin">dcorbin</who>
            <bug_when>2002-02-28 19:45:29 -0500</bug_when>
            <thetext>I extracted a method, and despite my preference setting (&quot;Insert a new line
before an open brace&quot;), the method is formatted with the opening brace at the
end of the method declaration.</thetext>
          </long_desc>
          <long_desc isprivate="0">
            <commentid>29742</commentid>
            <who name="Olivier Thomann">Olivier_Thomann</who>
            <bug_when>2002-03-04 08:56:40 -0500</bug_when>
            <thetext>Not a JDT/Core issue.
Move to JDT/UI.</thetext>
          </long_desc>
          <long_desc isprivate="0">
            <commentid>29766</commentid>
            <who name="Dirk Baeumer">dirk_baeumer</who>
            <bug_when>2002-03-04 09:41:34 -0500</bug_when>
            <thetext>Currently we don&apos;t use the formatter in those cases since we try to keep the 
formatting of the code we extracted. We have to investigate how we can 
partially format new code.


This is an issue we want to solve after 2.0. See also bug 9443</thetext>
          </long_desc>
          <long_desc isprivate="0">
            <commentid>81226</commentid>
            <who name="Dirk Baeumer">dirk_baeumer</who>
            <bug_when>2002-07-23 08:56:49 -0400</bug_when>
            <thetext>Reopening</thetext>
          </long_desc>
          <long_desc isprivate="0">
            <commentid>81227</commentid>
            <who name="Dirk Baeumer">dirk_baeumer</who>
            <bug_when>2002-07-23 08:57:19 -0400</bug_when>
            <thetext>Got fixed for 2.0</thetext>
          </long_desc>
      
      

    </bug>

</bugzilla>