<?xml version="1.0" encoding="UTF-8" standalone="yes" ?>


<bugzilla version="4.2.1"
          urlbase="https://bugs.eclipse.org/bugs/"
          
          maintainer="webmaster@eclipse.org"
>

    <bug>
          <bug_id>10479</bug_id>
          
          <creation_ts>2002-02-28 10:35:00 -0500</creation_ts>
          <short_desc>[CVS UI] AddToWorkspaceAction should use a list</short_desc>
          <delta_ts>2005-05-06 16:16:40 -0400</delta_ts>
          <reporter_accessible>1</reporter_accessible>
          <cclist_accessible>1</cclist_accessible>
          <classification_id>2</classification_id>
          <classification>Eclipse</classification>
          <product>Platform</product>
          <component>Team</component>
          <version>2.0</version>
          <rep_platform>All</rep_platform>
          <op_sys>All</op_sys>
          <bug_status>RESOLVED</bug_status>
          <resolution>WONTFIX</resolution>
          
          
          <bug_file_loc></bug_file_loc>
          <status_whiteboard></status_whiteboard>
          <keywords></keywords>
          <priority>P3</priority>
          <bug_severity>enhancement</bug_severity>
          <target_milestone>---</target_milestone>
          
          
          <everconfirmed>1</everconfirmed>
          <reporter name="James Moody">James_Moody</reporter>
          <assigned_to name="Platform-VCM-Inbox">platform-vcm-inbox</assigned_to>
          
          
          <votes>0</votes>

      

      

      

          <long_desc isprivate="0">
            <commentid>29097</commentid>
            <who name="James Moody">James_Moody</who>
            <bug_when>2002-02-28 10:35:02 -0500</bug_when>
            <thetext>...instead of &quot;Yes&quot;, &quot;Yes To All&quot; and &quot;Cancel&quot;.</thetext>
          </long_desc>
          <long_desc isprivate="0">
            <commentid>445050</commentid>
            <who name="Michael Valenta">Michael_Valenta</who>
            <bug_when>2005-05-06 16:16:40 -0400</bug_when>
            <thetext>This bug has not been touched in 2 years. Closing as WONTFIX. If you feel this 
bug is important, feel free to reopen it.</thetext>
          </long_desc>
      
      

    </bug>

</bugzilla>