<?xml version="1.0" encoding="UTF-8" standalone="yes" ?>


<bugzilla version="4.2.1"
          urlbase="https://bugs.eclipse.org/bugs/"
          
          maintainer="webmaster@eclipse.org"
>

    <bug>
          <bug_id>10180</bug_id>
          
          <creation_ts>2002-02-25 11:46:00 -0500</creation_ts>
          <short_desc>Compare preference Text entry not accessible</short_desc>
          <delta_ts>2009-08-30 02:42:07 -0400</delta_ts>
          <reporter_accessible>1</reporter_accessible>
          <cclist_accessible>1</cclist_accessible>
          <classification_id>2</classification_id>
          <classification>Eclipse</classification>
          <product>JDT</product>
          <component>UI</component>
          <version>2.0</version>
          <rep_platform>PC</rep_platform>
          <op_sys>Windows 2000</op_sys>
          <bug_status>RESOLVED</bug_status>
          <resolution>WONTFIX</resolution>
          
          
          <bug_file_loc></bug_file_loc>
          <status_whiteboard></status_whiteboard>
          <keywords>accessibility</keywords>
          <priority>P3</priority>
          <bug_severity>normal</bug_severity>
          <target_milestone>---</target_milestone>
          
          
          <everconfirmed>1</everconfirmed>
          <reporter name="Tod Creasey">Tod_Creasey</reporter>
          <assigned_to name="JDT-UI-Inbox">jdt-ui-inbox</assigned_to>
          
          
          <votes>0</votes>

      

      

      

          <long_desc isprivate="0">
            <commentid>27834</commentid>
            <who name="Tod Creasey">Tod_Creasey</who>
            <bug_when>2002-02-25 11:46:12 -0500</bug_when>
            <thetext>The Text Font label is not accessible as it is a label with no associated 
control and will not be read by JAWS . It should be in a Group labelled Text 
Font with the font value and the change button in it.</thetext>
          </long_desc>
          <long_desc isprivate="0">
            <commentid>28444</commentid>
            <who name="Andre Weinand">andre_weinand</who>
            <bug_when>2002-02-27 04:41:31 -0500</bug_when>
            <thetext>Kai, may be we could change the WorkbenchChainedTextFontFieldEditor to support 
the suggested structure somehow?</thetext>
          </long_desc>
          <long_desc isprivate="0">
            <commentid>32791</commentid>
            <who name="Tod Creasey">Tod_Creasey</who>
            <bug_when>2002-03-14 13:28:01 -0500</bug_when>
            <thetext>Defer. Font and colour editors do not require support to work with JAWS as they 
are not required for the vision impaired.</thetext>
          </long_desc>
          <long_desc isprivate="0">
            <commentid>1586677</commentid>
            <who name="Eclipse Webmaster">webmaster</who>
            <bug_when>2009-08-30 02:42:07 -0400</bug_when>
            <thetext>As of now &apos;LATER&apos; and &apos;REMIND&apos; resolutions are no longer supported.
Please reopen this bug if it is still valid for you.</thetext>
          </long_desc>
      
      

    </bug>

</bugzilla>