<?xml version="1.0" encoding="UTF-8" standalone="yes" ?>


<bugzilla version="4.2.1"
          urlbase="https://bugs.eclipse.org/bugs/"
          
          maintainer="webmaster@eclipse.org"
>

    <bug>
          <bug_id>10248</bug_id>
          
          <creation_ts>2002-02-26 08:34:00 -0500</creation_ts>
          <short_desc>Why isn&apos;t Ant running directly on &apos;run&apos; action ?</short_desc>
          <delta_ts>2002-05-06 16:53:21 -0400</delta_ts>
          <reporter_accessible>1</reporter_accessible>
          <cclist_accessible>1</cclist_accessible>
          <classification_id>2</classification_id>
          <classification>Eclipse</classification>
          <product>Platform</product>
          <component>Ant</component>
          <version>2.0</version>
          <rep_platform>PC</rep_platform>
          <op_sys>Windows 2000</op_sys>
          <bug_status>RESOLVED</bug_status>
          <resolution>DUPLICATE</resolution>
          <dup_id>15265</dup_id>
          
          <bug_file_loc></bug_file_loc>
          <status_whiteboard></status_whiteboard>
          <keywords></keywords>
          <priority>P3</priority>
          <bug_severity>normal</bug_severity>
          <target_milestone>---</target_milestone>
          
          
          <everconfirmed>1</everconfirmed>
          <reporter name="Philippe Mulet">philippe_mulet</reporter>
          <assigned_to name="DJ Houghton">dj_houghton</assigned_to>
          
          
          <votes>0</votes>

      

      

      

          <long_desc isprivate="0">
            <commentid>28012</commentid>
            <who name="Philippe Mulet">philippe_mulet</who>
            <bug_when>2002-02-26 08:34:13 -0500</bug_when>
            <thetext>Build 20020214

When using an Ant script inside a Java project, I am proposed to
either Run or Debug it or &apos;Run Ant&apos;. The latter one seems unnecessary, 
and it should simply use &apos;Run&apos; or &apos;Debug&apos; (if this makes sense).</thetext>
          </long_desc>
          <long_desc isprivate="0">
            <commentid>50370</commentid>
            <who name="Rodrigo Peretti">rodrigo_peretti</who>
            <bug_when>2002-05-06 16:53:21 -0400</bug_when>
            <thetext>

*** This bug has been marked as a duplicate of 15265 ***</thetext>
          </long_desc>
      
      

    </bug>

</bugzilla>