<?xml version="1.0" encoding="UTF-8" standalone="yes" ?>


<bugzilla version="4.2.1"
          urlbase="https://bugs.eclipse.org/bugs/"
          
          maintainer="webmaster@eclipse.org"
>

    <bug>
          <bug_id>10428</bug_id>
          
          <creation_ts>2002-02-27 15:20:00 -0500</creation_ts>
          <short_desc>Support converting to text new resources</short_desc>
          <delta_ts>2002-03-19 17:47:34 -0500</delta_ts>
          <reporter_accessible>1</reporter_accessible>
          <cclist_accessible>1</cclist_accessible>
          <classification_id>2</classification_id>
          <classification>Eclipse</classification>
          <product>Platform</product>
          <component>Team</component>
          <version>2.0</version>
          <rep_platform>PC</rep_platform>
          <op_sys>Windows 2000</op_sys>
          <bug_status>RESOLVED</bug_status>
          <resolution>FIXED</resolution>
          
          
          <bug_file_loc></bug_file_loc>
          <status_whiteboard></status_whiteboard>
          <keywords></keywords>
          <priority>P5</priority>
          <bug_severity>normal</bug_severity>
          <target_milestone>2.0 M4</target_milestone>
          
          
          <everconfirmed>1</everconfirmed>
          <reporter name="Kevin McGuire">Kevin_McGuire</reporter>
          <assigned_to name="Jean-Michel Lemieux">jean-michel_lemieux</assigned_to>
          
          
          <votes>0</votes>

      

      

      

          <long_desc isprivate="0">
            <commentid>28857</commentid>
            <who name="Kevin McGuire">Kevin_McGuire</who>
            <bug_when>2002-02-27 15:20:59 -0500</bug_when>
            <thetext>We should support converting to text new resources.

More complicated scenarios (requiring admin) later.</thetext>
          </long_desc>
          <long_desc isprivate="0">
            <commentid>34082</commentid>
            <who name="Kevin McGuire">Kevin_McGuire</who>
            <bug_when>2002-03-19 17:27:02 -0500</bug_when>
            <thetext>Specific bugs aside, I assume we can now close this?</thetext>
          </long_desc>
          <long_desc isprivate="0">
            <commentid>34096</commentid>
            <who name="Kevin McGuire">Kevin_McGuire</who>
            <bug_when>2002-03-19 17:47:34 -0500</bug_when>
            <thetext>Function is in.</thetext>
          </long_desc>
      
      

    </bug>

</bugzilla>