<?xml version="1.0" encoding="UTF-8" standalone="yes" ?>


<bugzilla version="4.2.1"
          urlbase="https://bugs.eclipse.org/bugs/"
          
          maintainer="webmaster@eclipse.org"
>

    <bug>
          <bug_id>10490</bug_id>
          
          <creation_ts>2002-02-28 11:29:00 -0500</creation_ts>
          <short_desc>Java Main tab invalidates on inner class</short_desc>
          <delta_ts>2002-03-07 11:50:29 -0500</delta_ts>
          <reporter_accessible>1</reporter_accessible>
          <cclist_accessible>1</cclist_accessible>
          <classification_id>2</classification_id>
          <classification>Eclipse</classification>
          <product>JDT</product>
          <component>Debug</component>
          <version>2.0</version>
          <rep_platform>PC</rep_platform>
          <op_sys>All</op_sys>
          <bug_status>VERIFIED</bug_status>
          <resolution>FIXED</resolution>
          
          
          <bug_file_loc></bug_file_loc>
          <status_whiteboard></status_whiteboard>
          <keywords></keywords>
          <priority>P3</priority>
          <bug_severity>normal</bug_severity>
          <target_milestone>2.0 M6</target_milestone>
          
          
          <everconfirmed>1</everconfirmed>
          <reporter name="Darin Swanson">Darin_Swanson</reporter>
          <assigned_to name="Darin Swanson">Darin_Swanson</assigned_to>
          
          
          <votes>0</votes>

      

      

      

          <long_desc isprivate="0">
            <commentid>29143</commentid>
            <who name="Darin Swanson">Darin_Swanson</who>
            <bug_when>2002-02-28 11:29:14 -0500</bug_when>
            <thetext>If you select Inner1 as the main class, the Java Main tab page will not let you 
launch.  The error message is &quot;Main type does not exist.&quot;

Source used:
public class Class1 {
	public static class Inner1 {
		public static void main(String[] arguments) {
			System.out.println(&quot;HEY&quot;);
		}
	}
}</thetext>
          </long_desc>
          <long_desc isprivate="0">
            <commentid>29144</commentid>
            <who name="Darin Swanson">Darin_Swanson</who>
            <bug_when>2002-02-28 11:30:03 -0500</bug_when>
            <thetext>The main type is displayed as Class1$Inner1. Changing to Class1.Inner1 things 
work correctly.</thetext>
          </long_desc>
          <long_desc isprivate="0">
            <commentid>30602</commentid>
            <who name="Darin Wright">darin.eclipse</who>
            <bug_when>2002-03-06 12:50:55 -0500</bug_when>
            <thetext>Fixed. Must specify inner types with &apos;$&apos;, or launching will not work (i.e. 
java/javaw require it).</thetext>
          </long_desc>
          <long_desc isprivate="0">
            <commentid>30603</commentid>
            <who name="Darin Wright">darin.eclipse</who>
            <bug_when>2002-03-06 12:51:05 -0500</bug_when>
            <thetext>Please verify.</thetext>
          </long_desc>
          <long_desc isprivate="0">
            <commentid>30972</commentid>
            <who name="Darin Swanson">Darin_Swanson</who>
            <bug_when>2002-03-07 11:50:29 -0500</bug_when>
            <thetext>Verified.</thetext>
          </long_desc>
      
      

    </bug>

</bugzilla>