<?xml version="1.0" encoding="UTF-8" standalone="yes" ?>


<bugzilla version="4.2.1"
          urlbase="https://bugs.eclipse.org/bugs/"
          
          maintainer="webmaster@eclipse.org"
>

    <bug>
          <bug_id>10394</bug_id>
          
          <creation_ts>2002-02-27 11:18:00 -0500</creation_ts>
          <short_desc>symbolic links upset JRE path</short_desc>
          <delta_ts>2002-06-04 05:56:09 -0400</delta_ts>
          <reporter_accessible>1</reporter_accessible>
          <cclist_accessible>1</cclist_accessible>
          <classification_id>2</classification_id>
          <classification>Eclipse</classification>
          <product>JDT</product>
          <component>Core</component>
          <version>2.0</version>
          <rep_platform>PC</rep_platform>
          <op_sys>Linux</op_sys>
          <bug_status>VERIFIED</bug_status>
          <resolution>WORKSFORME</resolution>
          
          
          <bug_file_loc></bug_file_loc>
          <status_whiteboard></status_whiteboard>
          <keywords></keywords>
          <priority>P4</priority>
          <bug_severity>normal</bug_severity>
          <target_milestone>2.0 F2</target_milestone>
          
          
          <everconfirmed>1</everconfirmed>
          <reporter name="John Tromp">tromp</reporter>
          <assigned_to name="Jerome Lanneluc">jerome_lanneluc</assigned_to>
          
          
          <votes>0</votes>

      

      

      

          <long_desc isprivate="0">
            <commentid>28691</commentid>
            <who name="John Tromp">tromp</who>
            <bug_when>2002-02-27 11:18:34 -0500</bug_when>
            <thetext>My IBMJava2-13 installation resides in /opt which is a symbolic link to /data/opt,
where /data is another partition mounted at boot time. Somehow, eclipse is unable
to resolve this link when I start a new java project and reports
Illegal library path. I can circumvent the problem by specifying the /data/opt
path, but it really should work with the symbolic link.</thetext>
          </long_desc>
          <long_desc isprivate="0">
            <commentid>28712</commentid>
            <who name="Philippe Mulet">philippe_mulet</who>
            <bug_when>2002-02-27 11:38:37 -0500</bug_when>
            <thetext>Which build are you running and which platform (Linux?) ?</thetext>
          </long_desc>
          <long_desc isprivate="0">
            <commentid>28725</commentid>
            <who name="John Tromp">tromp</who>
            <bug_when>2002-02-27 11:50:11 -0500</bug_when>
            <thetext>Eclipse build 20011206 running on Debian, kernel 2.4.17 (latest unstable)</thetext>
          </long_desc>
          <long_desc isprivate="0">
            <commentid>29338</commentid>
            <who name="Philippe Mulet">philippe_mulet</who>
            <bug_when>2002-02-28 17:21:06 -0500</bug_when>
            <thetext>David - once we get the new Linux machines, can you give it a try to see if you 
can reproduce it ?</thetext>
          </long_desc>
          <long_desc isprivate="0">
            <commentid>53299</commentid>
            <who name="Philippe Mulet">philippe_mulet</who>
            <bug_when>2002-05-14 09:05:03 -0400</bug_when>
            <thetext>Need to check before we ship. </thetext>
          </long_desc>
          <long_desc isprivate="0">
            <commentid>63439</commentid>
            <who name="Jerome Lanneluc">jerome_lanneluc</who>
            <bug_when>2002-05-30 11:35:31 -0400</bug_when>
            <thetext>Verified this is fixed.
Closing.</thetext>
          </long_desc>
          <long_desc isprivate="0">
            <commentid>67006</commentid>
            <who name="Jerome Lanneluc">jerome_lanneluc</who>
            <bug_when>2002-06-04 05:56:01 -0400</bug_when>
            <thetext>Verified</thetext>
          </long_desc>
      
      

    </bug>

</bugzilla>