<?xml version="1.0" encoding="UTF-8" standalone="yes" ?>


<bugzilla version="4.2.1"
          urlbase="https://bugs.eclipse.org/bugs/"
          
          maintainer="webmaster@eclipse.org"
>

    <bug>
          <bug_id>10520</bug_id>
          
          <creation_ts>2002-02-28 16:10:00 -0500</creation_ts>
          <short_desc>validateEdit is being called before validateSave on save</short_desc>
          <delta_ts>2002-02-28 17:02:37 -0500</delta_ts>
          <reporter_accessible>1</reporter_accessible>
          <cclist_accessible>1</cclist_accessible>
          <classification_id>2</classification_id>
          <classification>Eclipse</classification>
          <product>Platform</product>
          <component>Team</component>
          <version>2.0</version>
          <rep_platform>PC</rep_platform>
          <op_sys>Windows 2000</op_sys>
          <bug_status>RESOLVED</bug_status>
          <resolution>FIXED</resolution>
          
          
          <bug_file_loc></bug_file_loc>
          <status_whiteboard></status_whiteboard>
          <keywords></keywords>
          <priority>P1</priority>
          <bug_severity>major</bug_severity>
          <target_milestone>---</target_milestone>
          
          
          <everconfirmed>1</everconfirmed>
          <reporter name="Charles Rivet">crivet</reporter>
          <assigned_to name="Kevin McGuire">Kevin_McGuire</assigned_to>
          <cc>aprasad</cc>
          
          <votes>0</votes>

      

      

      

          <long_desc isprivate="0">
            <commentid>29287</commentid>
            <who name="Charles Rivet">crivet</who>
            <bug_when>2002-02-28 16:10:18 -0500</bug_when>
            <thetext>At &quot;File-&gt;Save&quot; time (Java editor), validateEdit() is being called before 
validateSave().  Why? I would expect validateEdit() only to be called when the 
first edit of the file is attempted.  &quot;File-Save&quot; would only call validateSave
().</thetext>
          </long_desc>
          <long_desc isprivate="0">
            <commentid>29322</commentid>
            <who name="Kevin McGuire">Kevin_McGuire</who>
            <bug_when>2002-02-28 17:02:37 -0500</bug_when>
            <thetext>Fixed in M3 build (Feb 15th).</thetext>
          </long_desc>
      
      

    </bug>

</bugzilla>