<?xml version="1.0" encoding="UTF-8" standalone="yes" ?>


<bugzilla version="4.2.1"
          urlbase="https://bugs.eclipse.org/bugs/"
          
          maintainer="webmaster@eclipse.org"
>

    <bug>
          <bug_id>10005</bug_id>
          
          <creation_ts>2002-02-19 13:45:00 -0500</creation_ts>
          <short_desc>InternalBootLoader will not work when directory name contains a space</short_desc>
          <delta_ts>2002-04-05 18:00:15 -0500</delta_ts>
          <reporter_accessible>1</reporter_accessible>
          <cclist_accessible>1</cclist_accessible>
          <classification_id>2</classification_id>
          <classification>Eclipse</classification>
          <product>Platform</product>
          <component>Resources</component>
          <version>2.0</version>
          <rep_platform>PC</rep_platform>
          <op_sys>Windows 2000</op_sys>
          <bug_status>RESOLVED</bug_status>
          <resolution>DUPLICATE</resolution>
          <dup_id>3106</dup_id>
          
          <bug_file_loc></bug_file_loc>
          <status_whiteboard></status_whiteboard>
          <keywords></keywords>
          <priority>P2</priority>
          <bug_severity>normal</bug_severity>
          <target_milestone>---</target_milestone>
          
          
          <everconfirmed>1</everconfirmed>
          <reporter name="Tim Francis">francis</reporter>
          <assigned_to name="DJ Houghton">dj_houghton</assigned_to>
          
          
          <votes>0</votes>

      

      

      

          <long_desc isprivate="0">
            <commentid>27494</commentid>
            <who name="Tim Francis">francis</who>
            <bug_when>2002-02-19 13:45:44 -0500</bug_when>
            <thetext>The InternalBootLoader.initialize() method assumes it can get a valid
filename from the install URL, by calling getFile() on the URL.  This does
not work if the URL (aka, install location) contains a character that needs
escaping in a URL - such as a space.  Older JDKs would return a space, 
but newer JDKs (such as 1.4, and some recent 1.3 refreshes) return a String  
like 
 installURL.getFile()=/C:/program%20files/eclipse/
This is a valid URL, but it cannot be used to construct a File object
(which is what the initialize method does).  The result is that when 
the workbench is installed in a directory with a space (like &quot;Program Files&quot;) 
it will not wok with the newer JDKs.

This is the subject of sunbug 4466485 (see 
http://developer.java.sun.com/developer/bugParade/bugs/4466485.html ), but that 
bug has been closed as working-as-designed, so it appears unlikely to change.

The workaround proposed by sun is to use the URI.getPath() - but java.net.URI 
was only introduced in JDK 1.4, so that will not run on 1.3.  There are a 
couple of places in the InternalBootLoader.initialize() method to fix up (and 
anywhere else in the code that calls &quot;new File(URL.getFile())&quot;.  

The easiest way to reproduce the problem is to download the 1.4 JDK, but I have 
had this reported on 1.3 as well, so we do need to address it now.

Finally, here&apos;s a quick standalone testcase to show the problem - if you move 
the class file from this source into a directory with a space and you have a 
recent JDK) you&apos;ll see the problem.

import java.net.*;
import java.io.*;

public class SpaceTest
{
   public static void main(String[] args)
   {
      try
      {
         SpaceTest instance=new SpaceTest();
         URL url=instance.getClass().getProtectionDomain().getCodeSource
().getLocation();
         System.out.println(&quot;URL=&quot;+url.toString());
         System.out.println(&quot;URL.getFile()=&quot;+url.getFile());

         File file=new File(url.getFile());
         System.out.println(&quot;file=&quot;+file.toString());
         System.out.println(&quot;file.getPath()=&quot;+file.getPath());
         System.out.println(&quot;file.exists()=&quot;+file.exists());

         // Proposed fix from sun, only works on JDK 1.4
         File urifile=new File(new URI(url.toString()).getPath());
         System.out.println(&quot;urifile.getPath()=&quot;+urifile.getPath());
         System.out.println(&quot;urifile.exists()=&quot;+urifile.exists());
      }
      catch(Exception x)
      {
         x.printStackTrace();
      }
   }
}

Output from this testcase:

URL=file:/C:/tmp/with%20space/
URL.getFile()=/C:/tmp/with%20space/
file=C:\tmp\with%20space
file.getPath()=C:\tmp\with%20space
file.exists()=false
urifile.getPath()=C:\tmp\with space
urifile.exists()=true</thetext>
          </long_desc>
          <long_desc isprivate="0">
            <commentid>39136</commentid>
            <who name="DJ Houghton">dj_houghton</who>
            <bug_when>2002-04-05 18:00:15 -0500</bug_when>
            <thetext>

*** This bug has been marked as a duplicate of 3106 ***</thetext>
          </long_desc>
      
      

    </bug>

</bugzilla>