<?xml version="1.0" encoding="UTF-8" standalone="yes" ?>


<bugzilla version="4.2.1"
          urlbase="https://bugs.eclipse.org/bugs/"
          
          maintainer="webmaster@eclipse.org"
>

    <bug>
          <bug_id>10342</bug_id>
          
          <creation_ts>2002-02-26 23:33:00 -0500</creation_ts>
          <short_desc>C++ name scoping</short_desc>
          <delta_ts>2009-01-09 14:09:16 -0500</delta_ts>
          <reporter_accessible>1</reporter_accessible>
          <cclist_accessible>1</cclist_accessible>
          <classification_id>4</classification_id>
          <classification>Tools</classification>
          <product>CDT</product>
          <component>cdt-other</component>
          <version>2.0</version>
          <rep_platform>All</rep_platform>
          <op_sys>All</op_sys>
          <bug_status>RESOLVED</bug_status>
          <resolution>WONTFIX</resolution>
          
          
          <bug_file_loc></bug_file_loc>
          <status_whiteboard></status_whiteboard>
          <keywords></keywords>
          <priority>P2</priority>
          <bug_severity>enhancement</bug_severity>
          <target_milestone>2.0 - Release</target_milestone>
          
          
          <everconfirmed>1</everconfirmed>
          <reporter name="Brian Thomson">thomson</reporter>
          <assigned_to name="Jeff Turnham">turnham</assigned_to>
          <cc>enriquev</cc>
    
    <cc>turnham</cc>
          
          <votes>0</votes>

      

      

      

          <long_desc isprivate="0">
            <commentid>28407</commentid>
            <who name="Brian Thomson">thomson</who>
            <bug_when>2002-02-26 23:33:17 -0500</bug_when>
            <thetext>C++ name scoping.  The parser needs to be able properly handle out-of-block
definitions of things such as member functions.The idea is that the member
function objects should appear in the class they belong to, not in the scope
where their code exists.The important part is that most users will want to get
to both the definition and declaration of the function, so what is the best way
to support this with one function object?</thetext>
          </long_desc>
          <long_desc isprivate="0">
            <commentid>48606</commentid>
            <who name="Jeff Turnham">turnham</who>
            <bug_when>2002-05-01 15:39:53 -0400</bug_when>
            <thetext>*** Bug 7544 has been marked as a duplicate of this bug. ***</thetext>
          </long_desc>
          <long_desc isprivate="0">
            <commentid>61806</commentid>
            <who name="Jeff Turnham">turnham</who>
            <bug_when>2002-05-28 13:29:49 -0400</bug_when>
            <thetext>*** Bug 12176 has been marked as a duplicate of this bug. ***</thetext>
          </long_desc>
          <long_desc isprivate="0">
            <commentid>169049</commentid>
            <who name="Sebastien Marineau">sebastien</who>
            <bug_when>2003-06-25 07:03:46 -0400</bug_when>
            <thetext>This applies to old CDT, closing as part of cleanup.</thetext>
          </long_desc>
      
      

    </bug>

</bugzilla>