<?xml version="1.0" encoding="UTF-8" standalone="yes" ?>


<bugzilla version="4.2.1"
          urlbase="https://bugs.eclipse.org/bugs/"
          
          maintainer="webmaster@eclipse.org"
>

    <bug>
          <bug_id>10460</bug_id>
          
          <creation_ts>2002-02-28 01:41:00 -0500</creation_ts>
          <short_desc>The Compiler can not resolve package level class</short_desc>
          <delta_ts>2002-03-01 04:34:06 -0500</delta_ts>
          <reporter_accessible>1</reporter_accessible>
          <cclist_accessible>1</cclist_accessible>
          <classification_id>2</classification_id>
          <classification>Eclipse</classification>
          <product>JDT</product>
          <component>Core</component>
          <version>2.0</version>
          <rep_platform>PC</rep_platform>
          <op_sys>Windows XP</op_sys>
          <bug_status>RESOLVED</bug_status>
          <resolution>WONTFIX</resolution>
          
          
          <bug_file_loc></bug_file_loc>
          <status_whiteboard></status_whiteboard>
          <keywords></keywords>
          <priority>P1</priority>
          <bug_severity>critical</bug_severity>
          <target_milestone>2.0 M4</target_milestone>
          
          
          <everconfirmed>1</everconfirmed>
          <reporter name="Alex Kwan">erazor_kwan</reporter>
          <assigned_to name="Philippe Mulet">philippe_mulet</assigned_to>
          
          
          <votes>0</votes>

      

      

      

          <long_desc isprivate="0">
            <commentid>29012</commentid>
            <who name="Alex Kwan">erazor_kwan</who>
            <bug_when>2002-02-28 01:41:52 -0500</bug_when>
            <thetext>If u create a class file named Test.java and the file only contains a package 
level class which name is &quot;Test2&quot;. The when you use the class in the same 
package, the compiler will report &quot;Test2 can not be resovle&quot;
such as

in file Test.java

package mytest;

class Test2 {

}

int file Error.java
package mytest;
public class Error {
    public Error() {
        Test2 test2 = new Test2();//This line will trigger this bug
    }
}

When you compile Error.java, the compiler will report Test2 can not be resovle</thetext>
          </long_desc>
          <long_desc isprivate="0">
            <commentid>29033</commentid>
            <who name="Philippe Mulet">philippe_mulet</who>
            <bug_when>2002-02-28 06:24:13 -0500</bug_when>
            <thetext>If you compile Error.java with Test.java on its classpath, then no compiler 
will have the idea to investigate Test when searching for Test2.

Try it with command line compilers and you will see this happening. 

When using the Java builder, then a full build will throw both files in the 
compilation loop simultaneously, and then Test2 will be accessible. But if 
doing an incremental recompilation, then your code is depending on the fact 
that Test.java got processed before Error.java.

Basically, you should not use the secondary type Test2 outside of Test.java, if 
you do then you are exposed to those issues. Either define Test2 inside 
Test2.java or move Test2 definition to Error.java as a secondary type.

</thetext>
          </long_desc>
      
      

    </bug>

</bugzilla>