<?xml version="1.0" encoding="UTF-8" standalone="yes" ?>


<bugzilla version="4.2.1"
          urlbase="https://bugs.eclipse.org/bugs/"
          
          maintainer="webmaster@eclipse.org"
>

    <bug>
          <bug_id>10201</bug_id>
          
          <creation_ts>2002-02-25 15:33:00 -0500</creation_ts>
          <short_desc>Missing title on CVS repository dialog</short_desc>
          <delta_ts>2002-02-25 16:47:28 -0500</delta_ts>
          <reporter_accessible>1</reporter_accessible>
          <cclist_accessible>1</cclist_accessible>
          <classification_id>2</classification_id>
          <classification>Eclipse</classification>
          <product>Platform</product>
          <component>Team</component>
          <version>2.0</version>
          <rep_platform>PC</rep_platform>
          <op_sys>Windows 2000</op_sys>
          <bug_status>RESOLVED</bug_status>
          <resolution>FIXED</resolution>
          
          
          <bug_file_loc></bug_file_loc>
          <status_whiteboard></status_whiteboard>
          <keywords></keywords>
          <priority>P3</priority>
          <bug_severity>normal</bug_severity>
          <target_milestone>---</target_milestone>
          
          
          <everconfirmed>1</everconfirmed>
          <reporter name="Nick Edgar">nick_edgar</reporter>
          <assigned_to name="Kevin McGuire">Kevin_McGuire</assigned_to>
          
          
          <votes>0</votes>

      

      

      

          <long_desc isprivate="0">
            <commentid>27893</commentid>
            <who name="Nick Edgar">nick_edgar</who>
            <bug_when>2002-02-25 15:33:19 -0500</bug_when>
            <thetext>Build 20020214

- go to create a new CVS repository
- the dialog&apos;s title is blank
- &quot;Add a new CVS Repository&quot; is indicated in the message area
- it should be the dialog title instead

It should be consistent with the other wizards.</thetext>
          </long_desc>
          <long_desc isprivate="0">
            <commentid>27928</commentid>
            <who name="James Moody">James_Moody</who>
            <bug_when>2002-02-25 16:47:28 -0500</bug_when>
            <thetext>Fixed. Also fixed our other wizards.</thetext>
          </long_desc>
      
      

    </bug>

</bugzilla>