<?xml version="1.0" encoding="UTF-8" standalone="yes" ?>


<bugzilla version="4.2.1"
          urlbase="https://bugs.eclipse.org/bugs/"
          
          maintainer="webmaster@eclipse.org"
>

    <bug>
          <bug_id>100</bug_id>
          
          <creation_ts>2001-10-10 21:36:00 -0400</creation_ts>
          <short_desc>Would like a way to take a write lock on a team stream when releasing (1GEHQ5X)</short_desc>
          <delta_ts>2001-10-23 23:42:57 -0400</delta_ts>
          <reporter_accessible>1</reporter_accessible>
          <cclist_accessible>1</cclist_accessible>
          <classification_id>2</classification_id>
          <classification>Eclipse</classification>
          <product>Platform</product>
          <component>Team</component>
          <version>2.0</version>
          <rep_platform>All</rep_platform>
          <op_sys>All</op_sys>
          <bug_status>RESOLVED</bug_status>
          <resolution>INVALID</resolution>
          
          
          <bug_file_loc></bug_file_loc>
          <status_whiteboard></status_whiteboard>
          <keywords></keywords>
          <priority>P3</priority>
          <bug_severity>normal</bug_severity>
          <target_milestone>---</target_milestone>
          
          
          <everconfirmed>1</everconfirmed>
          <reporter name="Philippe Mulet">philippe_mulet</reporter>
          <assigned_to name="Jean-Michel Lemieux">jean-michel_lemieux</assigned_to>
          
          
          <votes>1</votes>

      

      

      

          <long_desc isprivate="0">
            <commentid>106</commentid>
            <who name="Philippe Mulet">philippe_mulet</who>
            <bug_when>2001-10-10 21:36:26 -0400</bug_when>
            <thetext>It would be nice to be able to lock the teamstream or the project being 
released into it for the duration of the release process.
This would be intended to prevent another user from catching up with some 
inconsistent state.

NOTES:

KM (5/29/01 3:04:51 PM)
	Yes, we&apos;ld like as well!
	Not supported in June (and not supported in all repos).

BB (6/4/2001 8:19:02 AM)
	Note that CVS does not support locking of a repository at all. Fallback 
is social protocols...</thetext>
          </long_desc>
          <long_desc isprivate="0">
            <commentid>5010</commentid>
            <who name="Jean-Michel Lemieux">jean-michel_lemieux</who>
            <bug_when>2001-10-16 10:22:14 -0400</bug_when>
            <thetext>Can&apos;t be supported in CVS. </thetext>
          </long_desc>
          <long_desc isprivate="0">
            <commentid>6415</commentid>
            <who name="DJ Houghton">dj_houghton</who>
            <bug_when>2001-10-23 23:42:57 -0400</bug_when>
            <thetext>PRODUCT VERSION:
SDK 113

</thetext>
          </long_desc>
      
      

    </bug>

</bugzilla>