<?xml version="1.0" encoding="UTF-8" standalone="yes" ?>


<bugzilla version="4.2.1"
          urlbase="https://bugs.eclipse.org/bugs/"
          
          maintainer="webmaster@eclipse.org"
>

    <bug>
          <bug_id>10636</bug_id>
          
          <creation_ts>2002-03-03 10:15:00 -0500</creation_ts>
          <short_desc>Team CVS/SSH Error reporting weakness</short_desc>
          <delta_ts>2002-03-04 15:35:56 -0500</delta_ts>
          <reporter_accessible>1</reporter_accessible>
          <cclist_accessible>1</cclist_accessible>
          <classification_id>2</classification_id>
          <classification>Eclipse</classification>
          <product>Platform</product>
          <component>Team</component>
          <version>2.0</version>
          <rep_platform>PC</rep_platform>
          <op_sys>Windows 2000</op_sys>
          <bug_status>RESOLVED</bug_status>
          <resolution>FIXED</resolution>
          
          
          <bug_file_loc></bug_file_loc>
          <status_whiteboard></status_whiteboard>
          <keywords></keywords>
          <priority>P3</priority>
          <bug_severity>normal</bug_severity>
          <target_milestone>---</target_milestone>
          
          
          <everconfirmed>1</everconfirmed>
          <reporter name="David Corbin">dcorbin</reporter>
          <assigned_to name="Kevin McGuire">Kevin_McGuire</assigned_to>
          
          
          <votes>0</votes>

      

      

      

          <long_desc isprivate="0">
            <commentid>29611</commentid>
            <who name="David Corbin">dcorbin</who>
            <bug_when>2002-03-03 10:16:00 -0500</bug_when>
            <thetext>I had a new account on sourceforge.  Now, it turns out, that with a new account,
you don&apos;t yet have a home directory and any attempt to access CVS via SSH fails
with &quot;Could not chdir to home directory /home/users/d/dc/dcorbin: No such file
or directory&quot;.  

The eclipse bug is that eclipse reports back that it got an &quot;Unsupported
response Could from server&quot;.  The actual response has been truncated, there is
nothing in the console, or a log file that I could discover. This makes
correcting this configuartion problem very hard to solve/diagnose.

Futhermore, I&apos;d suggest, that do to the popularity of SourceForge as a host for
Eclipse plugins, a FAQ entry somewhere explaining the solution would be handy.</thetext>
          </long_desc>
          <long_desc isprivate="0">
            <commentid>29824</commentid>
            <who name="James Moody">James_Moody</who>
            <bug_when>2002-03-04 11:14:55 -0500</bug_when>
            <thetext>Yes. Our :ext: implementation assumes that any messages are coming from the CVS
server. In this case, the message is coming from the SSH server. Our ext client
should be smarter and properly parse and report this error message properly. In
addition, since this situation is likely to recur, we could detect this message
(or a substring of it) and present a user-friendly message suggesting a solution.</thetext>
          </long_desc>
          <long_desc isprivate="0">
            <commentid>29963</commentid>
            <who name="Michael Valenta">Michael_Valenta</who>
            <bug_when>2002-03-04 15:35:56 -0500</bug_when>
            <thetext>Fixed.

The response will now be: 

Uknown response Could from cvs server: Could not chdir to home 
directory /home/users/d/dc/dcorbin: No such file
or directory</thetext>
          </long_desc>
      
      

    </bug>

</bugzilla>