<?xml version="1.0" encoding="UTF-8" standalone="yes" ?>


<bugzilla version="4.2.1"
          urlbase="https://bugs.eclipse.org/bugs/"
          
          maintainer="webmaster@eclipse.org"
>

    <bug>
          <bug_id>10076</bug_id>
          
          <creation_ts>2002-02-21 13:51:00 -0500</creation_ts>
          <short_desc>Hide &quot;Descriptor For&quot; relationship</short_desc>
          <delta_ts>2003-09-10 08:56:24 -0400</delta_ts>
          <reporter_accessible>1</reporter_accessible>
          <cclist_accessible>1</cclist_accessible>
          <classification_id>4</classification_id>
          <classification>Tools</classification>
          <product>CDT</product>
          <component>cdt-core</component>
          <version>1.0</version>
          <rep_platform>PC</rep_platform>
          <op_sys>Linux</op_sys>
          <bug_status>CLOSED</bug_status>
          <resolution>FIXED</resolution>
          
          
          <bug_file_loc></bug_file_loc>
          <status_whiteboard></status_whiteboard>
          <keywords></keywords>
          <priority>P2</priority>
          <bug_severity>normal</bug_severity>
          <target_milestone>---</target_milestone>
          
          
          <everconfirmed>1</everconfirmed>
          <reporter name="Jeff Turnham">turnham</reporter>
          <assigned_to name="David McKnight">dmcknigh</assigned_to>
          
          
          <votes>0</votes>

      

      

      

          <long_desc isprivate="0">
            <commentid>27604</commentid>
            <who name="Jeff Turnham">turnham</who>
            <bug_when>2002-02-21 13:51:14 -0500</bug_when>
            <thetext>We should probably &quot;hide&quot; the &quot;descriptor for&quot; relationship before we ship 
anything.  Most users wouldn&apos;t know or care what it is.</thetext>
          </long_desc>
          <long_desc isprivate="0">
            <commentid>27684</commentid>
            <who name="David McKnight">dmcknigh</who>
            <bug_when>2002-02-22 12:36:49 -0500</bug_when>
            <thetext>I&apos;ve made that relationship invisible for V2.</thetext>
          </long_desc>
          <long_desc isprivate="0">
            <commentid>185087</commentid>
            <who name="Sebastien Marineau">sebastien</who>
            <bug_when>2003-09-10 08:56:24 -0400</bug_when>
            <thetext>Closing</thetext>
          </long_desc>
      
      

    </bug>

</bugzilla>