<?xml version="1.0" encoding="UTF-8" standalone="yes" ?>


<bugzilla version="4.2.1"
          urlbase="https://bugs.eclipse.org/bugs/"
          
          maintainer="webmaster@eclipse.org"
>

    <bug>
          <bug_id>10033</bug_id>
          
          <creation_ts>2002-02-21 01:58:00 -0500</creation_ts>
          <short_desc>ArrayIndexOutOfBoundsException during startup</short_desc>
          <delta_ts>2002-02-25 11:59:48 -0500</delta_ts>
          <reporter_accessible>1</reporter_accessible>
          <cclist_accessible>1</cclist_accessible>
          <classification_id>2</classification_id>
          <classification>Eclipse</classification>
          <product>Platform</product>
          <component>Resources</component>
          <version>2.0</version>
          <rep_platform>PC</rep_platform>
          <op_sys>Windows 2000</op_sys>
          <bug_status>RESOLVED</bug_status>
          <resolution>DUPLICATE</resolution>
          <dup_id>8762</dup_id>
          
          <bug_file_loc></bug_file_loc>
          <status_whiteboard></status_whiteboard>
          <keywords></keywords>
          <priority>P3</priority>
          <bug_severity>normal</bug_severity>
          <target_milestone>---</target_milestone>
          
          
          <everconfirmed>1</everconfirmed>
          <reporter name="Philippe Mulet">philippe_mulet</reporter>
          <assigned_to name="DJ Houghton">dj_houghton</assigned_to>
          
          
          <votes>0</votes>

      

      

      

          <long_desc isprivate="0">
            <commentid>27553</commentid>
            <who name="Philippe Mulet">philippe_mulet</who>
            <bug_when>2002-02-21 01:58:22 -0500</bug_when>
            <thetext>Build 20020214, jdk1.4

After restarting my workbench, which was supposed to have no changed
resource since I had exited it, it appears to have signified a delta to
the JavaCore which triggered a file for reindexing.

----
Boot URL:
    file:D:/eclipse/sdk/eclipse/plugins/org.eclipse.core.boot/boot.jar
Install URL: file:D:/eclipse/sdk/eclipse/
Debug-Options: file:D:/eclipse/sdk/eclipse/.options
Read registry cache: 20ms
RegistryLoader: Parsed Registry: 1783ms [+1793ms]
Parse and resolve registry: 1943ms
Log: Thu Feb 21 07:56:31 CET 2002
2 org.eclipse.core.runtime 1 Problems encountered loading the plug-in registry.
        1=============&lt;children&gt;=============
        2 org.eclipse.core.runtime 1 Plug-in org.eclipse.vcm.buildtool was 
disabled due to missing or disabled prerequisite plug-in or
pse.vcm.core.
        1=============&lt;/children&gt;=============
[Thread[Thread-1,5,main]] Operation waiting to be executed... :-/
[Thread[Thread-1,5,main]] Operation started... :-)
java.lang.ArrayIndexOutOfBoundsException
        at org.eclipse.core.internal.dtree.DataTreeLookup.newLookup
(DataTreeLookup.java:54)
        at org.eclipse.core.internal.dtree.DeltaDataTree.lookup
(DeltaDataTree.java:705)
        at org.eclipse.core.internal.watson.ElementTree.includes
(ElementTree.java:697)
        at org.eclipse.core.internal.resources.Workspace.getResourceInfo
(Workspace.java:874)
        at org.eclipse.core.internal.resources.Resource.getResourceInfo
(Resource.java:601)
        at org.eclipse.core.internal.resources.Resource.isLocal
(Resource.java:675)
        at 
org.eclipse.jdt.internal.core.search.indexing.AddJarFileToIndex.execute
(AddJarFileToIndex.java:68)
        at org.eclipse.jdt.internal.core.search.processing.JobManager.run
(JobManager.java:287)
        at java.lang.Thread.run(Thread.java:536)
Startup complete: 63471ms
JavaBuilder(Crap) needs building because of changes in: org.eclipse.jdt.core</thetext>
          </long_desc>
          <long_desc isprivate="0">
            <commentid>27838</commentid>
            <who name="John Arthorne">john_arthorne</who>
            <bug_when>2002-02-25 11:59:48 -0500</bug_when>
            <thetext>

*** This bug has been marked as a duplicate of 8762 ***</thetext>
          </long_desc>
      
      

    </bug>

</bugzilla>