<?xml version="1.0" encoding="UTF-8" standalone="yes" ?>


<bugzilla version="4.2.1"
          urlbase="https://bugs.eclipse.org/bugs/"
          
          maintainer="webmaster@eclipse.org"
>

    <bug>
          <bug_id>10148</bug_id>
          
          <creation_ts>2002-02-25 00:09:00 -0500</creation_ts>
          <short_desc>StyledText - Italic font style support</short_desc>
          <delta_ts>2002-09-10 12:49:35 -0400</delta_ts>
          <reporter_accessible>1</reporter_accessible>
          <cclist_accessible>1</cclist_accessible>
          <classification_id>2</classification_id>
          <classification>Eclipse</classification>
          <product>Platform</product>
          <component>SWT</component>
          <version>2.0</version>
          <rep_platform>All</rep_platform>
          <op_sys>All</op_sys>
          <bug_status>RESOLVED</bug_status>
          <resolution>DUPLICATE</resolution>
          <dup_id>4587</dup_id>
          
          <bug_file_loc></bug_file_loc>
          <status_whiteboard></status_whiteboard>
          <keywords></keywords>
          <priority>P5</priority>
          <bug_severity>enhancement</bug_severity>
          <target_milestone>---</target_milestone>
          
          
          <everconfirmed>1</everconfirmed>
          <reporter name="Vladimir Grishchenko">vladgri</reporter>
          <assigned_to name="Lynne Kues">lynne_kues</assigned_to>
          
          
          <votes>0</votes>

      

      

      

          <long_desc isprivate="0">
            <commentid>27762</commentid>
            <who name="Vladimir Grishchenko">vladgri</who>
            <bug_when>2002-02-25 00:09:44 -0500</bug_when>
            <thetext>It would be nice if there was an option to set font style to italic for code 
elements in Java editor. Bold is already there, so adding italic should be 
easy...</thetext>
          </long_desc>
          <long_desc isprivate="0">
            <commentid>28967</commentid>
            <who name="Erich Gamma">erich_gamma</who>
            <bug_when>2002-02-27 18:56:06 -0500</bug_when>
            <thetext>The SWT StyledText widget doesn&apos;t currently support italic.

moving to SWT</thetext>
          </long_desc>
          <long_desc isprivate="0">
            <commentid>29077</commentid>
            <who name="Mike Wilson">Mike_Wilson</who>
            <bug_when>2002-02-28 09:37:08 -0500</bug_when>
            <thetext>Unfortunately, italic is *not* easy. There are a number of issues with text 
measurement of italics as well as kerning at the italic/plain boundaries, etc.

</thetext>
          </long_desc>
          <long_desc isprivate="0">
            <commentid>29274</commentid>
            <who name="Lynne Kues">lynne_kues</who>
            <bug_when>2002-02-28 15:04:40 -0500</bug_when>
            <thetext>Not for this release.  Maybe later.</thetext>
          </long_desc>
          <long_desc isprivate="0">
            <commentid>79023</commentid>
            <who name="Lynne Kues">lynne_kues</who>
            <bug_when>2002-07-08 10:34:43 -0400</bug_when>
            <thetext>Consider later.</thetext>
          </long_desc>
          <long_desc isprivate="0">
            <commentid>90948</commentid>
            <who name="Veronika Irvine">veronika_irvine</who>
            <bug_when>2002-09-10 10:26:11 -0400</bug_when>
            <thetext>Post 2.0. Re-opening bug reports for review.</thetext>
          </long_desc>
          <long_desc isprivate="0">
            <commentid>91167</commentid>
            <who name="Lynne Kues">lynne_kues</who>
            <bug_when>2002-09-10 12:49:35 -0400</bug_when>
            <thetext>

*** This bug has been marked as a duplicate of 4587 ***</thetext>
          </long_desc>
      
      

    </bug>

</bugzilla>