<?xml version="1.0" encoding="UTF-8" standalone="yes" ?>


<bugzilla version="4.2.1"
          urlbase="https://bugs.eclipse.org/bugs/"
          
          maintainer="webmaster@eclipse.org"
>

    <bug>
          <bug_id>10082</bug_id>
          
          <creation_ts>2002-02-21 15:22:00 -0500</creation_ts>
          <short_desc>Replace an open file (local): different behaviour in C/C++ projects view from Navigator</short_desc>
          <delta_ts>2009-01-09 16:55:40 -0500</delta_ts>
          <reporter_accessible>1</reporter_accessible>
          <cclist_accessible>1</cclist_accessible>
          <classification_id>4</classification_id>
          <classification>Tools</classification>
          <product>CDT</product>
          <component>cdt-core</component>
          <version>1.0</version>
          <rep_platform>PC</rep_platform>
          <op_sys>All</op_sys>
          <bug_status>CLOSED</bug_status>
          <resolution>FIXED</resolution>
          
          
          <bug_file_loc></bug_file_loc>
          <status_whiteboard></status_whiteboard>
          <keywords></keywords>
          <priority>P3</priority>
          <bug_severity>normal</bug_severity>
          <target_milestone>---</target_milestone>
          
          
          <everconfirmed>1</everconfirmed>
          <reporter name="Robert Weisz">weisz</reporter>
          <assigned_to name="David McKnight">dmcknigh</assigned_to>
          
          
          <votes>0</votes>

      

      

      

          <long_desc isprivate="0">
            <commentid>27619</commentid>
            <who name="Robert Weisz">weisz</who>
            <bug_when>2002-02-21 15:22:17 -0500</bug_when>
            <thetext>In Navigator, the copy target is a directory, while in C/C++ projects view,
the target can be any file.  
(Also, it doesn&apos;t seem to do the actual copying/overwriting.)</thetext>
          </long_desc>
          <long_desc isprivate="0">
            <commentid>29555</commentid>
            <who name="David McKnight">dmcknigh</who>
            <bug_when>2002-03-01 15:51:59 -0500</bug_when>
            <thetext>We should filter out files when prompting the user for the copy target.   A copy 
to a file will not do anything but a copy to a directory should work. </thetext>
          </long_desc>
          <long_desc isprivate="0">
            <commentid>35556</commentid>
            <who name="David McKnight">dmcknigh</who>
            <bug_when>2002-03-22 10:59:28 -0500</bug_when>
            <thetext>I&apos;ve added the filter so that files should not show.</thetext>
          </long_desc>
          <long_desc isprivate="0">
            <commentid>169252</commentid>
            <who name="Sebastien Marineau">sebastien</who>
            <bug_when>2003-06-25 19:14:23 -0400</bug_when>
            <thetext>Move to version 1</thetext>
          </long_desc>
      
      

    </bug>

</bugzilla>