<?xml version="1.0" encoding="UTF-8" standalone="yes" ?>


<bugzilla version="4.2.1"
          urlbase="https://bugs.eclipse.org/bugs/"
          
          maintainer="webmaster@eclipse.org"
>

    <bug>
          <bug_id>10329</bug_id>
          
          <creation_ts>2002-02-26 22:09:00 -0500</creation_ts>
          <short_desc>Network re-connect.</short_desc>
          <delta_ts>2009-01-12 09:19:52 -0500</delta_ts>
          <reporter_accessible>1</reporter_accessible>
          <cclist_accessible>1</cclist_accessible>
          <classification_id>4</classification_id>
          <classification>Tools</classification>
          <product>CDT</product>
          <component>cdt-other</component>
          <version>2.0</version>
          <rep_platform>All</rep_platform>
          <op_sys>All</op_sys>
          <bug_status>RESOLVED</bug_status>
          <resolution>WONTFIX</resolution>
          
          
          <bug_file_loc></bug_file_loc>
          <status_whiteboard></status_whiteboard>
          <keywords></keywords>
          <priority>P3</priority>
          <bug_severity>enhancement</bug_severity>
          <target_milestone>Future</target_milestone>
          
          
          <everconfirmed>1</everconfirmed>
          <reporter name="Brian Thomson">thomson</reporter>
          <assigned_to name="David McKnight">dmcknigh</assigned_to>
          
          
          <votes>0</votes>

      

      

      

          <long_desc isprivate="0">
            <commentid>28393</commentid>
            <who name="Brian Thomson">thomson</who>
            <bug_when>2002-02-26 22:09:19 -0500</bug_when>
            <thetext>Add the ability for the client and server DataStores to preserve their data and
re-connect after a short period of network downtime.  When the client detects
network failure, it should wait a predetermined amount of time before attempting
to re-connect to the server.  After a certain number of failures, the client
should give up and gracefully clean up it&apos;s meta-information. When the server
detects network failure, it should wait a predetermined amount of time for any
re-connect attempts before shutting down.</thetext>
          </long_desc>
          <long_desc isprivate="0">
            <commentid>53580</commentid>
            <who name="David McKnight">dmcknigh</who>
            <bug_when>2002-05-14 17:27:31 -0400</bug_when>
            <thetext>I&apos;ll have to investigate this a bit to see whether this can be contained in R2.</thetext>
          </long_desc>
          <long_desc isprivate="0">
            <commentid>169058</commentid>
            <who name="Sebastien Marineau">sebastien</who>
            <bug_when>2003-06-25 07:09:04 -0400</bug_when>
            <thetext>This applies to old CDT, closing as part of cleanup.</thetext>
          </long_desc>
      
      

    </bug>

</bugzilla>