<?xml version="1.0" encoding="UTF-8" standalone="yes" ?>


<bugzilla version="4.2.1"
          urlbase="https://bugs.eclipse.org/bugs/"
          
          maintainer="webmaster@eclipse.org"
>

    <bug>
          <bug_id>10043</bug_id>
          
          <creation_ts>2002-02-21 05:38:00 -0500</creation_ts>
          <short_desc>Entering a bug is impossiple when cookies are disabled</short_desc>
          <delta_ts>2003-02-10 17:31:34 -0500</delta_ts>
          <reporter_accessible>1</reporter_accessible>
          <cclist_accessible>1</cclist_accessible>
          <classification_id>2</classification_id>
          <classification>Eclipse</classification>
          <product>Platform</product>
          <component>Doc</component>
          <version>2.0</version>
          <rep_platform>PC</rep_platform>
          <op_sys>Windows 2000</op_sys>
          <bug_status>RESOLVED</bug_status>
          <resolution>WORKSFORME</resolution>
          
          
          <bug_file_loc></bug_file_loc>
          <status_whiteboard></status_whiteboard>
          <keywords></keywords>
          <priority>P3</priority>
          <bug_severity>normal</bug_severity>
          <target_milestone>---</target_milestone>
          
          
          <everconfirmed>1</everconfirmed>
          <reporter name="Wolf Siberski">siberski</reporter>
          <assigned_to name="John Wiegand">John_Wiegand</assigned_to>
          
          
          <votes>0</votes>

      

      

      

          <long_desc isprivate="0">
            <commentid>27563</commentid>
            <who name="Wolf Siberski">siberski</who>
            <bug_when>2002-02-21 05:38:03 -0500</bug_when>
            <thetext>Sorry for creating this bug into an obviously wrong category,
but I didn&apos;t know where to put it.

By default I have disabled cookies. When entering a bug and
pressing commit, I&apos;m lead back to the eclipse bug login page
without any error message. The bug is not created withing mozilla.
IMHO a notice on the bug login page would suffice as
workaround for this &apos;bug&apos;.</thetext>
          </long_desc>
          <long_desc isprivate="0">
            <commentid>129115</commentid>
            <who name="John Wiegand">John_Wiegand</who>
            <bug_when>2003-02-10 17:31:34 -0500</bug_when>
            <thetext>If I re-enter my login information at this point, it will create the bug report 
for me.  I am using IE 6.0.2.  (I do end up entering my user name and password 
two times / defect report).  My assumption is that if you turn off cookies, you 
are a knowledgable browser user, and therefore know how to resolve the 
situation.

I will mark this as WORKSFORME.  Please annotate if you have additional 
information.  

(Sorry for the delay in closing this defect report)</thetext>
          </long_desc>
      
      

    </bug>

</bugzilla>