<?xml version="1.0" encoding="UTF-8" standalone="yes" ?>


<bugzilla version="4.2.1"
          urlbase="https://bugs.eclipse.org/bugs/"
          
          maintainer="webmaster@eclipse.org"
>

    <bug>
          <bug_id>10032</bug_id>
          
          <creation_ts>2002-02-20 21:19:00 -0500</creation_ts>
          <short_desc>Can&apos;t open files in the default directory</short_desc>
          <delta_ts>2002-03-11 10:39:29 -0500</delta_ts>
          <reporter_accessible>1</reporter_accessible>
          <cclist_accessible>1</cclist_accessible>
          <classification_id>2</classification_id>
          <classification>Eclipse</classification>
          <product>JDT</product>
          <component>Debug</component>
          <version>2.0</version>
          <rep_platform>PC</rep_platform>
          <op_sys>Linux</op_sys>
          <bug_status>VERIFIED</bug_status>
          <resolution>FIXED</resolution>
          
          
          <bug_file_loc></bug_file_loc>
          <status_whiteboard></status_whiteboard>
          <keywords></keywords>
          <priority>P3</priority>
          <bug_severity>normal</bug_severity>
          <target_milestone>---</target_milestone>
          
          
          <everconfirmed>1</everconfirmed>
          <reporter name="Darrell Pfeifer">pfeifer</reporter>
          <assigned_to name="Darin Wright">darin.eclipse</assigned_to>
          
          
          <votes>0</votes>

      

      

      

          <long_desc isprivate="0">
            <commentid>27548</commentid>
            <who name="Darrell Pfeifer">pfeifer</who>
            <bug_when>2002-02-20 21:19:44 -0500</bug_when>
            <thetext>With a simple main program that attempts to open a file

BufferedInputStream inStream = new BufferedInputStream(new
FileInputStream(&quot;myFile&quot;));

I get a &quot;file not found&quot;. From a terminal window, changing into the
project&apos;s directory and running java from the command prompt works.
Changing the file string to a full path specification also works.

When the program runs, the properties of the executable show that the java
interpreter is being called with -classpath that looks like the actual
program class file name rather than the program&apos;s directory.

Also, shouldn&apos;t there be a mechanism to change the classpath that is
already being set rather than attempting to add another -classpath as
a VM argument?</thetext>
          </long_desc>
          <long_desc isprivate="0">
            <commentid>27552</commentid>
            <who name="Philippe Mulet">philippe_mulet</who>
            <bug_when>2002-02-21 01:34:15 -0500</bug_when>
            <thetext>Launching issue</thetext>
          </long_desc>
          <long_desc isprivate="0">
            <commentid>31644</commentid>
            <who name="Erich Gamma">erich_gamma</who>
            <bug_when>2002-03-11 10:10:29 -0500</bug_when>
            <thetext>The new launch configuration support allows you to set the working directory 
and the class path. Moving to debug for disposal.</thetext>
          </long_desc>
          <long_desc isprivate="0">
            <commentid>31676</commentid>
            <who name="Darin Wright">darin.eclipse</who>
            <bug_when>2002-03-11 10:39:21 -0500</bug_when>
            <thetext>Fixed with launch configurations.</thetext>
          </long_desc>
          <long_desc isprivate="0">
            <commentid>31677</commentid>
            <who name="Darin Wright">darin.eclipse</who>
            <bug_when>2002-03-11 10:39:29 -0500</bug_when>
            <thetext>Verified.</thetext>
          </long_desc>
      
      

    </bug>

</bugzilla>